payment_id,subscription_id,user_id,payment_date,amount,payment_method,payment_status,invoice_number
1340,691,691,2025-01-01,20,PayPal,Success,INV-001340
5488,2767,2767,2025-01-01,240,UPI,Failed,INV-005488
2713,1339,1339,2025-01-01,20,Bank Transfer,Success,INV-002713
3525,1743,1743,2025-01-01,240,UPI,Success,INV-003525
1220,630,630,2025-01-03,20,Credit Card,Success,INV-001220
828,457,457,2025-01-03,20,Bank Transfer,Success,INV-000828
495,285,285,2025-01-03,20,Bank Transfer,Success,INV-000495
3728,1833,1833,2025-01-03,20,UPI,Success,INV-003728
886,475,475,2025-01-03,600,PayPal,Success,INV-000886
4622,2333,2333,2025-01-04,50,UPI,Success,INV-004622
3126,1561,1561,2025-01-05,20,PayPal,Success,INV-003126
1428,722,722,2025-01-05,20,Bank Transfer,Success,INV-001428
3959,1946,1946,2025-01-05,20,Credit Card,Failed,INV-003959
4094,2030,2030,2025-01-05,20,UPI,Success,INV-004094
55,19,19,2025-01-05,50,Credit Card,Success,INV-000055
5595,2833,2833,2025-01-05,20,UPI,Success,INV-005595
1057,563,563,2025-01-07,20,Credit Card,Success,INV-001057
680,369,369,2025-01-07,50,PayPal,Success,INV-000680
2015,994,994,2025-01-08,600,Credit Card,Success,INV-002015
1922,941,941,2025-01-08,20,UPI,Success,INV-001922
723,394,394,2025-01-08,240,Credit Card,Success,INV-000723
3664,1804,1804,2025-01-08,600,PayPal,Success,INV-003664
809,454,454,2025-01-08,50,Credit Card,Success,INV-000809
3238,1600,1600,2025-01-09,50,PayPal,Success,INV-003238
3407,1682,1682,2025-01-09,50,PayPal,Success,INV-003407
5875,2969,2969,2025-01-09,20,Bank Transfer,Success,INV-005875
4988,2504,2504,2025-01-09,20,Bank Transfer,Success,INV-004988
5128,2586,2586,2025-01-10,240,UPI,Failed,INV-005128
170,78,78,2025-01-10,50,Credit Card,Success,INV-000170
4676,2350,2350,2025-01-11,240,PayPal,Success,INV-004676
4664,2347,2347,2025-01-11,20,Bank Transfer,Success,INV-004664
895,487,487,2025-01-11,50,PayPal,Success,INV-000895
5371,2708,2708,2025-01-12,50,Bank Transfer,Success,INV-005371
217,99,99,2025-01-12,20,Credit Card,Success,INV-000217
550,299,299,2025-01-12,20,PayPal,Success,INV-000550
1858,907,907,2025-01-12,20,Bank Transfer,Success,INV-001858
1274,660,660,2025-01-12,20,PayPal,Success,INV-001274
2439,1196,1196,2025-01-12,20,Credit Card,Failed,INV-002439
4542,2300,2300,2025-01-12,20,PayPal,Success,INV-004542
346,190,190,2025-01-12,50,UPI,Failed,INV-000346
2944,1446,1446,2025-01-12,20,Bank Transfer,Success,INV-002944
2766,1363,1363,2025-01-12,20,UPI,Success,INV-002766
2145,1047,1047,2025-01-13,600,Bank Transfer,Success,INV-002145
1985,979,979,2025-01-13,50,UPI,Success,INV-001985
2814,1380,1380,2025-01-13,20,PayPal,Success,INV-002814
1129,594,594,2025-01-13,20,Credit Card,Success,INV-001129
5436,2734,2734,2025-01-13,50,Bank Transfer,Success,INV-005436
5647,2843,2843,2025-01-13,20,PayPal,Success,INV-005647
1809,892,892,2025-01-14,50,Bank Transfer,Success,INV-001809
5408,2720,2720,2025-01-14,50,Bank Transfer,Success,INV-005408
128,46,46,2025-01-15,240,PayPal,Success,INV-000128
2270,1100,1100,2025-01-15,20,PayPal,Success,INV-002270
1874,910,910,2025-01-15,20,Bank Transfer,Success,INV-001874
1258,651,651,2025-01-16,20,PayPal,Success,INV-001258
3379,1669,1669,2025-01-16,50,Bank Transfer,Success,INV-003379
5565,2817,2817,2025-01-16,20,PayPal,Success,INV-005565
2408,1169,1169,2025-01-17,20,UPI,Success,INV-002408
4526,2285,2285,2025-01-17,240,PayPal,Success,INV-004526
1170,616,616,2025-01-18,20,PayPal,Success,INV-001170
1771,882,882,2025-01-18,20,Bank Transfer,Success,INV-001771
2125,1038,1038,2025-01-18,20,Bank Transfer,Success,INV-002125
764,428,428,2025-01-18,600,Credit Card,Success,INV-000764
4567,2305,2305,2025-01-18,20,UPI,Success,INV-004567
4881,2454,2454,2025-01-19,240,UPI,Success,INV-004881
5663,2848,2848,2025-01-19,50,UPI,Success,INV-005663
2888,1414,1414,2025-01-19,20,UPI,Success,INV-002888
4357,2170,2170,2025-01-19,50,Credit Card,Success,INV-004357
1997,985,985,2025-01-20,20,Credit Card,Success,INV-001997
2626,1298,1298,2025-01-20,20,UPI,Success,INV-002626
5821,2926,2926,2025-01-20,20,Bank Transfer,Success,INV-005821
4806,2417,2417,2025-01-21,20,Bank Transfer,Success,INV-004806
779,439,439,2025-01-21,50,Bank Transfer,Success,INV-000779
1408,718,718,2025-01-21,20,UPI,Success,INV-001408
3166,1567,1567,2025-01-21,20,PayPal,Success,INV-003166
5449,2743,2743,2025-01-22,20,Bank Transfer,Success,INV-005449
3740,1835,1835,2025-01-22,20,PayPal,Success,INV-003740
3442,1696,1696,2025-01-22,20,PayPal,Success,INV-003442
3308,1625,1625,2025-01-23,20,PayPal,Success,INV-003308
2479,1214,1214,2025-01-23,20,UPI,Success,INV-002479
1700,856,856,2025-01-24,50,UPI,Success,INV-001700
2701,1334,1334,2025-01-25,240,PayPal,Success,INV-002701
4606,2318,2318,2025-01-26,20,PayPal,Success,INV-004606
2509,1231,1231,2025-01-26,20,PayPal,Failed,INV-002509
928,498,498,2025-01-26,20,UPI,Success,INV-000928
3031,1499,1499,2025-01-26,20,Bank Transfer,Failed,INV-003031
2912,1425,1425,2025-01-27,20,PayPal,Success,INV-002912
3513,1741,1741,2025-01-27,20,PayPal,Success,INV-003513
4888,2459,2459,2025-01-27,600,UPI,Success,INV-004888
4157,2055,2055,2025-01-27,50,Bank Transfer,Failed,INV-004157
2640,1302,1302,2025-01-27,20,Credit Card,Success,INV-002640
527,291,291,2025-01-27,20,Credit Card,Success,INV-000527
3198,1585,1585,2025-01-28,600,Credit Card,Success,INV-003198
5164,2609,2609,2025-01-28,20,Credit Card,Success,INV-005164
1780,885,885,2025-01-28,20,PayPal,Success,INV-001780
282,135,135,2025-01-28,600,Bank Transfer,Success,INV-000282
4717,2371,2371,2025-01-29,20,PayPal,Success,INV-004717
5147,2600,2600,2025-01-29,20,Bank Transfer,Success,INV-005147
4060,2013,2013,2025-01-30,50,Credit Card,Success,INV-004060
323,172,172,2025-01-31,20,UPI,Success,INV-000323
258,111,111,2025-01-31,600,Credit Card,Success,INV-000258
2781,1369,1369,2025-01-31,20,Credit Card,Success,INV-002781
5737,2880,2880,2025-01-31,20,Bank Transfer,Success,INV-005737
4862,2446,2446,2025-01-31,50,UPI,Success,INV-004862
3,2,2,2025-02-01,20,Bank Transfer,Success,INV-000003
2569,1268,1268,2025-02-01,50,Bank Transfer,Success,INV-002569
400,224,224,2025-02-01,50,Credit Card,Success,INV-000400
2714,1339,1339,2025-02-01,20,UPI,Success,INV-002714
1341,691,691,2025-02-01,20,UPI,Success,INV-001341
3954,1942,1942,2025-02-02,50,Credit Card,Failed,INV-003954
3115,1559,1559,2025-02-02,50,UPI,Success,INV-003115
2399,1164,1164,2025-02-02,600,Bank Transfer,Success,INV-002399
117,38,38,2025-02-02,20,UPI,Success,INV-000117
1758,873,873,2025-02-02,20,Bank Transfer,Success,INV-001758
4861,2444,2444,2025-02-02,600,Bank Transfer,Success,INV-004861
1221,630,630,2025-02-03,20,Credit Card,Success,INV-001221
3729,1833,1833,2025-02-03,20,UPI,Success,INV-003729
829,457,457,2025-02-03,20,UPI,Success,INV-000829
941,500,500,2025-02-03,20,Bank Transfer,Success,INV-000941
496,285,285,2025-02-03,20,Bank Transfer,Success,INV-000496
3608,1786,1786,2025-02-03,20,Bank Transfer,Success,INV-003608
1725,862,862,2025-02-03,20,UPI,Success,INV-001725
4132,2042,2042,2025-02-04,50,Bank Transfer,Success,INV-004132
2927,1440,1440,2025-02-04,240,UPI,Success,INV-002927
5501,2770,2770,2025-02-04,20,Credit Card,Success,INV-005501
4054,2010,2010,2025-02-04,50,Bank Transfer,Success,INV-004054
4623,2333,2333,2025-02-04,50,Credit Card,Success,INV-004623
1329,690,690,2025-02-04,50,UPI,Success,INV-001329
4095,2030,2030,2025-02-05,20,PayPal,Success,INV-004095
5596,2833,2833,2025-02-05,20,UPI,Failed,INV-005596
2099,1028,1028,2025-02-05,20,PayPal,Success,INV-002099
56,19,19,2025-02-05,50,Credit Card,Failed,INV-000056
3127,1561,1561,2025-02-05,20,Bank Transfer,Success,INV-003127
2233,1076,1076,2025-02-05,20,PayPal,Success,INV-002233
4398,2187,2187,2025-02-05,20,UPI,Success,INV-004398
3960,1946,1946,2025-02-05,20,Bank Transfer,Success,INV-003960
5926,2992,2992,2025-02-05,50,Credit Card,Success,INV-005926
1429,722,722,2025-02-05,20,Bank Transfer,Success,INV-001429
424,241,241,2025-02-05,240,PayPal,Success,INV-000424
4423,2202,2202,2025-02-06,600,Bank Transfer,Success,INV-004423
4043,2006,2006,2025-02-07,50,Credit Card,Success,INV-004043
1058,563,563,2025-02-07,20,UPI,Success,INV-001058
681,369,369,2025-02-07,50,UPI,Success,INV-000681
5016,2522,2522,2025-02-07,50,Credit Card,Success,INV-005016
1923,941,941,2025-02-08,20,Bank Transfer,Success,INV-001923
810,454,454,2025-02-08,50,Bank Transfer,Success,INV-000810
3711,1831,1831,2025-02-08,50,UPI,Success,INV-003711
5717,2867,2867,2025-02-08,20,Bank Transfer,Success,INV-005717
4989,2504,2504,2025-02-09,20,Credit Card,Success,INV-004989
3408,1682,1682,2025-02-09,50,PayPal,Success,INV-003408
2295,1104,1104,2025-02-09,50,UPI,Success,INV-002295
3239,1600,1600,2025-02-09,50,PayPal,Success,INV-003239
5876,2969,2969,2025-02-09,20,Bank Transfer,Success,INV-005876
4774,2398,2398,2025-02-10,50,PayPal,Success,INV-004774
4225,2092,2092,2025-02-10,20,Bank Transfer,Success,INV-004225
205,94,94,2025-02-10,50,UPI,Success,INV-000205
171,78,78,2025-02-10,50,Bank Transfer,Success,INV-000171
896,487,487,2025-02-11,50,Credit Card,Success,INV-000896
3216,1596,1596,2025-02-11,20,Credit Card,Success,INV-003216
3020,1498,1498,2025-02-11,20,PayPal,Success,INV-003020
2690,1333,1333,2025-02-11,50,Bank Transfer,Success,INV-002690
4665,2347,2347,2025-02-11,20,Credit Card,Success,INV-004665
5372,2708,2708,2025-02-12,50,Bank Transfer,Success,INV-005372
2767,1363,1363,2025-02-12,20,PayPal,Success,INV-002767
218,99,99,2025-02-12,20,PayPal,Success,INV-000218
1859,907,907,2025-02-12,20,UPI,Success,INV-001859
1275,660,660,2025-02-12,20,UPI,Success,INV-001275
2945,1446,1446,2025-02-12,20,PayPal,Success,INV-002945
2440,1196,1196,2025-02-12,20,PayPal,Success,INV-002440
4543,2300,2300,2025-02-12,20,UPI,Success,INV-004543
551,299,299,2025-02-12,20,PayPal,Success,INV-000551
347,190,190,2025-02-12,50,PayPal,Success,INV-000347
2815,1380,1380,2025-02-13,20,Bank Transfer,Success,INV-002815
2284,1103,1103,2025-02-13,50,UPI,Success,INV-002284
5648,2843,2843,2025-02-13,20,UPI,Success,INV-005648
1502,762,762,2025-02-13,50,PayPal,Success,INV-001502
1130,594,594,2025-02-13,20,Bank Transfer,Success,INV-001130
5437,2734,2734,2025-02-13,50,Credit Card,Success,INV-005437
1986,979,979,2025-02-13,50,PayPal,Success,INV-001986
3060,1513,1513,2025-02-13,50,PayPal,Success,INV-003060
2851,1399,1399,2025-02-14,50,Credit Card,Success,INV-002851
3782,1858,1858,2025-02-14,50,Credit Card,Success,INV-003782
1810,892,892,2025-02-14,50,Credit Card,Success,INV-001810
5409,2720,2720,2025-02-14,50,Bank Transfer,Success,INV-005409
3688,1824,1824,2025-02-14,20,Bank Transfer,Success,INV-003688
1875,910,910,2025-02-15,20,Bank Transfer,Success,INV-001875
1477,750,750,2025-02-15,240,UPI,Success,INV-001477
2271,1100,1100,2025-02-15,20,UPI,Success,INV-002271
5566,2817,2817,2025-02-16,20,Credit Card,Success,INV-005566
3380,1669,1669,2025-02-16,50,Bank Transfer,Failed,INV-003380
3320,1626,1626,2025-02-16,20,PayPal,Success,INV-003320
4954,2483,2483,2025-02-16,50,Bank Transfer,Success,INV-004954
1259,651,651,2025-02-16,20,UPI,Success,INV-001259
3836,1889,1889,2025-02-16,20,Bank Transfer,Success,INV-003836
2071,1022,1022,2025-02-17,50,PayPal,Success,INV-002071
4516,2272,2272,2025-02-17,600,Bank Transfer,Success,INV-004516
2409,1169,1169,2025-02-17,20,Bank Transfer,Success,INV-002409
2146,1051,1051,2025-02-17,20,Bank Transfer,Success,INV-002146
1899,932,932,2025-02-17,20,PayPal,Failed,INV-001899
415,233,233,2025-02-18,50,PayPal,Success,INV-000415
5905,2980,2980,2025-02-18,50,PayPal,Success,INV-005905
845,464,464,2025-02-18,20,PayPal,Success,INV-000845
5897,2976,2976,2025-02-18,20,UPI,Success,INV-005897
4568,2305,2305,2025-02-18,20,UPI,Success,INV-004568
2126,1038,1038,2025-02-18,20,PayPal,Success,INV-002126
2082,1024,1024,2025-02-18,20,UPI,Success,INV-002082
1171,616,616,2025-02-18,20,Bank Transfer,Success,INV-001171
1772,882,882,2025-02-18,20,Bank Transfer,Success,INV-001772
1798,891,891,2025-02-18,20,Credit Card,Success,INV-001798
441,256,256,2025-02-19,240,UPI,Success,INV-000441
4358,2170,2170,2025-02-19,50,PayPal,Success,INV-004358
5664,2848,2848,2025-02-19,50,Bank Transfer,Success,INV-005664
724,396,396,2025-02-19,20,PayPal,Success,INV-000724
3785,1859,1859,2025-02-19,20,PayPal,Success,INV-003785
2889,1414,1414,2025-02-19,20,UPI,Success,INV-002889
1998,985,985,2025-02-20,20,PayPal,Success,INV-001998
302,161,161,2025-02-20,20,Credit Card,Success,INV-000302
856,465,465,2025-02-20,20,Bank Transfer,Success,INV-000856
2627,1298,1298,2025-02-20,20,UPI,Failed,INV-002627
2189,1060,1060,2025-02-20,20,Credit Card,Success,INV-002189
5822,2926,2926,2025-02-20,20,PayPal,Success,INV-005822
4758,2391,2391,2025-02-20,20,PayPal,Success,INV-004758
511,287,287,2025-02-21,20,Credit Card,Success,INV-000511
4807,2417,2417,2025-02-21,20,Credit Card,Success,INV-004807
780,439,439,2025-02-21,50,Bank Transfer,Success,INV-000780
3167,1567,1567,2025-02-21,20,PayPal,Success,INV-003167
1409,718,718,2025-02-21,20,Bank Transfer,Success,INV-001409
2689,1332,1332,2025-02-22,600,Credit Card,Success,INV-002689
2200,1061,1061,2025-02-22,600,Bank Transfer,Success,INV-002200
3741,1835,1835,2025-02-22,20,Bank Transfer,Failed,INV-003741
4941,2478,2478,2025-02-22,50,UPI,Success,INV-004941
5450,2743,2743,2025-02-22,20,Bank Transfer,Success,INV-005450
3443,1696,1696,2025-02-22,20,UPI,Success,INV-003443
2480,1214,1214,2025-02-23,20,Bank Transfer,Success,INV-002480
4192,2068,2068,2025-02-23,50,Bank Transfer,Success,INV-004192
3309,1625,1625,2025-02-23,20,Bank Transfer,Success,INV-003309
5391,2715,2715,2025-02-23,20,Credit Card,Success,INV-005391
1022,544,544,2025-02-23,50,PayPal,Success,INV-001022
414,232,232,2025-02-24,600,UPI,Success,INV-000414
2201,1065,1065,2025-02-24,50,Bank Transfer,Success,INV-002201
3072,1521,1521,2025-02-24,600,PayPal,Success,INV-003072
1701,856,856,2025-02-24,50,PayPal,Success,INV-001701
3155,1566,1566,2025-02-25,50,Credit Card,Success,INV-003155
1689,855,855,2025-02-25,20,PayPal,Success,INV-001689
3502,1740,1740,2025-02-25,20,Bank Transfer,Success,INV-003502
5632,2841,2841,2025-02-26,20,Bank Transfer,Success,INV-005632
3032,1499,1499,2025-02-26,20,PayPal,Success,INV-003032
4607,2318,2318,2025-02-26,20,Bank Transfer,Success,INV-004607
929,498,498,2025-02-26,20,PayPal,Failed,INV-000929
4882,2457,2457,2025-02-26,600,PayPal,Success,INV-004882
2510,1231,1231,2025-02-26,20,UPI,Success,INV-002510
2641,1302,1302,2025-02-27,20,Bank Transfer,Success,INV-002641
4158,2055,2055,2025-02-27,50,Bank Transfer,Success,INV-004158
2913,1425,1425,2025-02-27,20,UPI,Success,INV-002913
528,291,291,2025-02-27,20,Bank Transfer,Success,INV-000528
4531,2288,2288,2025-02-27,600,PayPal,Success,INV-004531
3984,1966,1966,2025-02-27,20,Credit Card,Success,INV-003984
3514,1741,1741,2025-02-27,20,PayPal,Success,INV-003514
1781,885,885,2025-02-28,20,UPI,Success,INV-001781
5148,2600,2600,2025-02-28,20,Credit Card,Success,INV-005148
4211,2080,2080,2025-02-28,50,UPI,Success,INV-004211
2782,1369,1369,2025-02-28,20,PayPal,Success,INV-002782
5165,2609,2609,2025-02-28,20,PayPal,Success,INV-005165
5738,2880,2880,2025-02-28,20,Credit Card,Success,INV-005738
324,172,172,2025-02-28,20,PayPal,Success,INV-000324
4061,2013,2013,2025-02-28,50,UPI,Success,INV-004061
4718,2371,2371,2025-02-28,20,PayPal,Success,INV-004718
4863,2446,2446,2025-02-28,50,UPI,Success,INV-004863
3265,1614,1614,2025-02-28,20,Credit Card,Failed,INV-003265
1342,691,691,2025-03-01,20,PayPal,Success,INV-001342
2250,1090,1090,2025-03-01,50,PayPal,Success,INV-002250
360,192,192,2025-03-01,50,Credit Card,Success,INV-000360
2570,1268,1268,2025-03-01,50,PayPal,Success,INV-002570
401,224,224,2025-03-01,50,UPI,Success,INV-000401
4,2,2,2025-03-01,20,PayPal,Failed,INV-000004
2971,1460,1460,2025-03-01,20,Credit Card,Success,INV-002971
2715,1339,1339,2025-03-01,20,Bank Transfer,Success,INV-002715
3116,1559,1559,2025-03-02,50,Bank Transfer,Success,INV-003116
3955,1942,1942,2025-03-02,50,Bank Transfer,Success,INV-003955
118,38,38,2025-03-02,20,PayPal,Success,INV-000118
1182,619,619,2025-03-02,20,UPI,Success,INV-001182
1759,873,873,2025-03-02,20,Bank Transfer,Success,INV-001759
497,285,285,2025-03-03,20,Credit Card,Failed,INV-000497
3730,1833,1833,2025-03-03,20,Bank Transfer,Success,INV-003730
1726,862,862,2025-03-03,20,Bank Transfer,Success,INV-001726
942,500,500,2025-03-03,20,UPI,Success,INV-000942
830,457,457,2025-03-03,20,Bank Transfer,Success,INV-000830
3609,1786,1786,2025-03-03,20,PayPal,Success,INV-003609
1845,904,904,2025-03-03,50,UPI,Failed,INV-001845
1222,630,630,2025-03-03,20,Bank Transfer,Success,INV-001222
2780,1368,1368,2025-03-04,240,Credit Card,Success,INV-002780
4055,2010,2010,2025-03-04,50,PayPal,Success,INV-004055
2318,1116,1116,2025-03-04,20,Credit Card,Success,INV-002318
4133,2042,2042,2025-03-04,50,PayPal,Success,INV-004133
1330,690,690,2025-03-04,50,UPI,Success,INV-001330
5502,2770,2770,2025-03-04,20,Bank Transfer,Success,INV-005502
4624,2333,2333,2025-03-04,50,Bank Transfer,Success,INV-004624
5345,2702,2702,2025-03-04,20,PayPal,Success,INV-005345
1430,722,722,2025-03-05,20,Credit Card,Success,INV-001430
5597,2833,2833,2025-03-05,20,Bank Transfer,Success,INV-005597
2234,1076,1076,2025-03-05,20,PayPal,Success,INV-002234
4399,2187,2187,2025-03-05,20,Bank Transfer,Success,INV-004399
57,19,19,2025-03-05,50,PayPal,Success,INV-000057
5927,2992,2992,2025-03-05,50,PayPal,Success,INV-005927
4426,2206,2206,2025-03-05,20,UPI,Success,INV-004426
2100,1028,1028,2025-03-05,20,Credit Card,Success,INV-002100
1524,765,765,2025-03-05,20,UPI,Success,INV-001524
4096,2030,2030,2025-03-05,20,PayPal,Success,INV-004096
5001,2510,2510,2025-03-05,20,Credit Card,Success,INV-005001
3128,1561,1561,2025-03-05,20,PayPal,Success,INV-003128
3961,1946,1946,2025-03-05,20,Bank Transfer,Success,INV-003961
5097,2571,2571,2025-03-06,20,Credit Card,Success,INV-005097
4256,2098,2098,2025-03-06,50,PayPal,Success,INV-004256
1059,563,563,2025-03-07,20,Bank Transfer,Success,INV-001059
576,317,317,2025-03-07,50,PayPal,Success,INV-000576
682,369,369,2025-03-07,50,Credit Card,Success,INV-000682
5017,2522,2522,2025-03-07,50,Credit Card,Success,INV-005017
4044,2006,2006,2025-03-07,50,PayPal,Success,INV-004044
811,454,454,2025-03-08,50,Credit Card,Success,INV-000811
5718,2867,2867,2025-03-08,20,Credit Card,Success,INV-005718
5478,2754,2754,2025-03-08,240,Bank Transfer,Success,INV-005478
1924,941,941,2025-03-08,20,UPI,Success,INV-001924
4697,2363,2363,2025-03-08,50,Credit Card,Success,INV-004697
1616,818,818,2025-03-08,20,Credit Card,Success,INV-001616
586,318,318,2025-03-08,50,PayPal,Success,INV-000586
5781,2906,2906,2025-03-08,20,Credit Card,Success,INV-005781
3712,1831,1831,2025-03-08,50,Bank Transfer,Success,INV-003712
5627,2839,2839,2025-03-08,50,PayPal,Success,INV-005627
3145,1565,1565,2025-03-08,20,UPI,Success,INV-003145
3215,1595,1595,2025-03-08,240,Bank Transfer,Success,INV-003215
4478,2248,2248,2025-03-09,240,UPI,Success,INV-004478
5079,2564,2564,2025-03-09,50,PayPal,Success,INV-005079
1160,609,609,2025-03-09,20,PayPal,Failed,INV-001160
3409,1682,1682,2025-03-09,50,Credit Card,Success,INV-003409
3240,1600,1600,2025-03-09,50,Credit Card,Success,INV-003240
5877,2969,2969,2025-03-09,20,UPI,Success,INV-005877
4990,2504,2504,2025-03-09,20,Credit Card,Success,INV-004990
2296,1104,1104,2025-03-09,50,Bank Transfer,Success,INV-002296
448,263,263,2025-03-10,20,Credit Card,Success,INV-000448
172,78,78,2025-03-10,50,UPI,Failed,INV-000172
3767,1855,1855,2025-03-10,20,PayPal,Success,INV-003767
206,94,94,2025-03-10,50,PayPal,Success,INV-000206
4775,2398,2398,2025-03-10,50,UPI,Success,INV-004775
2282,1101,1101,2025-03-10,20,Bank Transfer,Success,INV-002282
4111,2034,2034,2025-03-10,50,Credit Card,Success,INV-004111
1540,774,774,2025-03-10,600,PayPal,Success,INV-001540
1486,757,757,2025-03-10,20,UPI,Success,INV-001486
4226,2092,2092,2025-03-10,20,PayPal,Success,INV-004226
2338,1123,1123,2025-03-10,50,PayPal,Success,INV-002338
1241,639,639,2025-03-10,50,Credit Card,Success,INV-001241
2428,1181,1181,2025-03-11,20,Bank Transfer,Success,INV-002428
3217,1596,1596,2025-03-11,20,Bank Transfer,Success,INV-003217
107,37,37,2025-03-11,20,UPI,Failed,INV-000107
3021,1498,1498,2025-03-11,20,PayPal,Success,INV-003021
2691,1333,1333,2025-03-11,50,PayPal,Success,INV-002691
3254,1606,1606,2025-03-11,20,PayPal,Success,INV-003254
1073,568,568,2025-03-11,20,Credit Card,Success,INV-001073
897,487,487,2025-03-11,50,Credit Card,Success,INV-000897
4666,2347,2347,2025-03-11,20,Credit Card,Success,INV-004666
1860,907,907,2025-03-12,20,PayPal,Success,INV-001860
1276,660,660,2025-03-12,20,Credit Card,Success,INV-001276
5373,2708,2708,2025-03-12,50,Credit Card,Success,INV-005373
2441,1196,1196,2025-03-12,20,PayPal,Success,INV-002441
348,190,190,2025-03-12,50,PayPal,Success,INV-000348
4544,2300,2300,2025-03-12,20,Bank Transfer,Success,INV-004544
2768,1363,1363,2025-03-12,20,Bank Transfer,Success,INV-002768
552,299,299,2025-03-12,20,PayPal,Success,INV-000552
2946,1446,1446,2025-03-12,20,Credit Card,Success,INV-002946
219,99,99,2025-03-12,20,PayPal,Success,INV-000219
2260,1092,1092,2025-03-12,240,Bank Transfer,Success,INV-002260
5649,2843,2843,2025-03-13,20,PayPal,Success,INV-005649
641,346,346,2025-03-13,600,Bank Transfer,Success,INV-000641
2816,1380,1380,2025-03-13,20,PayPal,Success,INV-002816
1131,594,594,2025-03-13,20,Credit Card,Success,INV-001131
1987,979,979,2025-03-13,50,UPI,Success,INV-001987
1503,762,762,2025-03-13,50,Bank Transfer,Success,INV-001503
2285,1103,1103,2025-03-13,50,Credit Card,Success,INV-002285
3061,1513,1513,2025-03-13,50,Bank Transfer,Success,INV-003061
5438,2734,2734,2025-03-13,50,UPI,Success,INV-005438
2852,1399,1399,2025-03-14,50,Bank Transfer,Success,INV-002852
3783,1858,1858,2025-03-14,50,PayPal,Success,INV-003783
5384,2711,2711,2025-03-14,50,Bank Transfer,Success,INV-005384
2385,1153,1153,2025-03-14,20,UPI,Success,INV-002385
3689,1824,1824,2025-03-14,20,PayPal,Success,INV-003689
1811,892,892,2025-03-14,50,Credit Card,Success,INV-001811
1192,620,620,2025-03-14,20,Credit Card,Success,INV-001192
5410,2720,2720,2025-03-14,50,Credit Card,Success,INV-005410
4182,2066,2066,2025-03-15,20,PayPal,Success,INV-004182
2272,1100,1100,2025-03-15,20,UPI,Success,INV-002272
2024,1002,1002,2025-03-15,20,UPI,Success,INV-002024
1876,910,910,2025-03-15,20,Bank Transfer,Success,INV-001876
1260,651,651,2025-03-16,20,Bank Transfer,Success,INV-001260
5567,2817,2817,2025-03-16,20,PayPal,Success,INV-005567
3837,1889,1889,2025-03-16,20,Bank Transfer,Success,INV-003837
4955,2483,2483,2025-03-16,50,Credit Card,Success,INV-004955
3321,1626,1626,2025-03-16,20,UPI,Success,INV-003321
3381,1669,1669,2025-03-16,50,Bank Transfer,Success,INV-003381
5293,2681,2681,2025-03-17,240,PayPal,Success,INV-005293
2147,1051,1051,2025-03-17,20,PayPal,Success,INV-002147
412,230,230,2025-03-17,600,PayPal,Success,INV-000412
2072,1022,1022,2025-03-17,50,Bank Transfer,Success,INV-002072
1900,932,932,2025-03-17,20,PayPal,Success,INV-001900
2410,1169,1169,2025-03-17,20,PayPal,Success,INV-002410
5792,2909,2909,2025-03-17,20,Bank Transfer,Success,INV-005792
4707,2368,2368,2025-03-17,20,PayPal,Success,INV-004707
4569,2305,2305,2025-03-18,20,PayPal,Success,INV-004569
287,149,149,2025-03-18,20,PayPal,Success,INV-000287
2127,1038,1038,2025-03-18,20,Bank Transfer,Success,INV-002127
416,233,233,2025-03-18,50,UPI,Success,INV-000416
846,464,464,2025-03-18,20,PayPal,Success,INV-000846
5335,2700,2700,2025-03-18,50,Bank Transfer,Success,INV-005335
2083,1024,1024,2025-03-18,20,Credit Card,Success,INV-002083
5898,2976,2976,2025-03-18,20,UPI,Success,INV-005898
1651,835,835,2025-03-18,20,PayPal,Failed,INV-001651
5906,2980,2980,2025-03-18,50,PayPal,Success,INV-005906
2315,1108,1108,2025-03-18,240,UPI,Success,INV-002315
1172,616,616,2025-03-18,20,PayPal,Success,INV-001172
1799,891,891,2025-03-18,20,Credit Card,Success,INV-001799
3786,1859,1859,2025-03-19,20,UPI,Success,INV-003786
5061,2553,2553,2025-03-19,50,PayPal,Success,INV-005061
4359,2170,2170,2025-03-19,50,PayPal,Success,INV-004359
725,396,396,2025-03-19,20,Credit Card,Success,INV-000725
4953,2481,2481,2025-03-19,240,Credit Card,Success,INV-004953
1142,603,603,2025-03-19,20,UPI,Success,INV-001142
2703,1337,1337,2025-03-19,50,PayPal,Success,INV-002703
3556,1763,1763,2025-03-19,20,PayPal,Success,INV-003556
5259,2657,2657,2025-03-19,20,Credit Card,Success,INV-005259
2890,1414,1414,2025-03-19,20,Credit Card,Success,INV-002890
4759,2391,2391,2025-03-20,20,UPI,Success,INV-004759
2190,1060,1060,2025-03-20,20,PayPal,Success,INV-002190
1398,715,715,2025-03-20,20,PayPal,Success,INV-001398
4748,2389,2389,2025-03-20,20,Bank Transfer,Success,INV-004748
3545,1755,1755,2025-03-20,20,UPI,Success,INV-003545
1999,985,985,2025-03-20,20,PayPal,Success,INV-001999
5823,2926,2926,2025-03-20,20,UPI,Success,INV-005823
2174,1056,1056,2025-03-20,50,Credit Card,Success,INV-002174
303,161,161,2025-03-20,20,PayPal,Success,INV-000303
2628,1298,1298,2025-03-20,20,PayPal,Success,INV-002628
857,465,465,2025-03-20,20,Credit Card,Success,INV-000857
5000,2505,2505,2025-03-20,600,Bank Transfer,Success,INV-005000
1837,900,900,2025-03-21,240,UPI,Success,INV-001837
781,439,439,2025-03-21,50,PayPal,Success,INV-000781
4808,2417,2417,2025-03-21,20,PayPal,Success,INV-004808
3168,1567,1567,2025-03-21,20,PayPal,Success,INV-003168
702,380,380,2025-03-21,50,UPI,Success,INV-000702
1637,831,831,2025-03-21,50,Credit Card,Failed,INV-001637
1410,718,718,2025-03-21,20,Credit Card,Success,INV-001410
512,287,287,2025-03-21,20,PayPal,Success,INV-000512
3283,1618,1618,2025-03-22,50,Bank Transfer,Success,INV-003283
5524,2784,2784,2025-03-22,20,UPI,Success,INV-005524
5451,2743,2743,2025-03-22,20,Bank Transfer,Success,INV-005451
163,76,76,2025-03-22,50,Credit Card,Success,INV-000163
2219,1072,1072,2025-03-22,20,Credit Card,Success,INV-002219
4942,2478,2478,2025-03-22,50,UPI,Success,INV-004942
3444,1696,1696,2025-03-22,20,Bank Transfer,Success,INV-003444
999,523,523,2025-03-22,50,PayPal,Success,INV-000999
3742,1835,1835,2025-03-22,20,Bank Transfer,Success,INV-003742
5392,2715,2715,2025-03-23,20,PayPal,Failed,INV-005392
2481,1214,1214,2025-03-23,20,Credit Card,Success,INV-002481
1023,544,544,2025-03-23,50,Credit Card,Success,INV-001023
142,59,59,2025-03-23,20,Bank Transfer,Success,INV-000142
4193,2068,2068,2025-03-23,50,Bank Transfer,Success,INV-004193
2568,1267,1267,2025-03-23,240,PayPal,Success,INV-002568
876,471,471,2025-03-23,20,Credit Card,Success,INV-000876
3310,1625,1625,2025-03-23,20,Credit Card,Success,INV-003310
3885,1927,1927,2025-03-24,50,Credit Card,Success,INV-003885
1702,856,856,2025-03-24,50,Bank Transfer,Success,INV-001702
2202,1065,1065,2025-03-24,50,PayPal,Success,INV-002202
3356,1643,1643,2025-03-24,240,Bank Transfer,Success,INV-003356
5137,2598,2598,2025-03-24,20,UPI,Success,INV-005137
1514,764,764,2025-03-24,50,Credit Card,Success,INV-001514
4594,2315,2315,2025-03-25,50,Bank Transfer,Success,INV-004594
1360,701,701,2025-03-25,20,UPI,Success,INV-001360
3156,1566,1566,2025-03-25,50,Credit Card,Success,INV-003156
3921,1936,1936,2025-03-25,20,Credit Card,Success,INV-003921
1690,855,855,2025-03-25,20,PayPal,Success,INV-001690
3503,1740,1740,2025-03-25,20,PayPal,Success,INV-003503
4004,1968,1968,2025-03-26,20,Credit Card,Success,INV-004004
3033,1499,1499,2025-03-26,20,Credit Card,Success,INV-003033
3852,1908,1908,2025-03-26,600,Credit Card,Success,INV-003852
5633,2841,2841,2025-03-26,20,PayPal,Success,INV-005633
4608,2318,2318,2025-03-26,20,Bank Transfer,Success,INV-004608
930,498,498,2025-03-26,20,Credit Card,Success,INV-000930
2511,1231,1231,2025-03-26,20,Bank Transfer,Success,INV-002511
5193,2630,2630,2025-03-26,240,Credit Card,Success,INV-005193
529,291,291,2025-03-27,20,PayPal,Success,INV-000529
4159,2055,2055,2025-03-27,50,UPI,Success,INV-004159
2914,1425,1425,2025-03-27,20,UPI,Success,INV-002914
3985,1966,1966,2025-03-27,20,Credit Card,Success,INV-003985
3515,1741,1741,2025-03-27,20,UPI,Success,INV-003515
2642,1302,1302,2025-03-27,20,UPI,Success,INV-002642
3347,1642,1642,2025-03-27,50,PayPal,Success,INV-003347
3944,1941,1941,2025-03-27,50,PayPal,Success,INV-003944
5739,2880,2880,2025-03-28,20,UPI,Success,INV-005739
1782,885,885,2025-03-28,20,PayPal,Success,INV-001782
2164,1053,1053,2025-03-28,50,PayPal,Success,INV-002164
4212,2080,2080,2025-03-28,50,UPI,Success,INV-004212
4062,2013,2013,2025-03-28,50,UPI,Success,INV-004062
4719,2371,2371,2025-03-28,20,Credit Card,Success,INV-004719
1047,561,561,2025-03-28,20,PayPal,Success,INV-001047
4864,2446,2446,2025-03-28,50,Bank Transfer,Success,INV-004864
5149,2600,2600,2025-03-28,20,Bank Transfer,Success,INV-005149
3266,1614,1614,2025-03-28,20,Credit Card,Success,INV-003266
2783,1369,1369,2025-03-28,20,UPI,Success,INV-002783
325,172,172,2025-03-28,20,Bank Transfer,Success,INV-000325
5166,2609,2609,2025-03-28,20,PayPal,Success,INV-005166
5468,2753,2753,2025-03-29,50,PayPal,Success,INV-005468
2877,1409,1409,2025-03-29,50,PayPal,Success,INV-002877
3895,1928,1928,2025-03-29,50,Bank Transfer,Success,INV-003895
4504,2266,2266,2025-03-30,20,Bank Transfer,Success,INV-004504
1600,809,809,2025-03-31,20,PayPal,Success,INV-001600
4646,2340,2340,2025-03-31,20,UPI,Success,INV-004646
3722,1832,1832,2025-03-31,20,Bank Transfer,Success,INV-003722
649,359,359,2025-04-01,20,Bank Transfer,Success,INV-000649
2716,1339,1339,2025-04-01,20,Credit Card,Success,INV-002716
402,224,224,2025-04-01,50,PayPal,Success,INV-000402
5,2,2,2025-04-01,20,Credit Card,Success,INV-000005
3655,1801,1801,2025-04-01,20,UPI,Success,INV-003655
2571,1268,1268,2025-04-01,50,Credit Card,Success,INV-002571
361,192,192,2025-04-01,50,Credit Card,Success,INV-000361
1343,691,691,2025-04-01,20,UPI,Success,INV-001343
2251,1090,1090,2025-04-01,50,UPI,Success,INV-002251
2972,1460,1460,2025-04-01,20,Credit Card,Success,INV-002972
1760,873,873,2025-04-02,20,PayPal,Success,INV-001760
98,33,33,2025-04-02,240,Bank Transfer,Success,INV-000098
3956,1942,1942,2025-04-02,50,Credit Card,Success,INV-003956
3117,1559,1559,2025-04-02,50,UPI,Success,INV-003117
4416,2197,2197,2025-04-02,240,PayPal,Success,INV-004416
119,38,38,2025-04-02,20,PayPal,Success,INV-000119
3393,1676,1676,2025-04-02,20,UPI,Success,INV-003393
1183,619,619,2025-04-02,20,UPI,Success,INV-001183
1727,862,862,2025-04-03,20,Credit Card,Success,INV-001727
2842,1398,1398,2025-04-03,20,Credit Card,Success,INV-002842
5852,2950,2950,2025-04-03,20,UPI,Success,INV-005852
943,500,500,2025-04-03,20,Credit Card,Success,INV-000943
3610,1786,1786,2025-04-03,20,Credit Card,Success,INV-003610
498,285,285,2025-04-03,20,Credit Card,Success,INV-000498
1223,630,630,2025-04-03,20,UPI,Success,INV-001223
4932,2477,2477,2025-04-03,20,Credit Card,Success,INV-004932
74,26,26,2025-04-03,50,UPI,Success,INV-000074
3731,1833,1833,2025-04-03,20,PayPal,Success,INV-003731
1846,904,904,2025-04-03,50,Credit Card,Success,INV-001846
831,457,457,2025-04-03,20,Credit Card,Success,INV-000831
2319,1116,1116,2025-04-04,20,UPI,Success,INV-002319
4479,2249,2249,2025-04-04,50,Bank Transfer,Success,INV-004479
4056,2010,2010,2025-04-04,50,Credit Card,Success,INV-004056
4275,2103,2103,2025-04-04,240,Bank Transfer,Success,INV-004275
4625,2333,2333,2025-04-04,50,Bank Transfer,Success,INV-004625
5346,2702,2702,2025-04-04,20,UPI,Success,INV-005346
4134,2042,2042,2025-04-04,50,Bank Transfer,Success,INV-004134
5682,2853,2853,2025-04-04,50,Credit Card,Success,INV-005682
1331,690,690,2025-04-04,50,Bank Transfer,Success,INV-001331
1955,968,968,2025-04-04,20,UPI,Success,INV-001955
4637,2337,2337,2025-04-05,50,Bank Transfer,Failed,INV-004637
4427,2206,2206,2025-04-05,20,UPI,Success,INV-004427
3129,1561,1561,2025-04-05,20,UPI,Success,INV-003129
3962,1946,1946,2025-04-05,20,Bank Transfer,Success,INV-003962
1431,722,722,2025-04-05,20,Bank Transfer,Success,INV-001431
5002,2510,2510,2025-04-05,20,Credit Card,Success,INV-005002
1749,868,868,2025-04-05,240,PayPal,Success,INV-001749
2235,1076,1076,2025-04-05,20,UPI,Success,INV-002235
1553,794,794,2025-04-05,20,Credit Card,Failed,INV-001553
5618,2837,2837,2025-04-05,50,Bank Transfer,Success,INV-005618
5928,2992,2992,2025-04-05,50,UPI,Success,INV-005928
5598,2833,2833,2025-04-05,20,Bank Transfer,Success,INV-005598
4097,2030,2030,2025-04-05,20,Credit Card,Success,INV-004097
2101,1028,1028,2025-04-05,20,Bank Transfer,Success,INV-002101
2985,1470,1470,2025-04-05,50,Credit Card,Success,INV-002985
4400,2187,2187,2025-04-05,20,PayPal,Success,INV-004400
58,19,19,2025-04-05,50,UPI,Success,INV-000058
1525,765,765,2025-04-05,20,Credit Card,Success,INV-001525
5212,2644,2644,2025-04-06,50,Credit Card,Success,INV-005212
442,259,259,2025-04-06,240,Credit Card,Success,INV-000442
1388,707,707,2025-04-06,50,Credit Card,Success,INV-001388
5098,2571,2571,2025-04-06,20,Bank Transfer,Success,INV-005098
5315,2696,2696,2025-04-06,20,UPI,Success,INV-005315
5119,2581,2581,2025-04-06,20,Credit Card,Success,INV-005119
2358,1133,1133,2025-04-06,20,PayPal,Success,INV-002358
4257,2098,2098,2025-04-06,50,UPI,Success,INV-004257
983,521,521,2025-04-06,20,PayPal,Success,INV-000983
5363,2705,2705,2025-04-06,600,PayPal,Success,INV-005363
1273,655,655,2025-04-06,240,PayPal,Success,INV-001273
4839,2435,2435,2025-04-06,20,Bank Transfer,Success,INV-004839
2677,1324,1324,2025-04-06,20,Credit Card,Success,INV-002677
2229,1074,1074,2025-04-07,50,Bank Transfer,Success,INV-002229
17,6,6,2025-04-07,600,Credit Card,Success,INV-000017
683,369,369,2025-04-07,50,PayPal,Success,INV-000683
1083,572,572,2025-04-07,50,Bank Transfer,Success,INV-001083
1060,563,563,2025-04-07,20,Credit Card,Success,INV-001060
4045,2006,2006,2025-04-07,50,UPI,Success,INV-004045
577,317,317,2025-04-07,50,PayPal,Success,INV-000577
5018,2522,2522,2025-04-07,50,Credit Card,Success,INV-005018
1898,930,930,2025-04-07,600,Credit Card,Success,INV-001898
1617,818,818,2025-04-08,20,Credit Card,Failed,INV-001617
3713,1831,1831,2025-04-08,50,Bank Transfer,Success,INV-003713
5448,2740,2740,2025-04-08,240,PayPal,Success,INV-005448
812,454,454,2025-04-08,50,UPI,Success,INV-000812
3799,1864,1864,2025-04-08,240,Bank Transfer,Success,INV-003799
1114,585,585,2025-04-08,20,UPI,Success,INV-001114
5719,2867,2867,2025-04-08,20,Bank Transfer,Success,INV-005719
2859,1403,1403,2025-04-08,20,UPI,Failed,INV-002859
5782,2906,2906,2025-04-08,20,PayPal,Success,INV-005782
587,318,318,2025-04-08,50,PayPal,Success,INV-000587
3146,1565,1565,2025-04-08,20,Credit Card,Success,INV-003146
4698,2363,2363,2025-04-08,50,Bank Transfer,Success,INV-004698
5628,2839,2839,2025-04-08,50,Credit Card,Success,INV-005628
1942,955,955,2025-04-08,50,UPI,Success,INV-001942
1925,941,941,2025-04-08,20,UPI,Success,INV-001925
3241,1600,1600,2025-04-09,50,UPI,Success,INV-003241
2061,1014,1014,2025-04-09,600,Credit Card,Success,INV-002061
1161,609,609,2025-04-09,20,PayPal,Success,INV-001161
5080,2564,2564,2025-04-09,50,UPI,Success,INV-005080
2751,1352,1352,2025-04-09,20,Bank Transfer,Success,INV-002751
371,194,194,2025-04-09,20,UPI,Success,INV-000371
5878,2969,2969,2025-04-09,20,UPI,Success,INV-005878
2297,1104,1104,2025-04-09,50,Credit Card,Success,INV-002297
3848,1897,1897,2025-04-09,600,PayPal,Success,INV-003848
612,329,329,2025-04-09,50,Bank Transfer,Success,INV-000612
4991,2504,2504,2025-04-09,20,Bank Transfer,Success,INV-004991
5728,2874,2874,2025-04-09,20,Credit Card,Failed,INV-005728
3410,1682,1682,2025-04-09,50,PayPal,Success,INV-003410
4776,2398,2398,2025-04-10,50,PayPal,Success,INV-004776
4227,2092,2092,2025-04-10,20,Bank Transfer,Success,INV-004227
2339,1123,1123,2025-04-10,50,Credit Card,Success,INV-002339
449,263,263,2025-04-10,20,Credit Card,Success,INV-000449
1316,684,684,2025-04-10,20,PayPal,Success,INV-001316
4112,2034,2034,2025-04-10,50,PayPal,Success,INV-004112
207,94,94,2025-04-10,50,Credit Card,Success,INV-000207
1242,639,639,2025-04-10,50,Bank Transfer,Success,INV-001242
1487,757,757,2025-04-10,20,UPI,Success,INV-001487
173,78,78,2025-04-10,50,UPI,Success,INV-000173
2283,1101,1101,2025-04-10,20,PayPal,Success,INV-002283
3768,1855,1855,2025-04-10,20,Bank Transfer,Success,INV-003768
1451,738,738,2025-04-10,20,UPI,Success,INV-001451
898,487,487,2025-04-11,50,UPI,Success,INV-000898
5178,2619,2619,2025-04-11,240,Bank Transfer,Success,INV-005178
3218,1596,1596,2025-04-11,20,Credit Card,Success,INV-003218
3022,1498,1498,2025-04-11,20,Credit Card,Success,INV-003022
5078,2560,2560,2025-04-11,240,Bank Transfer,Success,INV-005078
108,37,37,2025-04-11,20,Bank Transfer,Failed,INV-000108
430,253,253,2025-04-11,600,PayPal,Success,INV-000430
2429,1181,1181,2025-04-11,20,UPI,Failed,INV-002429
2692,1333,1333,2025-04-11,50,Bank Transfer,Success,INV-002692
1074,568,568,2025-04-11,20,PayPal,Success,INV-001074
4667,2347,2347,2025-04-11,20,UPI,Failed,INV-004667
3255,1606,1606,2025-04-11,20,PayPal,Success,INV-003255
3062,1514,1514,2025-04-11,20,PayPal,Success,INV-003062
4377,2183,2183,2025-04-11,20,Credit Card,Success,INV-004377
1277,660,660,2025-04-12,20,Credit Card,Success,INV-001277
3357,1648,1648,2025-04-12,600,Bank Transfer,Success,INV-003357
5374,2708,2708,2025-04-12,50,Credit Card,Success,INV-005374
2769,1363,1363,2025-04-12,20,PayPal,Success,INV-002769
2947,1446,1446,2025-04-12,20,Credit Card,Success,INV-002947
5759,2893,2893,2025-04-12,20,UPI,Success,INV-005759
750,406,406,2025-04-12,20,UPI,Failed,INV-000750
553,299,299,2025-04-12,20,Bank Transfer,Success,INV-000553
4545,2300,2300,2025-04-12,20,Credit Card,Failed,INV-004545
349,190,190,2025-04-12,50,UPI,Failed,INV-000349
220,99,99,2025-04-12,20,Credit Card,Success,INV-000220
1861,907,907,2025-04-12,20,PayPal,Success,INV-001861
2442,1196,1196,2025-04-12,20,PayPal,Success,INV-002442
562,300,300,2025-04-13,20,Bank Transfer,Success,INV-000562
5439,2734,2734,2025-04-13,50,Credit Card,Success,INV-005439
5273,2664,2664,2025-04-13,20,Bank Transfer,Success,INV-005273
2286,1103,1103,2025-04-13,50,Credit Card,Success,INV-002286
1132,594,594,2025-04-13,20,PayPal,Success,INV-001132
5650,2843,2843,2025-04-13,20,UPI,Success,INV-005650
1988,979,979,2025-04-13,50,PayPal,Success,INV-001988
1504,762,762,2025-04-13,50,Credit Card,Success,INV-001504
2817,1380,1380,2025-04-13,20,UPI,Success,INV-002817
1465,744,744,2025-04-13,50,UPI,Success,INV-001465
5411,2720,2720,2025-04-14,50,UPI,Success,INV-005411
5385,2711,2711,2025-04-14,50,Credit Card,Success,INV-005385
2386,1153,1153,2025-04-14,20,Bank Transfer,Success,INV-002386
3690,1824,1824,2025-04-14,20,Credit Card,Success,INV-003690
915,491,491,2025-04-14,50,Credit Card,Success,INV-000915
5355,2703,2703,2025-04-14,20,Credit Card,Success,INV-005355
3784,1858,1858,2025-04-14,50,UPI,Success,INV-003784
1812,892,892,2025-04-14,50,Bank Transfer,Success,INV-001812
2853,1399,1399,2025-04-14,50,UPI,Success,INV-002853
1193,620,620,2025-04-14,20,Bank Transfer,Success,INV-001193
3205,1590,1590,2025-04-14,50,Credit Card,Success,INV-003205
894,483,483,2025-04-14,240,UPI,Success,INV-000894
5226,2647,2647,2025-04-15,50,UPI,Success,INV-005226
4183,2066,2066,2025-04-15,20,PayPal,Success,INV-004183
3876,1925,1925,2025-04-15,20,Bank Transfer,Success,INV-003876
990,522,522,2025-04-15,20,UPI,Success,INV-000990
1877,910,910,2025-04-15,20,PayPal,Success,INV-001877
263,132,132,2025-04-15,50,Credit Card,Success,INV-000263
2273,1100,1100,2025-04-15,20,Bank Transfer,Success,INV-002273
3931,1937,1937,2025-04-15,20,Bank Transfer,Success,INV-003931
2025,1002,1002,2025-04-15,20,PayPal,Success,INV-002025
3382,1669,1669,2025-04-16,50,PayPal,Success,INV-003382
3838,1889,1889,2025-04-16,20,Bank Transfer,Success,INV-003838
4956,2483,2483,2025-04-16,50,Credit Card,Success,INV-004956
5534,2786,2786,2025-04-16,240,PayPal,Success,INV-005534
1825,898,898,2025-04-16,50,Bank Transfer,Failed,INV-001825
99,34,34,2025-04-16,50,UPI,Failed,INV-000099
3322,1626,1626,2025-04-16,20,Credit Card,Success,INV-003322
1261,651,651,2025-04-16,20,Credit Card,Success,INV-001261
5568,2817,2817,2025-04-16,20,Bank Transfer,Success,INV-005568
799,446,446,2025-04-16,240,Bank Transfer,Success,INV-000799
1770,877,877,2025-04-16,600,UPI,Failed,INV-001770
4708,2368,2368,2025-04-17,20,UPI,Failed,INV-004708
1901,932,932,2025-04-17,20,Credit Card,Success,INV-001901
2073,1022,1022,2025-04-17,50,Credit Card,Success,INV-002073
5793,2909,2909,2025-04-17,20,PayPal,Success,INV-005793
2148,1051,1051,2025-04-17,20,Credit Card,Success,INV-002148
1675,850,850,2025-04-17,240,UPI,Success,INV-001675
2411,1169,1169,2025-04-17,20,Credit Card,Success,INV-002411
847,464,464,2025-04-18,20,PayPal,Success,INV-000847
4570,2305,2305,2025-04-18,20,Bank Transfer,Success,INV-004570
1173,616,616,2025-04-18,20,Bank Transfer,Success,INV-001173
417,233,233,2025-04-18,50,PayPal,Success,INV-000417
5336,2700,2700,2025-04-18,50,Credit Card,Success,INV-005336
1800,891,891,2025-04-18,20,Bank Transfer,Success,INV-001800
2084,1024,1024,2025-04-18,20,PayPal,Success,INV-002084
288,149,149,2025-04-18,20,Bank Transfer,Success,INV-000288
5586,2829,2829,2025-04-18,20,Credit Card,Success,INV-005586
4974,2490,2490,2025-04-18,20,UPI,Success,INV-004974
5899,2976,2976,2025-04-18,20,PayPal,Success,INV-005899
2128,1038,1038,2025-04-18,20,Credit Card,Success,INV-002128
1652,835,835,2025-04-18,20,PayPal,Success,INV-001652
5907,2980,2980,2025-04-18,50,Bank Transfer,Success,INV-005907
571,303,303,2025-04-19,20,PayPal,Success,INV-000571
2891,1414,1414,2025-04-19,20,Bank Transfer,Success,INV-002891
3429,1689,1689,2025-04-19,20,PayPal,Success,INV-003429
1143,603,603,2025-04-19,20,Bank Transfer,Success,INV-001143
726,396,396,2025-04-19,20,PayPal,Success,INV-000726
5260,2657,2657,2025-04-19,20,PayPal,Success,INV-005260
5062,2553,2553,2025-04-19,50,PayPal,Success,INV-005062
5306,2686,2686,2025-04-19,600,UPI,Success,INV-005306
3557,1763,1763,2025-04-19,20,Credit Card,Success,INV-003557
5577,2823,2823,2025-04-19,20,Credit Card,Success,INV-005577
4360,2170,2170,2025-04-19,50,PayPal,Success,INV-004360
3787,1859,1859,2025-04-19,20,UPI,Success,INV-003787
2704,1337,1337,2025-04-19,50,PayPal,Success,INV-002704
5824,2926,2926,2025-04-20,20,Credit Card,Success,INV-005824
304,161,161,2025-04-20,20,Credit Card,Success,INV-000304
272,133,133,2025-04-20,20,Bank Transfer,Success,INV-000272
3546,1755,1755,2025-04-20,20,Bank Transfer,Success,INV-003546
2191,1060,1060,2025-04-20,20,Credit Card,Success,INV-002191
4760,2391,2391,2025-04-20,20,UPI,Success,INV-004760
1399,715,715,2025-04-20,20,Bank Transfer,Success,INV-001399
2175,1056,1056,2025-04-20,50,UPI,Success,INV-002175
2629,1298,1298,2025-04-20,20,Credit Card,Success,INV-002629
2000,985,985,2025-04-20,20,Bank Transfer,Success,INV-002000
858,465,465,2025-04-20,20,UPI,Success,INV-000858
4749,2389,2389,2025-04-20,20,UPI,Success,INV-004749
3346,1637,1637,2025-04-20,240,Bank Transfer,Success,INV-003346
5611,2835,2835,2025-04-21,600,Credit Card,Success,INV-005611
2317,1113,1113,2025-04-21,600,Credit Card,Success,INV-002317
4809,2417,2417,2025-04-21,20,UPI,Success,INV-004809
3169,1567,1567,2025-04-21,20,Credit Card,Success,INV-003169
1638,831,831,2025-04-21,50,Credit Card,Success,INV-001638
4208,2073,2073,2025-04-21,600,PayPal,Success,INV-004208
703,380,380,2025-04-21,50,UPI,Success,INV-000703
782,439,439,2025-04-21,50,Bank Transfer,Success,INV-000782
1411,718,718,2025-04-21,20,Bank Transfer,Success,INV-001411
513,287,287,2025-04-21,20,Credit Card,Success,INV-000513
5458,2746,2746,2025-04-21,20,Bank Transfer,Success,INV-005458
164,76,76,2025-04-22,50,PayPal,Success,INV-000164
5525,2784,2784,2025-04-22,20,Bank Transfer,Success,INV-005525
4943,2478,2478,2025-04-22,50,Credit Card,Success,INV-004943
5282,2666,2666,2025-04-22,20,Bank Transfer,Success,INV-005282
2660,1308,1308,2025-04-22,50,Credit Card,Success,INV-002660
3445,1696,1696,2025-04-22,20,PayPal,Success,INV-003445
3284,1618,1618,2025-04-22,50,Credit Card,Success,INV-003284
333,173,173,2025-04-22,20,UPI,Success,INV-000333
1000,523,523,2025-04-22,50,UPI,Success,INV-001000
5452,2743,2743,2025-04-22,20,Bank Transfer,Success,INV-005452
3806,1869,1869,2025-04-22,20,Bank Transfer,Success,INV-003806
2220,1072,1072,2025-04-22,20,Bank Transfer,Success,INV-002220
3743,1835,1835,2025-04-22,20,UPI,Success,INV-003743
2116,1037,1037,2025-04-22,20,UPI,Success,INV-002116
4078,2023,2023,2025-04-23,600,UPI,Success,INV-004078
877,471,471,2025-04-23,20,PayPal,Success,INV-000877
1024,544,544,2025-04-23,50,PayPal,Success,INV-001024
3311,1625,1625,2025-04-23,20,UPI,Success,INV-003311
4194,2068,2068,2025-04-23,50,UPI,Failed,INV-004194
5393,2715,2715,2025-04-23,20,UPI,Success,INV-005393
2034,1004,1004,2025-04-23,20,Bank Transfer,Success,INV-002034
4489,2252,2252,2025-04-23,240,Credit Card,Failed,INV-004489
2613,1290,1290,2025-04-23,240,UPI,Success,INV-002613
2482,1214,1214,2025-04-23,20,UPI,Success,INV-002482
143,59,59,2025-04-23,20,PayPal,Success,INV-000143
3886,1927,1927,2025-04-24,50,Credit Card,Success,INV-003886
5138,2598,2598,2025-04-24,20,Credit Card,Success,INV-005138
1703,856,856,2025-04-24,50,UPI,Success,INV-001703
2203,1065,1065,2025-04-24,50,Credit Card,Success,INV-002203
4618,2321,2321,2025-04-24,600,Bank Transfer,Success,INV-004618
1379,705,705,2025-04-24,20,Credit Card,Success,INV-001379
1515,764,764,2025-04-24,50,Bank Transfer,Success,INV-001515
2731,1343,1343,2025-04-24,20,Credit Card,Success,INV-002731
867,469,469,2025-04-25,50,Bank Transfer,Success,INV-000867
4595,2315,2315,2025-04-25,50,Bank Transfer,Success,INV-004595
484,281,281,2025-04-25,20,PayPal,Success,INV-000484
3478,1722,1722,2025-04-25,20,Bank Transfer,Success,INV-003478
3922,1936,1936,2025-04-25,20,UPI,Success,INV-003922
1691,855,855,2025-04-25,20,Bank Transfer,Success,INV-001691
3157,1566,1566,2025-04-25,50,Credit Card,Success,INV-003157
1361,701,701,2025-04-25,20,Credit Card,Success,INV-001361
3504,1740,1740,2025-04-25,20,Credit Card,Success,INV-003504
3034,1499,1499,2025-04-26,20,UPI,Success,INV-003034
4280,2112,2112,2025-04-26,20,Bank Transfer,Success,INV-004280
2512,1231,1231,2025-04-26,20,Credit Card,Success,INV-002512
1202,623,623,2025-04-26,20,PayPal,Success,INV-001202
4609,2318,2318,2025-04-26,20,Credit Card,Success,INV-004609
4455,2220,2220,2025-04-26,20,UPI,Success,INV-004455
5634,2841,2841,2025-04-26,20,Bank Transfer,Success,INV-005634
931,498,498,2025-04-26,20,Credit Card,Success,INV-000931
4005,1968,1968,2025-04-26,20,PayPal,Success,INV-004005
3106,1547,1547,2025-04-27,20,Credit Card,Success,INV-003106
541,298,298,2025-04-27,50,UPI,Success,INV-000541
3516,1741,1741,2025-04-27,20,Bank Transfer,Success,INV-003516
432,255,255,2025-04-27,20,Credit Card,Success,INV-000432
4160,2055,2055,2025-04-27,50,PayPal,Success,INV-004160
530,291,291,2025-04-27,20,UPI,Success,INV-000530
240,107,107,2025-04-27,20,UPI,Success,INV-000240
2643,1302,1302,2025-04-27,20,Bank Transfer,Success,INV-002643
5038,2535,2535,2025-04-27,50,PayPal,Success,INV-005038
3348,1642,1642,2025-04-27,50,UPI,Success,INV-003348
3945,1941,1941,2025-04-27,50,PayPal,Success,INV-003945
2915,1425,1425,2025-04-27,20,Credit Card,Success,INV-002915
3986,1966,1966,2025-04-27,20,PayPal,Success,INV-003986
3267,1614,1614,2025-04-28,20,Credit Card,Success,INV-003267
4720,2371,2371,2025-04-28,20,UPI,Success,INV-004720
5150,2600,2600,2025-04-28,20,Bank Transfer,Success,INV-005150
4213,2080,2080,2025-04-28,50,Credit Card,Success,INV-004213
4865,2446,2446,2025-04-28,50,Bank Transfer,Success,INV-004865
2165,1053,1053,2025-04-28,50,UPI,Success,INV-002165
3862,1918,1918,2025-04-28,50,Credit Card,Success,INV-003862
1097,576,576,2025-04-28,20,PayPal,Success,INV-001097
4063,2013,2013,2025-04-28,50,UPI,Success,INV-004063
326,172,172,2025-04-28,20,Credit Card,Success,INV-000326
5740,2880,2880,2025-04-28,20,Bank Transfer,Success,INV-005740
2784,1369,1369,2025-04-28,20,Credit Card,Success,INV-002784
1048,561,561,2025-04-28,20,UPI,Failed,INV-001048
1783,885,885,2025-04-28,20,UPI,Success,INV-001783
5167,2609,2609,2025-04-28,20,PayPal,Success,INV-005167
3364,1654,1654,2025-04-29,20,Bank Transfer,Success,INV-003364
2878,1409,1409,2025-04-29,50,UPI,Success,INV-002878
3896,1928,1928,2025-04-29,50,UPI,Success,INV-003896
5937,2994,2994,2025-04-29,20,PayPal,Success,INV-005937
5469,2753,2753,2025-04-29,50,Bank Transfer,Success,INV-005469
1576,802,802,2025-04-30,50,Bank Transfer,Success,INV-001576
3995,1967,1967,2025-04-30,50,Bank Transfer,Success,INV-003995
4647,2340,2340,2025-04-30,20,PayPal,Success,INV-004647
3006,1490,1490,2025-04-30,50,UPI,Success,INV-003006
4505,2266,2266,2025-04-30,20,Bank Transfer,Success,INV-004505
4266,2101,2101,2025-04-30,50,Credit Card,Success,INV-004266
345,188,188,2025-04-30,240,UPI,Success,INV-000345
3293,1620,1620,2025-04-30,50,Credit Card,Success,INV-003293
3723,1832,1832,2025-04-30,20,UPI,Success,INV-003723
4584,2308,2308,2025-04-30,20,Bank Transfer,Success,INV-004584
1601,809,809,2025-04-30,20,Bank Transfer,Success,INV-001601
4231,2094,2094,2025-05-01,20,Credit Card,Success,INV-004231
2252,1090,1090,2025-05-01,50,Credit Card,Success,INV-002252
2572,1268,1268,2025-05-01,50,Bank Transfer,Success,INV-002572
3656,1801,1801,2025-05-01,20,PayPal,Success,INV-003656
2505,1226,1226,2025-05-01,240,PayPal,Success,INV-002505
2717,1339,1339,2025-05-01,20,Credit Card,Success,INV-002717
1344,691,691,2025-05-01,20,Credit Card,Success,INV-001344
2973,1460,1460,2025-05-01,20,Credit Card,Success,INV-002973
403,224,224,2025-05-01,50,Bank Transfer,Success,INV-000403
6,2,2,2025-05-01,20,UPI,Success,INV-000006
650,359,359,2025-05-01,20,UPI,Success,INV-000650
494,284,284,2025-05-01,240,Credit Card,Success,INV-000494
362,192,192,2025-05-01,50,PayPal,Failed,INV-000362
3118,1559,1559,2025-05-02,50,UPI,Success,INV-003118
120,38,38,2025-05-02,20,PayPal,Success,INV-000120
3394,1676,1676,2025-05-02,20,Bank Transfer,Success,INV-003394
1184,619,619,2025-05-02,20,Bank Transfer,Success,INV-001184
1761,873,873,2025-05-02,20,UPI,Success,INV-001761
832,457,457,2025-05-03,20,PayPal,Success,INV-000832
944,500,500,2025-05-03,20,Bank Transfer,Success,INV-000944
2843,1398,1398,2025-05-03,20,Bank Transfer,Success,INV-002843
1847,904,904,2025-05-03,50,Bank Transfer,Success,INV-001847
499,285,285,2025-05-03,20,PayPal,Success,INV-000499
75,26,26,2025-05-03,50,UPI,Success,INV-000075
38,14,14,2025-05-03,20,PayPal,Failed,INV-000038
4933,2477,2477,2025-05-03,20,Credit Card,Success,INV-004933
1728,862,862,2025-05-03,20,PayPal,Success,INV-001728
1224,630,630,2025-05-03,20,Bank Transfer,Success,INV-001224
3611,1786,1786,2025-05-03,20,UPI,Success,INV-003611
5853,2950,2950,2025-05-03,20,Bank Transfer,Success,INV-005853
3732,1833,1833,2025-05-03,20,Bank Transfer,Success,INV-003732
4169,2059,2059,2025-05-04,240,Bank Transfer,Success,INV-004169
5347,2702,2702,2025-05-04,20,PayPal,Failed,INV-005347
5683,2853,2853,2025-05-04,50,PayPal,Success,INV-005683
4626,2333,2333,2025-05-04,50,Credit Card,Success,INV-004626
4480,2249,2249,2025-05-04,50,UPI,Success,INV-004480
1332,690,690,2025-05-04,50,Credit Card,Success,INV-001332
2320,1116,1116,2025-05-04,20,Credit Card,Success,INV-002320
4135,2042,2042,2025-05-04,50,Credit Card,Success,INV-004135
1956,968,968,2025-05-04,20,PayPal,Success,INV-001956
5929,2992,2992,2025-05-05,50,PayPal,Success,INV-005929
1526,765,765,2025-05-05,20,PayPal,Success,INV-001526
90,30,30,2025-05-05,50,Bank Transfer,Success,INV-000090
2236,1076,1076,2025-05-05,20,UPI,Success,INV-002236
4428,2206,2206,2025-05-05,20,Credit Card,Success,INV-004428
1432,722,722,2025-05-05,20,Bank Transfer,Success,INV-001432
3940,1938,1938,2025-05-05,20,UPI,Success,INV-003940
4247,2096,2096,2025-05-05,50,PayPal,Success,INV-004247
5775,2904,2904,2025-05-05,240,UPI,Success,INV-005775
2102,1028,1028,2025-05-05,20,Credit Card,Success,INV-002102
5003,2510,2510,2025-05-05,20,PayPal,Success,INV-005003
3963,1946,1946,2025-05-05,20,Bank Transfer,Success,INV-003963
5599,2833,2833,2025-05-05,20,UPI,Success,INV-005599
2986,1470,1470,2025-05-05,50,PayPal,Success,INV-002986
59,19,19,2025-05-05,50,Bank Transfer,Success,INV-000059
5619,2837,2837,2025-05-05,50,Credit Card,Success,INV-005619
3189,1579,1579,2025-05-05,20,Credit Card,Success,INV-003189
5709,2864,2864,2025-05-05,20,Credit Card,Success,INV-005709
4401,2187,2187,2025-05-05,20,UPI,Success,INV-004401
4098,2030,2030,2025-05-05,20,Bank Transfer,Success,INV-004098
3130,1561,1561,2025-05-05,20,PayPal,Success,INV-003130
1554,794,794,2025-05-05,20,Credit Card,Success,INV-001554
4638,2337,2337,2025-05-05,50,Credit Card,Success,INV-004638
5316,2696,2696,2025-05-06,20,Credit Card,Success,INV-005316
4840,2435,2435,2025-05-06,20,Bank Transfer,Success,INV-004840
984,521,521,2025-05-06,20,UPI,Success,INV-000984
2984,1468,1468,2025-05-06,240,UPI,Success,INV-002984
5213,2644,2644,2025-05-06,50,Credit Card,Success,INV-005213
2359,1133,1133,2025-05-06,20,Credit Card,Success,INV-002359
5120,2581,2581,2025-05-06,20,UPI,Success,INV-005120
5099,2571,2571,2025-05-06,20,Bank Transfer,Success,INV-005099
4258,2098,2098,2025-05-06,50,Credit Card,Success,INV-004258
3632,1795,1795,2025-05-06,50,PayPal,Success,INV-003632
2678,1324,1324,2025-05-06,20,PayPal,Success,INV-002678
1389,707,707,2025-05-06,50,Credit Card,Success,INV-001389
2230,1074,1074,2025-05-07,50,UPI,Success,INV-002230
411,226,226,2025-05-07,240,PayPal,Success,INV-000411
5019,2522,2522,2025-05-07,50,UPI,Success,INV-005019
4046,2006,2006,2025-05-07,50,PayPal,Success,INV-004046
1061,563,563,2025-05-07,20,PayPal,Success,INV-001061
684,369,369,2025-05-07,50,Bank Transfer,Success,INV-000684
3227,1597,1597,2025-05-07,20,Credit Card,Success,INV-003227
578,317,317,2025-05-07,50,PayPal,Success,INV-000578
3654,1800,1800,2025-05-07,600,Credit Card,Success,INV-003654
1084,572,572,2025-05-07,50,Bank Transfer,Success,INV-001084
5720,2867,2867,2025-05-08,20,PayPal,Success,INV-005720
1943,955,955,2025-05-08,50,UPI,Success,INV-001943
2800,1376,1376,2025-05-08,20,UPI,Success,INV-002800
1926,941,941,2025-05-08,20,PayPal,Success,INV-001926
2860,1403,1403,2025-05-08,20,Credit Card,Success,INV-002860
5629,2839,2839,2025-05-08,50,Credit Card,Success,INV-005629
4699,2363,2363,2025-05-08,50,Bank Transfer,Success,INV-004699
5783,2906,2906,2025-05-08,20,Credit Card,Success,INV-005783
3147,1565,1565,2025-05-08,20,Bank Transfer,Success,INV-003147
1618,818,818,2025-05-08,20,UPI,Success,INV-001618
1152,608,608,2025-05-08,20,PayPal,Success,INV-001152
1115,585,585,2025-05-08,20,UPI,Success,INV-001115
3714,1831,1831,2025-05-08,50,UPI,Success,INV-003714
2463,1202,1202,2025-05-08,50,Bank Transfer,Failed,INV-002463
4239,2095,2095,2025-05-08,20,PayPal,Success,INV-004239
2530,1247,1247,2025-05-08,20,PayPal,Success,INV-002530
588,318,318,2025-05-08,50,UPI,Success,INV-000588
813,454,454,2025-05-08,50,Bank Transfer,Success,INV-000813
2139,1043,1043,2025-05-08,50,Credit Card,Success,INV-002139
1162,609,609,2025-05-09,20,Credit Card,Success,INV-001162
4992,2504,2504,2025-05-09,20,Bank Transfer,Success,INV-004992
5729,2874,2874,2025-05-09,20,PayPal,Failed,INV-005729
2298,1104,1104,2025-05-09,50,Credit Card,Failed,INV-002298
3242,1600,1600,2025-05-09,50,PayPal,Success,INV-003242
5879,2969,2969,2025-05-09,20,Bank Transfer,Success,INV-005879
613,329,329,2025-05-09,50,Credit Card,Success,INV-000613
3411,1682,1682,2025-05-09,50,Credit Card,Success,INV-003411
2752,1352,1352,2025-05-09,20,UPI,Success,INV-002752
372,194,194,2025-05-09,20,Bank Transfer,Success,INV-000372
5081,2564,2564,2025-05-09,50,UPI,Success,INV-005081
3905,1931,1931,2025-05-09,20,UPI,Success,INV-003905
2416,1173,1173,2025-05-09,600,Bank Transfer,Success,INV-002416
5307,2690,2690,2025-05-09,20,PayPal,Success,INV-005307
413,231,231,2025-05-10,240,Bank Transfer,Success,INV-000413
1585,807,807,2025-05-10,50,PayPal,Success,INV-001585
4113,2034,2034,2025-05-10,50,Bank Transfer,Success,INV-004113
208,94,94,2025-05-10,50,PayPal,Success,INV-000208
4777,2398,2398,2025-05-10,50,UPI,Success,INV-004777
4228,2092,2092,2025-05-10,20,Credit Card,Success,INV-004228
174,78,78,2025-05-10,50,PayPal,Success,INV-000174
152,66,66,2025-05-10,600,Bank Transfer,Success,INV-000152
1488,757,757,2025-05-10,20,Bank Transfer,Success,INV-001488
1243,639,639,2025-05-10,50,PayPal,Success,INV-001243
1452,738,738,2025-05-10,20,UPI,Failed,INV-001452
450,263,263,2025-05-10,20,PayPal,Success,INV-000450
2340,1123,1123,2025-05-10,50,PayPal,Success,INV-002340
3769,1855,1855,2025-05-10,20,Bank Transfer,Success,INV-003769
1317,684,684,2025-05-10,20,UPI,Success,INV-001317
2430,1181,1181,2025-05-11,20,Bank Transfer,Success,INV-002430
4378,2183,2183,2025-05-11,20,Credit Card,Success,INV-004378
109,37,37,2025-05-11,20,Credit Card,Success,INV-000109
3063,1514,1514,2025-05-11,20,Bank Transfer,Success,INV-003063
3219,1596,1596,2025-05-11,20,Bank Transfer,Success,INV-003219
1075,568,568,2025-05-11,20,Credit Card,Success,INV-001075
3023,1498,1498,2025-05-11,20,UPI,Success,INV-003023
2451,1197,1197,2025-05-11,20,Bank Transfer,Success,INV-002451
4668,2347,2347,2025-05-11,20,PayPal,Success,INV-004668
2693,1333,1333,2025-05-11,50,Bank Transfer,Success,INV-002693
3256,1606,1606,2025-05-11,20,Bank Transfer,Failed,INV-003256
899,487,487,2025-05-11,50,Credit Card,Success,INV-000899
1930,942,942,2025-05-12,50,Bank Transfer,Success,INV-001930
350,190,190,2025-05-12,50,UPI,Success,INV-000350
2948,1446,1446,2025-05-12,20,Credit Card,Success,INV-002948
3861,1912,1912,2025-05-12,600,Credit Card,Success,INV-003861
2443,1196,1196,2025-05-12,20,Bank Transfer,Success,INV-002443
3646,1798,1798,2025-05-12,20,PayPal,Success,INV-003646
1278,660,660,2025-05-12,20,Credit Card,Success,INV-001278
2770,1363,1363,2025-05-12,20,Bank Transfer,Success,INV-002770
1862,907,907,2025-05-12,20,Bank Transfer,Success,INV-001862
5760,2893,2893,2025-05-12,20,Credit Card,Success,INV-005760
751,406,406,2025-05-12,20,UPI,Success,INV-000751
5375,2708,2708,2025-05-12,50,Bank Transfer,Success,INV-005375
221,99,99,2025-05-12,20,Credit Card,Success,INV-000221
4546,2300,2300,2025-05-12,20,Credit Card,Success,INV-004546
554,299,299,2025-05-12,20,PayPal,Success,INV-000554
4474,2231,2231,2025-05-12,600,Credit Card,Success,INV-004474
3178,1571,1571,2025-05-13,50,Bank Transfer,Success,INV-003178
4894,2461,2461,2025-05-13,20,Credit Card,Success,INV-004894
1505,762,762,2025-05-13,50,Credit Card,Success,INV-001505
1133,594,594,2025-05-13,20,PayPal,Success,INV-001133
1466,744,744,2025-05-13,50,PayPal,Success,INV-001466
5274,2664,2664,2025-05-13,20,Credit Card,Success,INV-005274
563,300,300,2025-05-13,20,Bank Transfer,Success,INV-000563
4656,2344,2344,2025-05-13,50,Credit Card,Success,INV-004656
5440,2734,2734,2025-05-13,50,Bank Transfer,Success,INV-005440
2818,1380,1380,2025-05-13,20,Bank Transfer,Success,INV-002818
2287,1103,1103,2025-05-13,50,Bank Transfer,Success,INV-002287
5651,2843,2843,2025-05-13,20,Bank Transfer,Success,INV-005651
1941,953,953,2025-05-14,600,Bank Transfer,Success,INV-001941
46,16,16,2025-05-14,50,Bank Transfer,Success,INV-000046
4295,2124,2124,2025-05-14,20,PayPal,Success,INV-004295
5356,2703,2703,2025-05-14,20,Credit Card,Success,INV-005356
2615,1293,1293,2025-05-14,20,Credit Card,Success,INV-002615
2586,1276,1276,2025-05-14,50,UPI,Success,INV-002586
2387,1153,1153,2025-05-14,20,PayPal,Success,INV-002387
1194,620,620,2025-05-14,20,PayPal,Success,INV-001194
1371,703,703,2025-05-14,20,PayPal,Success,INV-001371
3206,1590,1590,2025-05-14,50,Bank Transfer,Success,INV-003206
1420,721,721,2025-05-14,50,UPI,Success,INV-001420
2854,1399,1399,2025-05-14,50,Bank Transfer,Success,INV-002854
5412,2720,2720,2025-05-14,50,UPI,Success,INV-005412
1813,892,892,2025-05-14,50,UPI,Failed,INV-001813
3691,1824,1824,2025-05-14,20,Credit Card,Success,INV-003691
4156,2049,2049,2025-05-14,600,Bank Transfer,Success,INV-004156
5386,2711,2711,2025-05-14,50,Bank Transfer,Success,INV-005386
916,491,491,2025-05-14,50,UPI,Success,INV-000916
264,132,132,2025-05-15,50,Bank Transfer,Success,INV-000264
313,163,163,2025-05-15,20,UPI,Success,INV-000313
3877,1925,1925,2025-05-15,20,Credit Card,Success,INV-003877
2400,1165,1165,2025-05-15,20,Credit Card,Success,INV-002400
3932,1937,1937,2025-05-15,20,Credit Card,Success,INV-003932
1878,910,910,2025-05-15,20,PayPal,Success,INV-001878
5227,2647,2647,2025-05-15,50,PayPal,Success,INV-005227
2026,1002,1002,2025-05-15,20,PayPal,Success,INV-002026
2924,1431,1431,2025-05-15,600,Credit Card,Success,INV-002924
991,522,522,2025-05-15,20,UPI,Success,INV-000991
4184,2066,2066,2025-05-15,20,Credit Card,Success,INV-004184
2274,1100,1100,2025-05-15,20,Bank Transfer,Success,INV-002274
3839,1889,1889,2025-05-16,20,UPI,Success,INV-003839
4957,2483,2483,2025-05-16,50,PayPal,Failed,INV-004957
1262,651,651,2025-05-16,20,PayPal,Success,INV-001262
3323,1626,1626,2025-05-16,20,Credit Card,Success,INV-003323
5569,2817,2817,2025-05-16,20,PayPal,Success,INV-005569
3383,1669,1669,2025-05-16,50,Credit Card,Success,INV-003383
1826,898,898,2025-05-16,50,UPI,Success,INV-001826
100,34,34,2025-05-16,50,UPI,Success,INV-000100
3676,1816,1816,2025-05-17,20,Credit Card,Success,INV-003676
4709,2368,2368,2025-05-17,20,Bank Transfer,Success,INV-004709
2493,1217,1217,2025-05-17,20,UPI,Success,INV-002493
1902,932,932,2025-05-17,20,PayPal,Success,INV-001902
2149,1051,1051,2025-05-17,20,PayPal,Failed,INV-002149
5794,2909,2909,2025-05-17,20,Credit Card,Success,INV-005794
2074,1022,1022,2025-05-17,50,Credit Card,Success,INV-002074
2412,1169,1169,2025-05-17,20,Credit Card,Success,INV-002412
5337,2700,2700,2025-05-18,50,Credit Card,Success,INV-005337
2129,1038,1038,2025-05-18,20,PayPal,Success,INV-002129
3823,1882,1882,2025-05-18,50,UPI,Success,INV-003823
5200,2635,2635,2025-05-18,50,PayPal,Success,INV-005200
2378,1148,1148,2025-05-18,240,UPI,Success,INV-002378
1174,616,616,2025-05-18,20,Credit Card,Success,INV-001174
4975,2490,2490,2025-05-18,20,Credit Card,Success,INV-004975
5587,2829,2829,2025-05-18,20,UPI,Success,INV-005587
848,464,464,2025-05-18,20,PayPal,Failed,INV-000848
1989,981,981,2025-05-18,20,Bank Transfer,Success,INV-001989
1801,891,891,2025-05-18,20,PayPal,Success,INV-001801
2085,1024,1024,2025-05-18,20,Bank Transfer,Success,INV-002085
1653,835,835,2025-05-18,20,UPI,Success,INV-001653
289,149,149,2025-05-18,20,Bank Transfer,Success,INV-000289
418,233,233,2025-05-18,50,Credit Card,Success,INV-000418
1910,936,936,2025-05-18,50,PayPal,Success,INV-001910
4571,2305,2305,2025-05-18,20,Credit Card,Success,INV-004571
4349,2168,2168,2025-05-18,20,UPI,Success,INV-004349
5908,2980,2980,2025-05-18,50,PayPal,Success,INV-005908
5479,2755,2755,2025-05-18,20,Credit Card,Success,INV-005479
3788,1859,1859,2025-05-19,20,PayPal,Success,INV-003788
727,396,396,2025-05-19,20,UPI,Success,INV-000727
30,10,10,2025-05-19,50,Credit Card,Failed,INV-000030
2705,1337,1337,2025-05-19,50,Credit Card,Success,INV-002705
3558,1763,1763,2025-05-19,20,UPI,Success,INV-003558
3578,1776,1776,2025-05-19,50,Credit Card,Success,INV-003578
5261,2657,2657,2025-05-19,20,Credit Card,Success,INV-005261
572,303,303,2025-05-19,20,UPI,Failed,INV-000572
4361,2170,2170,2025-05-19,50,Bank Transfer,Success,INV-004361
800,447,447,2025-05-19,20,Bank Transfer,Success,INV-000800
5063,2553,2553,2025-05-19,50,PayPal,Success,INV-005063
5578,2823,2823,2025-05-19,20,UPI,Success,INV-005578
1144,603,603,2025-05-19,20,Bank Transfer,Success,INV-001144
3430,1689,1689,2025-05-19,20,PayPal,Success,INV-003430
2892,1414,1414,2025-05-19,20,Bank Transfer,Success,INV-002892
305,161,161,2025-05-20,20,Credit Card,Success,INV-000305
3547,1755,1755,2025-05-20,20,UPI,Success,INV-003547
2001,985,985,2025-05-20,20,PayPal,Success,INV-002001
4750,2389,2389,2025-05-20,20,Bank Transfer,Failed,INV-004750
859,465,465,2025-05-20,20,Credit Card,Success,INV-000859
4761,2391,2391,2025-05-20,20,Credit Card,Success,INV-004761
1400,715,715,2025-05-20,20,Credit Card,Success,INV-001400
1939,945,945,2025-05-20,240,Credit Card,Success,INV-001939
2192,1060,1060,2025-05-20,20,PayPal,Success,INV-002192
273,133,133,2025-05-20,20,Credit Card,Success,INV-000273
2176,1056,1056,2025-05-20,50,Bank Transfer,Success,INV-002176
5825,2926,2926,2025-05-20,20,Credit Card,Success,INV-005825
2630,1298,1298,2025-05-20,20,PayPal,Success,INV-002630
286,148,148,2025-05-20,600,UPI,Success,INV-000286
5459,2746,2746,2025-05-21,20,Bank Transfer,Success,INV-005459
783,439,439,2025-05-21,50,Bank Transfer,Success,INV-000783
4810,2417,2417,2025-05-21,20,PayPal,Success,INV-004810
656,363,363,2025-05-21,20,Bank Transfer,Success,INV-000656
704,380,380,2025-05-21,50,UPI,Success,INV-000704
1639,831,831,2025-05-21,50,PayPal,Success,INV-001639
5047,2537,2537,2025-05-21,20,PayPal,Success,INV-005047
5089,2570,2570,2025-05-21,20,Bank Transfer,Success,INV-005089
514,287,287,2025-05-21,20,PayPal,Success,INV-000514
1412,718,718,2025-05-21,20,Bank Transfer,Success,INV-001412
3170,1567,1567,2025-05-21,20,Credit Card,Success,INV-003170
3847,1890,1890,2025-05-21,600,Bank Transfer,Success,INV-003847
5526,2784,2784,2025-05-22,20,Bank Transfer,Success,INV-005526
3744,1835,1835,2025-05-22,20,UPI,Success,INV-003744
165,76,76,2025-05-22,50,PayPal,Success,INV-000165
1001,523,523,2025-05-22,50,UPI,Success,INV-001001
2661,1308,1308,2025-05-22,50,Credit Card,Success,INV-002661
4324,2154,2154,2025-05-22,20,UPI,Success,INV-004324
2117,1037,1037,2025-05-22,20,PayPal,Success,INV-002117
3446,1696,1696,2025-05-22,20,Credit Card,Success,INV-003446
3285,1618,1618,2025-05-22,50,Credit Card,Failed,INV-003285
5453,2743,2743,2025-05-22,20,UPI,Success,INV-005453
4944,2478,2478,2025-05-22,50,UPI,Success,INV-004944
3807,1869,1869,2025-05-22,20,PayPal,Success,INV-003807
5283,2666,2666,2025-05-22,20,UPI,Success,INV-005283
334,173,173,2025-05-22,20,Bank Transfer,Success,INV-000334
2221,1072,1072,2025-05-22,20,Credit Card,Success,INV-002221
1370,702,702,2025-05-23,600,PayPal,Success,INV-001370
144,59,59,2025-05-23,20,Credit Card,Success,INV-000144
2483,1214,1214,2025-05-23,20,Bank Transfer,Success,INV-002483
4965,2486,2486,2025-05-23,50,UPI,Success,INV-004965
2035,1004,1004,2025-05-23,20,Bank Transfer,Success,INV-002035
878,471,471,2025-05-23,20,Bank Transfer,Success,INV-000878
5394,2715,2715,2025-05-23,20,UPI,Success,INV-005394
4195,2068,2068,2025-05-23,50,Credit Card,Success,INV-004195
1025,544,544,2025-05-23,50,Credit Card,Success,INV-001025
3312,1625,1625,2025-05-23,20,UPI,Success,INV-003312
2204,1065,1065,2025-05-24,50,UPI,Success,INV-002204
2732,1343,1343,2025-05-24,20,Credit Card,Success,INV-002732
1681,854,854,2025-05-24,20,PayPal,Success,INV-001681
1704,856,856,2025-05-24,50,Credit Card,Success,INV-001704
1380,705,705,2025-05-24,20,UPI,Success,INV-001380
3887,1927,1927,2025-05-24,50,Credit Card,Success,INV-003887
1516,764,764,2025-05-24,50,PayPal,Success,INV-001516
5139,2598,2598,2025-05-24,20,PayPal,Success,INV-005139
3158,1566,1566,2025-05-25,50,Bank Transfer,Failed,INV-003158
868,469,469,2025-05-25,50,Credit Card,Success,INV-000868
4596,2315,2315,2025-05-25,50,PayPal,Success,INV-004596
485,281,281,2025-05-25,20,UPI,Success,INV-000485
3479,1722,1722,2025-05-25,20,PayPal,Success,INV-003479
3923,1936,1936,2025-05-25,20,Bank Transfer,Success,INV-003923
1362,701,701,2025-05-25,20,PayPal,Success,INV-001362
3505,1740,1740,2025-05-25,20,Credit Card,Failed,INV-003505
1692,855,855,2025-05-25,20,Bank Transfer,Success,INV-001692
2513,1231,1231,2025-05-26,20,PayPal,Success,INV-002513
4281,2112,2112,2025-05-26,20,PayPal,Success,INV-004281
2740,1347,1347,2025-05-26,20,UPI,Failed,INV-002740
4006,1968,1968,2025-05-26,20,PayPal,Success,INV-004006
5635,2841,2841,2025-05-26,20,Bank Transfer,Success,INV-005635
4610,2318,2318,2025-05-26,20,Bank Transfer,Success,INV-004610
4456,2220,2220,2025-05-26,20,PayPal,Success,INV-004456
1203,623,623,2025-05-26,20,Credit Card,Success,INV-001203
3035,1499,1499,2025-05-26,20,Bank Transfer,Success,INV-003035
932,498,498,2025-05-26,20,UPI,Failed,INV-000932
3946,1941,1941,2025-05-27,50,Bank Transfer,Success,INV-003946
433,255,255,2025-05-27,20,Credit Card,Success,INV-000433
3107,1547,1547,2025-05-27,20,Credit Card,Success,INV-003107
3517,1741,1741,2025-05-27,20,Credit Card,Success,INV-003517
3349,1642,1642,2025-05-27,50,Credit Card,Success,INV-003349
2644,1302,1302,2025-05-27,20,Bank Transfer,Success,INV-002644
5039,2535,2535,2025-05-27,50,UPI,Success,INV-005039
542,298,298,2025-05-27,50,Credit Card,Success,INV-000542
3987,1966,1966,2025-05-27,20,Bank Transfer,Success,INV-003987
241,107,107,2025-05-27,20,Bank Transfer,Success,INV-000241
4161,2055,2055,2025-05-27,50,UPI,Failed,INV-004161
531,291,291,2025-05-27,20,PayPal,Success,INV-000531
5151,2600,2600,2025-05-28,20,UPI,Success,INV-005151
3863,1918,1918,2025-05-28,50,PayPal,Success,INV-003863
4852,2441,2441,2025-05-28,20,Bank Transfer,Success,INV-004852
327,172,172,2025-05-28,20,Credit Card,Success,INV-000327
3853,1910,1910,2025-05-28,20,Bank Transfer,Failed,INV-003853
2166,1053,1053,2025-05-28,50,PayPal,Success,INV-002166
4866,2446,2446,2025-05-28,50,Bank Transfer,Success,INV-004866
1049,561,561,2025-05-28,20,Credit Card,Success,INV-001049
4064,2013,2013,2025-05-28,50,Bank Transfer,Failed,INV-004064
2374,1137,1137,2025-05-28,240,PayPal,Success,INV-002374
458,264,264,2025-05-28,50,PayPal,Success,INV-000458
5055,2539,2539,2025-05-28,240,PayPal,Success,INV-005055
5741,2880,2880,2025-05-28,20,Bank Transfer,Success,INV-005741
4816,2420,2420,2025-05-28,20,UPI,Success,INV-004816
1750,869,869,2025-05-28,20,PayPal,Success,INV-001750
1098,576,576,2025-05-28,20,Credit Card,Success,INV-001098
3268,1614,1614,2025-05-28,20,Credit Card,Success,INV-003268
2785,1369,1369,2025-05-28,20,Credit Card,Success,INV-002785
5168,2609,2609,2025-05-28,20,Bank Transfer,Success,INV-005168
4721,2371,2371,2025-05-28,20,UPI,Success,INV-004721
1784,885,885,2025-05-28,20,Bank Transfer,Success,INV-001784
4214,2080,2080,2025-05-28,50,PayPal,Success,INV-004214
3365,1654,1654,2025-05-29,20,UPI,Success,INV-003365
2879,1409,1409,2025-05-29,50,UPI,Success,INV-002879
3897,1928,1928,2025-05-29,50,Credit Card,Success,INV-003897
5470,2753,2753,2025-05-29,50,UPI,Success,INV-005470
5938,2994,2994,2025-05-29,20,UPI,Success,INV-005938
4648,2340,2340,2025-05-30,20,Bank Transfer,Success,INV-004648
1965,970,970,2025-05-30,240,Credit Card,Success,INV-001965
3487,1725,1725,2025-05-30,20,UPI,Success,INV-003487
3294,1620,1620,2025-05-30,50,PayPal,Failed,INV-003294
5298,2685,2685,2025-05-30,50,Credit Card,Success,INV-005298
4267,2101,2101,2025-05-30,50,Bank Transfer,Success,INV-004267
3724,1832,1832,2025-05-30,20,Bank Transfer,Success,INV-003724
1602,809,809,2025-05-30,20,Credit Card,Success,INV-001602
3007,1490,1490,2025-05-30,50,Credit Card,Failed,INV-003007
151,64,64,2025-05-30,600,PayPal,Success,INV-000151
3996,1967,1967,2025-05-30,50,Credit Card,Success,INV-003996
692,371,371,2025-05-30,20,Bank Transfer,Success,INV-000692
4506,2266,2266,2025-05-30,20,Credit Card,Success,INV-004506
4585,2308,2308,2025-05-30,20,PayPal,Success,INV-004585
907,488,488,2025-05-30,20,Bank Transfer,Success,INV-000907
1577,802,802,2025-05-30,50,UPI,Success,INV-001577
5235,2648,2648,2025-05-31,20,Credit Card,Success,INV-005235
7,2,2,2025-06-01,20,Bank Transfer,Success,INV-000007
4679,2357,2357,2025-06-01,20,PayPal,Failed,INV-004679
2017,998,998,2025-06-01,240,Bank Transfer,Success,INV-002017
3657,1801,1801,2025-06-01,20,Bank Transfer,Success,INV-003657
4577,2306,2306,2025-06-01,50,PayPal,Success,INV-004577
651,359,359,2025-06-01,20,Credit Card,Success,INV-000651
404,224,224,2025-06-01,50,PayPal,Success,INV-000404
1345,691,691,2025-06-01,20,Bank Transfer,Success,INV-001345
2974,1460,1460,2025-06-01,20,UPI,Success,INV-002974
363,192,192,2025-06-01,50,UPI,Success,INV-000363
1213,628,628,2025-06-01,20,PayPal,Success,INV-001213
2573,1268,1268,2025-06-01,50,PayPal,Success,INV-002573
2253,1090,1090,2025-06-01,50,Bank Transfer,Success,INV-002253
4232,2094,2094,2025-06-01,20,UPI,Success,INV-004232
2718,1339,1339,2025-06-01,20,Bank Transfer,Success,INV-002718
2560,1262,1262,2025-06-02,20,UPI,Success,INV-002560
3395,1676,1676,2025-06-02,20,Credit Card,Success,INV-003395
1185,619,619,2025-06-02,20,Bank Transfer,Success,INV-001185
121,38,38,2025-06-02,20,PayPal,Success,INV-000121
3119,1559,1559,2025-06-02,50,UPI,Success,INV-003119
1762,873,873,2025-06-02,20,UPI,Success,INV-001762
5665,2850,2850,2025-06-03,50,Credit Card,Success,INV-005665
3612,1786,1786,2025-06-03,20,UPI,Success,INV-003612
945,500,500,2025-06-03,20,PayPal,Success,INV-000945
833,457,457,2025-06-03,20,Credit Card,Success,INV-000833
76,26,26,2025-06-03,50,Bank Transfer,Success,INV-000076
1225,630,630,2025-06-03,20,PayPal,Success,INV-001225
500,285,285,2025-06-03,20,Credit Card,Success,INV-000500
18,8,8,2025-06-03,50,Credit Card,Success,INV-000018
1729,862,862,2025-06-03,20,Bank Transfer,Failed,INV-001729
3733,1833,1833,2025-06-03,20,UPI,Failed,INV-003733
4934,2477,2477,2025-06-03,20,Credit Card,Success,INV-004934
39,14,14,2025-06-03,20,PayPal,Success,INV-000039
4332,2157,2157,2025-06-03,50,Credit Card,Success,INV-004332
5813,2922,2922,2025-06-03,240,Credit Card,Failed,INV-005813
5814,2923,2923,2025-06-03,20,Bank Transfer,Success,INV-005814
2844,1398,1398,2025-06-03,20,Bank Transfer,Success,INV-002844
5854,2950,2950,2025-06-03,20,PayPal,Success,INV-005854
3276,1616,1616,2025-06-03,20,Bank Transfer,Success,INV-003276
1848,904,904,2025-06-03,50,Credit Card,Success,INV-001848
4481,2249,2249,2025-06-04,50,Credit Card,Success,INV-004481
5684,2853,2853,2025-06-04,50,Credit Card,Success,INV-005684
5348,2702,2702,2025-06-04,20,PayPal,Success,INV-005348
1957,968,968,2025-06-04,20,Bank Transfer,Success,INV-001957
1333,690,690,2025-06-04,50,Bank Transfer,Success,INV-001333
3625,1794,1794,2025-06-04,50,PayPal,Success,INV-003625
2321,1116,1116,2025-06-04,20,UPI,Success,INV-002321
4136,2042,2042,2025-06-04,50,Credit Card,Success,INV-004136
3471,1711,1711,2025-06-04,20,Bank Transfer,Success,INV-003471
1009,524,524,2025-06-04,20,Credit Card,Success,INV-001009
4627,2333,2333,2025-06-04,50,Credit Card,Success,INV-004627
5620,2837,2837,2025-06-05,50,Bank Transfer,Success,INV-005620
3131,1561,1561,2025-06-05,20,Credit Card,Success,INV-003131
91,30,30,2025-06-05,50,PayPal,Success,INV-000091
4429,2206,2206,2025-06-05,20,UPI,Success,INV-004429
4639,2337,2337,2025-06-05,50,PayPal,Success,INV-004639
2987,1470,1470,2025-06-05,50,Credit Card,Success,INV-002987
2103,1028,1028,2025-06-05,20,UPI,Success,INV-002103
2237,1076,1076,2025-06-05,20,Credit Card,Success,INV-002237
4248,2096,2096,2025-06-05,50,Credit Card,Success,INV-004248
1433,722,722,2025-06-05,20,Bank Transfer,Success,INV-001433
1527,765,765,2025-06-05,20,Bank Transfer,Success,INV-001527
3422,1687,1687,2025-06-05,20,Credit Card,Success,INV-003422
3190,1579,1579,2025-06-05,20,PayPal,Failed,INV-003190
2306,1105,1105,2025-06-05,50,UPI,Success,INV-002306
5710,2864,2864,2025-06-05,20,Bank Transfer,Success,INV-005710
3964,1946,1946,2025-06-05,20,PayPal,Success,INV-003964
60,19,19,2025-06-05,50,Bank Transfer,Success,INV-000060
5004,2510,2510,2025-06-05,20,PayPal,Success,INV-005004
1555,794,794,2025-06-05,20,PayPal,Success,INV-001555
4099,2030,2030,2025-06-05,20,UPI,Success,INV-004099
3941,1938,1938,2025-06-05,20,UPI,Failed,INV-003941
4402,2187,2187,2025-06-05,20,Credit Card,Success,INV-004402
5930,2992,2992,2025-06-05,50,Credit Card,Success,INV-005930
5600,2833,2833,2025-06-05,20,Credit Card,Success,INV-005600
1390,707,707,2025-06-06,50,UPI,Success,INV-001390
5121,2581,2581,2025-06-06,20,Bank Transfer,Success,INV-005121
4841,2435,2435,2025-06-06,20,Credit Card,Success,INV-004841
4832,2434,2434,2025-06-06,50,Credit Card,Success,INV-004832
3633,1795,1795,2025-06-06,50,Credit Card,Success,INV-003633
5214,2644,2644,2025-06-06,50,Credit Card,Success,INV-005214
985,521,521,2025-06-06,20,UPI,Success,INV-000985
5100,2571,2571,2025-06-06,20,UPI,Success,INV-005100
2360,1133,1133,2025-06-06,20,Bank Transfer,Success,INV-002360
4259,2098,2098,2025-06-06,50,PayPal,Success,INV-004259
5317,2696,2696,2025-06-06,20,Credit Card,Success,INV-005317
2679,1324,1324,2025-06-06,20,Credit Card,Success,INV-002679
4047,2006,2006,2025-06-07,50,Bank Transfer,Success,INV-004047
5020,2522,2522,2025-06-07,50,PayPal,Success,INV-005020
3699,1826,1826,2025-06-07,20,UPI,Success,INV-003699
4925,2473,2473,2025-06-07,20,PayPal,Success,INV-004925
3228,1597,1597,2025-06-07,20,UPI,Success,INV-003228
1085,572,572,2025-06-07,50,PayPal,Success,INV-001085
2064,1019,1019,2025-06-07,20,UPI,Success,INV-002064
685,369,369,2025-06-07,50,Bank Transfer,Success,INV-000685
2231,1074,1074,2025-06-07,50,Bank Transfer,Success,INV-002231
4912,2467,2467,2025-06-07,50,Credit Card,Success,INV-004912
579,317,317,2025-06-07,50,Credit Card,Success,INV-000579
1305,673,673,2025-06-07,600,Credit Card,Success,INV-001305
1062,563,563,2025-06-07,20,UPI,Success,INV-001062
2464,1202,1202,2025-06-08,50,PayPal,Success,INV-002464
2212,1071,1071,2025-06-08,20,Credit Card,Success,INV-002212
2531,1247,1247,2025-06-08,20,PayPal,Success,INV-002531
1153,608,608,2025-06-08,20,Credit Card,Success,INV-001153
3759,1845,1845,2025-06-08,20,UPI,Success,INV-003759
2261,1093,1093,2025-06-08,20,UPI,Success,INV-002261
4240,2095,2095,2025-06-08,20,Bank Transfer,Success,INV-004240
5630,2839,2839,2025-06-08,50,Bank Transfer,Success,INV-005630
5784,2906,2906,2025-06-08,20,Credit Card,Success,INV-005784
964,506,506,2025-06-08,20,UPI,Success,INV-000964
3148,1565,1565,2025-06-08,20,Bank Transfer,Success,INV-003148
1944,955,955,2025-06-08,50,PayPal,Success,INV-001944
3715,1831,1831,2025-06-08,50,Bank Transfer,Success,INV-003715
589,318,318,2025-06-08,50,PayPal,Success,INV-000589
814,454,454,2025-06-08,50,Bank Transfer,Success,INV-000814
1116,585,585,2025-06-08,20,Credit Card,Success,INV-001116
2861,1403,1403,2025-06-08,20,Bank Transfer,Success,INV-002861
4700,2363,2363,2025-06-08,50,Credit Card,Success,INV-004700
2140,1043,1043,2025-06-08,50,Credit Card,Success,INV-002140
5721,2867,2867,2025-06-08,20,UPI,Success,INV-005721
1619,818,818,2025-06-08,20,PayPal,Success,INV-001619
1927,941,941,2025-06-08,20,Bank Transfer,Success,INV-001927
2801,1376,1376,2025-06-08,20,Bank Transfer,Success,INV-002801
3243,1600,1600,2025-06-09,50,UPI,Success,INV-003243
2299,1104,1104,2025-06-09,50,Credit Card,Success,INV-002299
5308,2690,2690,2025-06-09,20,PayPal,Success,INV-005308
4150,2045,2045,2025-06-09,240,Credit Card,Success,INV-004150
5880,2969,2969,2025-06-09,20,Bank Transfer,Success,INV-005880
2063,1017,1017,2025-06-09,240,UPI,Success,INV-002063
4993,2504,2504,2025-06-09,20,PayPal,Success,INV-004993
373,194,194,2025-06-09,20,Credit Card,Success,INV-000373
614,329,329,2025-06-09,50,UPI,Success,INV-000614
5730,2874,2874,2025-06-09,20,PayPal,Success,INV-005730
1163,609,609,2025-06-09,20,PayPal,Success,INV-001163
3906,1931,1931,2025-06-09,20,Credit Card,Success,INV-003906
5494,2769,2769,2025-06-09,20,Credit Card,Success,INV-005494
2753,1352,1352,2025-06-09,20,PayPal,Success,INV-002753
5082,2564,2564,2025-06-09,50,Credit Card,Success,INV-005082
3412,1682,1682,2025-06-09,50,Credit Card,Failed,INV-003412
3331,1629,1629,2025-06-09,20,Credit Card,Success,INV-003331
216,97,97,2025-06-10,240,PayPal,Success,INV-000216
129,48,48,2025-06-10,20,Bank Transfer,Success,INV-000129
1318,684,684,2025-06-10,20,UPI,Success,INV-001318
3831,1883,1883,2025-06-10,240,Credit Card,Success,INV-003831
4114,2034,2034,2025-06-10,50,Credit Card,Success,INV-004114
1489,757,757,2025-06-10,20,PayPal,Success,INV-001489
3770,1855,1855,2025-06-10,20,Credit Card,Success,INV-003770
1244,639,639,2025-06-10,50,PayPal,Success,INV-001244
2341,1123,1123,2025-06-10,50,PayPal,Success,INV-002341
175,78,78,2025-06-10,50,Credit Card,Success,INV-000175
4778,2398,2398,2025-06-10,50,Bank Transfer,Success,INV-004778
1453,738,738,2025-06-10,20,Credit Card,Success,INV-001453
209,94,94,2025-06-10,50,Credit Card,Success,INV-000209
451,263,263,2025-06-10,20,Bank Transfer,Success,INV-000451
4229,2092,2092,2025-06-10,20,Bank Transfer,Success,INV-004229
1586,807,807,2025-06-10,50,UPI,Success,INV-001586
4030,1987,1987,2025-06-10,600,Bank Transfer,Success,INV-004030
4669,2347,2347,2025-06-11,20,Credit Card,Success,INV-004669
900,487,487,2025-06-11,50,Bank Transfer,Success,INV-000900
3220,1596,1596,2025-06-11,20,UPI,Success,INV-003220
3024,1498,1498,2025-06-11,20,UPI,Success,INV-003024
2452,1197,1197,2025-06-11,20,PayPal,Success,INV-002452
1076,568,568,2025-06-11,20,PayPal,Success,INV-001076
110,37,37,2025-06-11,20,UPI,Success,INV-000110
3064,1514,1514,2025-06-11,20,Credit Card,Success,INV-003064
3257,1606,1606,2025-06-11,20,Credit Card,Success,INV-003257
4379,2183,2183,2025-06-11,20,Credit Card,Success,INV-004379
2694,1333,1333,2025-06-11,50,UPI,Success,INV-002694
2431,1181,1181,2025-06-11,20,Bank Transfer,Success,INV-002431
4086,2027,2027,2025-06-11,20,PayPal,Success,INV-004086
5761,2893,2893,2025-06-12,20,Bank Transfer,Success,INV-005761
2949,1446,1446,2025-06-12,20,UPI,Success,INV-002949
5376,2708,2708,2025-06-12,50,UPI,Success,INV-005376
1863,907,907,2025-06-12,20,UPI,Success,INV-001863
1931,942,942,2025-06-12,50,Credit Card,Success,INV-001931
351,190,190,2025-06-12,50,Credit Card,Success,INV-000351
2444,1196,1196,2025-06-12,20,UPI,Success,INV-002444
3647,1798,1798,2025-06-12,20,Bank Transfer,Success,INV-003647
222,99,99,2025-06-12,20,PayPal,Success,INV-000222
4547,2300,2300,2025-06-12,20,Bank Transfer,Success,INV-004547
3459,1706,1706,2025-06-12,20,PayPal,Success,INV-003459
2964,1454,1454,2025-06-12,20,PayPal,Success,INV-002964
1736,864,864,2025-06-12,20,PayPal,Success,INV-001736
2771,1363,1363,2025-06-12,20,Bank Transfer,Success,INV-002771
752,406,406,2025-06-12,20,PayPal,Success,INV-000752
555,299,299,2025-06-12,20,PayPal,Success,INV-000555
2773,1366,1366,2025-06-12,20,Bank Transfer,Success,INV-002773
1279,660,660,2025-06-12,20,Bank Transfer,Failed,INV-001279
232,104,104,2025-06-12,20,UPI,Success,INV-000232
5441,2734,2734,2025-06-13,50,UPI,Success,INV-005441
1506,762,762,2025-06-13,50,Bank Transfer,Success,INV-001506
4895,2461,2461,2025-06-13,20,Bank Transfer,Success,INV-004895
2288,1103,1103,2025-06-13,50,Bank Transfer,Success,INV-002288
2060,1013,1013,2025-06-13,240,UPI,Success,INV-002060
5652,2843,2843,2025-06-13,20,UPI,Failed,INV-005652
5558,2815,2815,2025-06-13,20,UPI,Success,INV-005558
2819,1380,1380,2025-06-13,20,UPI,Failed,INV-002819
4657,2344,2344,2025-06-13,50,Credit Card,Success,INV-004657
564,300,300,2025-06-13,20,Credit Card,Success,INV-000564
3043,1501,1501,2025-06-13,50,Credit Card,Success,INV-003043
1467,744,744,2025-06-13,50,UPI,Success,INV-001467
3179,1571,1571,2025-06-13,50,Bank Transfer,Success,INV-003179
3079,1527,1527,2025-06-13,50,Credit Card,Success,INV-003079
5275,2664,2664,2025-06-13,20,Bank Transfer,Success,INV-005275
1134,594,594,2025-06-13,20,PayPal,Success,INV-001134
1195,620,620,2025-06-14,20,UPI,Success,INV-001195
2616,1293,1293,2025-06-14,20,Credit Card,Success,INV-002616
5839,2943,2943,2025-06-14,20,UPI,Success,INV-005839
3692,1824,1824,2025-06-14,20,Bank Transfer,Success,INV-003692
1372,703,703,2025-06-14,20,Credit Card,Success,INV-001372
3207,1590,1590,2025-06-14,50,Bank Transfer,Success,INV-003207
917,491,491,2025-06-14,50,Credit Card,Success,INV-000917
1814,892,892,2025-06-14,50,UPI,Success,INV-001814
5413,2720,2720,2025-06-14,50,PayPal,Success,INV-005413
47,16,16,2025-06-14,50,UPI,Success,INV-000047
4463,2225,2225,2025-06-14,50,Credit Card,Success,INV-004463
2388,1153,1153,2025-06-14,20,Bank Transfer,Success,INV-002388
3816,1881,1881,2025-06-14,20,PayPal,Success,INV-003816
5357,2703,2703,2025-06-14,20,Bank Transfer,Success,INV-005357
2855,1399,1399,2025-06-14,50,PayPal,Success,INV-002855
1421,721,721,2025-06-14,50,PayPal,Success,INV-001421
2587,1276,1276,2025-06-14,50,UPI,Success,INV-002587
4296,2124,2124,2025-06-14,20,Bank Transfer,Success,INV-004296
5387,2711,2711,2025-06-14,50,Credit Card,Success,INV-005387
1593,808,808,2025-06-15,50,UPI,Success,INV-001593
2027,1002,1002,2025-06-15,20,UPI,Success,INV-002027
2401,1165,1165,2025-06-15,20,Bank Transfer,Success,INV-002401
4621,2332,2332,2025-06-15,600,Bank Transfer,Success,INV-004621
957,503,503,2025-06-15,20,UPI,Success,INV-000957
3933,1937,1937,2025-06-15,20,PayPal,Success,INV-003933
321,170,170,2025-06-15,240,Credit Card,Success,INV-000321
2275,1100,1100,2025-06-15,20,Credit Card,Success,INV-002275
992,522,522,2025-06-15,20,PayPal,Success,INV-000992
1879,910,910,2025-06-15,20,UPI,Success,INV-001879
5228,2647,2647,2025-06-15,50,UPI,Success,INV-005228
4185,2066,2066,2025-06-15,20,UPI,Success,INV-004185
3391,1670,1670,2025-06-15,600,Credit Card,Success,INV-003391
265,132,132,2025-06-15,50,Bank Transfer,Success,INV-000265
3878,1925,1925,2025-06-15,20,Credit Card,Success,INV-003878
314,163,163,2025-06-15,20,Bank Transfer,Success,INV-000314
3324,1626,1626,2025-06-16,20,Credit Card,Success,INV-003324
5570,2817,2817,2025-06-16,20,Bank Transfer,Success,INV-005570
1827,898,898,2025-06-16,50,Bank Transfer,Success,INV-001827
3840,1889,1889,2025-06-16,20,PayPal,Success,INV-003840
4519,2280,2280,2025-06-16,50,Bank Transfer,Success,INV-004519
3384,1669,1669,2025-06-16,50,Bank Transfer,Success,INV-003384
101,34,34,2025-06-16,50,UPI,Success,INV-000101
1263,651,651,2025-06-16,20,UPI,Success,INV-001263
4958,2483,2483,2025-06-16,50,Bank Transfer,Success,INV-004958
2150,1051,1051,2025-06-17,20,PayPal,Success,INV-002150
634,345,345,2025-06-17,20,Bank Transfer,Success,INV-000634
3677,1816,1816,2025-06-17,20,UPI,Success,INV-003677
716,387,387,2025-06-17,50,UPI,Success,INV-000716
2494,1217,1217,2025-06-17,20,UPI,Success,INV-002494
5795,2909,2909,2025-06-17,20,Bank Transfer,Success,INV-005795
4710,2368,2368,2025-06-17,20,Bank Transfer,Success,INV-004710
2075,1022,1022,2025-06-17,50,UPI,Success,INV-002075
1903,932,932,2025-06-17,20,PayPal,Success,INV-001903
2130,1038,1038,2025-06-18,20,PayPal,Success,INV-002130
4143,2044,2044,2025-06-18,50,UPI,Success,INV-004143
3824,1882,1882,2025-06-18,50,PayPal,Success,INV-003824
4572,2305,2305,2025-06-18,20,Credit Card,Success,INV-004572
1654,835,835,2025-06-18,20,Credit Card,Success,INV-001654
4350,2168,2168,2025-06-18,20,PayPal,Success,INV-004350
1911,936,936,2025-06-18,50,PayPal,Success,INV-001911
1802,891,891,2025-06-18,20,PayPal,Success,INV-001802
849,464,464,2025-06-18,20,PayPal,Success,INV-000849
5909,2980,2980,2025-06-18,50,Credit Card,Success,INV-005909
5201,2635,2635,2025-06-18,50,UPI,Success,INV-005201
5338,2700,2700,2025-06-18,50,PayPal,Success,INV-005338
4976,2490,2490,2025-06-18,20,PayPal,Success,INV-004976
5588,2829,2829,2025-06-18,20,PayPal,Success,INV-005588
419,233,233,2025-06-18,50,Credit Card,Success,INV-000419
2086,1024,1024,2025-06-18,20,UPI,Success,INV-002086
5480,2755,2755,2025-06-18,20,Bank Transfer,Success,INV-005480
290,149,149,2025-06-18,20,PayPal,Failed,INV-000290
1175,616,616,2025-06-18,20,UPI,Success,INV-001175
1990,981,981,2025-06-18,20,Credit Card,Success,INV-001990
31,10,10,2025-06-19,50,Credit Card,Success,INV-000031
3538,1753,1753,2025-06-19,20,UPI,Success,INV-003538
573,303,303,2025-06-19,20,UPI,Success,INV-000573
2706,1337,1337,2025-06-19,50,UPI,Success,INV-002706
5262,2657,2657,2025-06-19,20,Bank Transfer,Success,INV-005262
5064,2553,2553,2025-06-19,50,Bank Transfer,Success,INV-005064
1562,795,795,2025-06-19,20,Bank Transfer,Success,INV-001562
2893,1414,1414,2025-06-19,20,PayPal,Success,INV-002893
4362,2170,2170,2025-06-19,50,UPI,Success,INV-004362
3431,1689,1689,2025-06-19,20,PayPal,Success,INV-003431
3559,1763,1763,2025-06-19,20,Credit Card,Success,INV-003559
3789,1859,1859,2025-06-19,20,Bank Transfer,Success,INV-003789
3579,1776,1776,2025-06-19,50,UPI,Failed,INV-003579
5579,2823,2823,2025-06-19,20,UPI,Success,INV-005579
1145,603,603,2025-06-19,20,Bank Transfer,Success,INV-001145
728,396,396,2025-06-19,20,UPI,Success,INV-000728
801,447,447,2025-06-19,20,PayPal,Success,INV-000801
2631,1298,1298,2025-06-20,20,Credit Card,Success,INV-002631
2046,1008,1008,2025-06-20,50,Credit Card,Success,INV-002046
5826,2926,2926,2025-06-20,20,Bank Transfer,Success,INV-005826
3548,1755,1755,2025-06-20,20,PayPal,Success,INV-003548
1016,534,534,2025-06-20,240,PayPal,Success,INV-001016
2002,985,985,2025-06-20,20,Bank Transfer,Failed,INV-002002
4762,2391,2391,2025-06-20,20,Credit Card,Success,INV-004762
627,340,340,2025-06-20,240,Bank Transfer,Success,INV-000627
2177,1056,1056,2025-06-20,50,PayPal,Success,INV-002177
1401,715,715,2025-06-20,20,Credit Card,Success,INV-001401
4751,2389,2389,2025-06-20,20,Bank Transfer,Success,INV-004751
274,133,133,2025-06-20,20,PayPal,Success,INV-000274
4690,2362,2362,2025-06-20,20,PayPal,Success,INV-004690
2193,1060,1060,2025-06-20,20,Credit Card,Success,INV-002193
306,161,161,2025-06-20,20,Bank Transfer,Success,INV-000306
860,465,465,2025-06-20,20,PayPal,Success,INV-000860
1413,718,718,2025-06-21,20,Bank Transfer,Success,INV-001413
5460,2746,2746,2025-06-21,20,UPI,Success,INV-005460
3171,1567,1567,2025-06-21,20,PayPal,Success,INV-003171
4811,2417,2417,2025-06-21,20,PayPal,Success,INV-004811
5090,2570,2570,2025-06-21,20,UPI,Success,INV-005090
515,287,287,2025-06-21,20,Credit Card,Success,INV-000515
1640,831,831,2025-06-21,50,Credit Card,Success,INV-001640
784,439,439,2025-06-21,50,UPI,Success,INV-000784
5048,2537,2537,2025-06-21,20,Bank Transfer,Success,INV-005048
4825,2424,2424,2025-06-21,240,Bank Transfer,Success,INV-004825
705,380,380,2025-06-21,50,Credit Card,Success,INV-000705
657,363,363,2025-06-21,20,Credit Card,Success,INV-000657
4325,2154,2154,2025-06-22,20,Bank Transfer,Success,INV-004325
2662,1308,1308,2025-06-22,50,Credit Card,Success,INV-002662
3286,1618,1618,2025-06-22,50,UPI,Success,INV-003286
5284,2666,2666,2025-06-22,20,Bank Transfer,Success,INV-005284
4945,2478,2478,2025-06-22,50,Bank Transfer,Failed,INV-004945
1002,523,523,2025-06-22,50,Credit Card,Success,INV-001002
3447,1696,1696,2025-06-22,20,Credit Card,Success,INV-003447
1251,646,646,2025-06-22,20,PayPal,Success,INV-001251
5454,2743,2743,2025-06-22,20,UPI,Success,INV-005454
166,76,76,2025-06-22,50,PayPal,Success,INV-000166
2222,1072,1072,2025-06-22,20,Credit Card,Success,INV-002222
335,173,173,2025-06-22,20,PayPal,Success,INV-000335
736,400,400,2025-06-22,20,PayPal,Success,INV-000736
3808,1869,1869,2025-06-22,20,Bank Transfer,Success,INV-003808
3745,1835,1835,2025-06-22,20,Bank Transfer,Success,INV-003745
5527,2784,2784,2025-06-22,20,Credit Card,Success,INV-005527
2118,1037,1037,2025-06-22,20,PayPal,Success,INV-002118
5395,2715,2715,2025-06-23,20,PayPal,Success,INV-005395
1475,748,748,2025-06-23,600,PayPal,Success,INV-001475
5060,2549,2549,2025-06-23,240,Credit Card,Success,INV-005060
1026,544,544,2025-06-23,50,UPI,Success,INV-001026
3313,1625,1625,2025-06-23,20,PayPal,Success,INV-003313
4966,2486,2486,2025-06-23,50,Bank Transfer,Success,INV-004966
5503,2774,2774,2025-06-23,20,UPI,Success,INV-005503
2036,1004,1004,2025-06-23,20,UPI,Success,INV-002036
879,471,471,2025-06-23,20,UPI,Success,INV-000879
4196,2068,2068,2025-06-23,50,UPI,Success,INV-004196
145,59,59,2025-06-23,20,UPI,Success,INV-000145
2484,1214,1214,2025-06-23,20,Bank Transfer,Success,INV-002484
1773,883,883,2025-06-23,20,PayPal,Success,INV-001773
2157,1052,1052,2025-06-24,50,PayPal,Success,INV-002157
2733,1343,1343,2025-06-24,20,Credit Card,Success,INV-002733
3888,1927,1927,2025-06-24,50,Bank Transfer,Success,INV-003888
1381,705,705,2025-06-24,20,UPI,Failed,INV-001381
1918,938,938,2025-06-24,20,Credit Card,Success,INV-001918
1682,854,854,2025-06-24,20,Credit Card,Success,INV-001682
1705,856,856,2025-06-24,50,PayPal,Success,INV-001705
1517,764,764,2025-06-24,50,Credit Card,Success,INV-001517
2205,1065,1065,2025-06-24,50,PayPal,Failed,INV-002205
1938,943,943,2025-06-24,240,PayPal,Success,INV-001938
5140,2598,2598,2025-06-24,20,PayPal,Success,INV-005140
5672,2851,2851,2025-06-25,50,Credit Card,Success,INV-005672
3506,1740,1740,2025-06-25,20,PayPal,Success,INV-003506
486,281,281,2025-06-25,20,Bank Transfer,Success,INV-000486
3480,1722,1722,2025-06-25,20,UPI,Success,INV-003480
1693,855,855,2025-06-25,20,PayPal,Success,INV-001693
2544,1252,1252,2025-06-25,20,Bank Transfer,Success,INV-002544
869,469,469,2025-06-25,50,UPI,Success,INV-000869
1363,701,701,2025-06-25,20,Bank Transfer,Success,INV-001363
3924,1936,1936,2025-06-25,20,Credit Card,Success,INV-003924
4597,2315,2315,2025-06-25,50,Credit Card,Success,INV-004597
3159,1566,1566,2025-06-25,50,PayPal,Success,INV-003159
5636,2841,2841,2025-06-26,20,UPI,Success,INV-005636
3036,1499,1499,2025-06-26,20,PayPal,Success,INV-003036
1204,623,623,2025-06-26,20,Credit Card,Success,INV-001204
2514,1231,1231,2025-06-26,20,Credit Card,Success,INV-002514
4457,2220,2220,2025-06-26,20,PayPal,Success,INV-004457
4282,2112,2112,2025-06-26,20,Credit Card,Success,INV-004282
83,28,28,2025-06-26,20,PayPal,Failed,INV-000083
933,498,498,2025-06-26,20,PayPal,Success,INV-000933
4007,1968,1968,2025-06-26,20,Bank Transfer,Success,INV-004007
2741,1347,1347,2025-06-26,20,UPI,Success,INV-002741
4611,2318,2318,2025-06-26,20,UPI,Success,INV-004611
5040,2535,2535,2025-06-27,50,Bank Transfer,Success,INV-005040
2645,1302,1302,2025-06-27,20,Credit Card,Success,INV-002645
3518,1741,1741,2025-06-27,20,UPI,Success,INV-003518
3988,1966,1966,2025-06-27,20,PayPal,Success,INV-003988
434,255,255,2025-06-27,20,Bank Transfer,Failed,INV-000434
3108,1547,1547,2025-06-27,20,Credit Card,Success,INV-003108
242,107,107,2025-06-27,20,PayPal,Success,INV-000242
4824,2423,2423,2025-06-27,600,Credit Card,Success,INV-004824
543,298,298,2025-06-27,50,Credit Card,Success,INV-000543
3350,1642,1642,2025-06-27,50,PayPal,Success,INV-003350
532,291,291,2025-06-27,20,Credit Card,Success,INV-000532
5364,2706,2706,2025-06-27,20,UPI,Success,INV-005364
3947,1941,1941,2025-06-27,50,Credit Card,Success,INV-003947
4162,2055,2055,2025-06-27,50,UPI,Success,INV-004162
3854,1910,1910,2025-06-28,20,UPI,Success,INV-003854
4065,2013,2013,2025-06-28,50,Credit Card,Success,INV-004065
4215,2080,2080,2025-06-28,50,Bank Transfer,Success,INV-004215
1050,561,561,2025-06-28,20,UPI,Success,INV-001050
4304,2135,2135,2025-06-28,50,Bank Transfer,Success,INV-004304
4722,2371,2371,2025-06-28,20,UPI,Success,INV-004722
5169,2609,2609,2025-06-28,20,Bank Transfer,Success,INV-005169
459,264,264,2025-06-28,50,Bank Transfer,Success,INV-000459
3269,1614,1614,2025-06-28,20,PayPal,Success,INV-003269
4367,2179,2179,2025-06-28,50,Bank Transfer,Success,INV-004367
5152,2600,2600,2025-06-28,20,Credit Card,Success,INV-005152
1785,885,885,2025-06-28,20,Credit Card,Success,INV-001785
4867,2446,2446,2025-06-28,50,Bank Transfer,Success,INV-004867
1886,916,916,2025-06-28,20,Bank Transfer,Success,INV-001886
1751,869,869,2025-06-28,20,PayPal,Success,INV-001751
5742,2880,2880,2025-06-28,20,Credit Card,Success,INV-005742
328,172,172,2025-06-28,20,Bank Transfer,Success,INV-000328
2167,1053,1053,2025-06-28,50,Credit Card,Success,INV-002167
1099,576,576,2025-06-28,20,Bank Transfer,Success,INV-001099
3667,1813,1813,2025-06-28,600,PayPal,Success,INV-003667
3864,1918,1918,2025-06-28,50,Bank Transfer,Success,INV-003864
4853,2441,2441,2025-06-28,20,Bank Transfer,Success,INV-004853
4817,2420,2420,2025-06-28,20,PayPal,Success,INV-004817
2786,1369,1369,2025-06-28,20,UPI,Success,INV-002786
5939,2994,2994,2025-06-29,20,UPI,Success,INV-005939
2880,1409,1409,2025-06-29,50,Credit Card,Success,INV-002880
5471,2753,2753,2025-06-29,50,Bank Transfer,Success,INV-005471
972,514,514,2025-06-29,20,PayPal,Success,INV-000972
3366,1654,1654,2025-06-29,20,Bank Transfer,Success,INV-003366
3898,1928,1928,2025-06-29,50,Bank Transfer,Success,INV-003898
4649,2340,2340,2025-06-30,20,Credit Card,Success,INV-004649
908,488,488,2025-06-30,20,PayPal,Success,INV-000908
1578,802,802,2025-06-30,50,Bank Transfer,Success,INV-001578
693,371,371,2025-06-30,20,UPI,Success,INV-000693
4409,2188,2188,2025-06-30,240,Bank Transfer,Success,INV-004409
3725,1832,1832,2025-06-30,20,Credit Card,Success,INV-003725
3997,1967,1967,2025-06-30,50,PayPal,Success,INV-003997
3008,1490,1490,2025-06-30,50,Credit Card,Success,INV-003008
3295,1620,1620,2025-06-30,50,Credit Card,Success,INV-003295
4507,2266,2266,2025-06-30,20,PayPal,Success,INV-004507
3488,1725,1725,2025-06-30,20,PayPal,Success,INV-003488
5236,2648,2648,2025-06-30,20,PayPal,Success,INV-005236
4586,2308,2308,2025-06-30,20,UPI,Success,INV-004586
4268,2101,2101,2025-06-30,50,UPI,Success,INV-004268
5299,2685,2685,2025-06-30,50,PayPal,Success,INV-005299
1603,809,809,2025-06-30,20,PayPal,Success,INV-001603
1346,691,691,2025-07-01,20,UPI,Success,INV-001346
2719,1339,1339,2025-07-01,20,UPI,Success,INV-002719
4233,2094,2094,2025-07-01,20,Credit Card,Success,INV-004233
8,2,2,2025-07-01,20,UPI,Success,INV-000008
5110,2579,2579,2025-07-01,20,Credit Card,Success,INV-005110
4680,2357,2357,2025-07-01,20,UPI,Success,INV-004680
182,83,83,2025-07-01,20,PayPal,Success,INV-000182
364,192,192,2025-07-01,50,Credit Card,Success,INV-000364
2975,1460,1460,2025-07-01,20,Credit Card,Success,INV-002975
2574,1268,1268,2025-07-01,50,Credit Card,Success,INV-002574
405,224,224,2025-07-01,50,PayPal,Success,INV-000405
4578,2306,2306,2025-07-01,50,Credit Card,Success,INV-004578
3666,1807,1807,2025-07-01,240,PayPal,Success,INV-003666
2254,1090,1090,2025-07-01,50,UPI,Success,INV-002254
652,359,359,2025-07-01,20,Credit Card,Success,INV-000652
1214,628,628,2025-07-01,20,Bank Transfer,Success,INV-001214
3658,1801,1801,2025-07-01,20,Credit Card,Success,INV-003658
157,69,69,2025-07-02,20,Credit Card,Success,INV-000157
122,38,38,2025-07-02,20,Bank Transfer,Success,INV-000122
1186,619,619,2025-07-02,20,PayPal,Success,INV-001186
765,430,430,2025-07-02,20,PayPal,Success,INV-000765
3396,1676,1676,2025-07-02,20,Credit Card,Success,INV-003396
1763,873,873,2025-07-02,20,UPI,Success,INV-001763
3120,1559,1559,2025-07-02,50,Credit Card,Success,INV-003120
2561,1262,1262,2025-07-02,20,Credit Card,Success,INV-002561
5815,2923,2923,2025-07-03,20,Bank Transfer,Success,INV-005815
5243,2651,2651,2025-07-03,50,PayPal,Success,INV-005243
3277,1616,1616,2025-07-03,20,PayPal,Success,INV-003277
501,285,285,2025-07-03,20,UPI,Success,INV-000501
5666,2850,2850,2025-07-03,50,Bank Transfer,Failed,INV-005666
1226,630,630,2025-07-03,20,PayPal,Success,INV-001226
1730,862,862,2025-07-03,20,Credit Card,Success,INV-001730
3613,1786,1786,2025-07-03,20,Bank Transfer,Success,INV-003613
77,26,26,2025-07-03,50,Bank Transfer,Success,INV-000077
1849,904,904,2025-07-03,50,Bank Transfer,Success,INV-001849
5855,2950,2950,2025-07-03,20,Bank Transfer,Success,INV-005855
2594,1278,1278,2025-07-03,240,PayPal,Success,INV-002594
4935,2477,2477,2025-07-03,20,UPI,Success,INV-004935
40,14,14,2025-07-03,20,UPI,Success,INV-000040
4333,2157,2157,2025-07-03,50,Bank Transfer,Success,INV-004333
3734,1833,1833,2025-07-03,20,UPI,Success,INV-003734
19,8,8,2025-07-03,50,Credit Card,Success,INV-000019
834,457,457,2025-07-03,20,PayPal,Success,INV-000834
946,500,500,2025-07-03,20,Bank Transfer,Success,INV-000946
3601,1784,1784,2025-07-03,20,Bank Transfer,Success,INV-003601
2845,1398,1398,2025-07-03,20,PayPal,Success,INV-002845
5685,2853,2853,2025-07-04,50,UPI,Failed,INV-005685
5349,2702,2702,2025-07-04,20,PayPal,Success,INV-005349
1958,968,968,2025-07-04,20,PayPal,Success,INV-001958
1010,524,524,2025-07-04,20,Bank Transfer,Success,INV-001010
4137,2042,2042,2025-07-04,50,Bank Transfer,Success,INV-004137
1334,690,690,2025-07-04,50,PayPal,Success,INV-001334
2322,1116,1116,2025-07-04,20,Credit Card,Success,INV-002322
2348,1124,1124,2025-07-04,20,PayPal,Failed,INV-002348
4628,2333,2333,2025-07-04,50,Bank Transfer,Success,INV-004628
3472,1711,1711,2025-07-04,20,Credit Card,Success,INV-003472
4482,2249,2249,2025-07-04,50,Credit Card,Success,INV-004482
3626,1794,1794,2025-07-04,50,PayPal,Success,INV-003626
1476,749,749,2025-07-04,600,UPI,Success,INV-001476
3942,1938,1938,2025-07-05,20,Bank Transfer,Success,INV-003942
621,333,333,2025-07-05,50,UPI,Success,INV-000621
92,30,30,2025-07-05,50,Bank Transfer,Success,INV-000092
3191,1579,1579,2025-07-05,20,UPI,Success,INV-003191
3965,1946,1946,2025-07-05,20,UPI,Success,INV-003965
5383,2710,2710,2025-07-05,240,UPI,Success,INV-005383
5621,2837,2837,2025-07-05,50,Credit Card,Success,INV-005621
3423,1687,1687,2025-07-05,20,UPI,Success,INV-003423
5005,2510,2510,2025-07-05,20,PayPal,Success,INV-005005
5931,2992,2992,2025-07-05,50,Bank Transfer,Success,INV-005931
5711,2864,2864,2025-07-05,20,UPI,Success,INV-005711
4438,2213,2213,2025-07-05,50,PayPal,Success,INV-004438
4430,2206,2206,2025-07-05,20,Bank Transfer,Success,INV-004430
4100,2030,2030,2025-07-05,20,UPI,Success,INV-004100
1434,722,722,2025-07-05,20,Credit Card,Success,INV-001434
1528,765,765,2025-07-05,20,UPI,Success,INV-001528
3132,1561,1561,2025-07-05,20,PayPal,Success,INV-003132
4640,2337,2337,2025-07-05,50,UPI,Success,INV-004640
5887,2970,2970,2025-07-05,240,Bank Transfer,Success,INV-005887
4403,2187,2187,2025-07-05,20,Bank Transfer,Success,INV-004403
3607,1785,1785,2025-07-05,240,Credit Card,Success,INV-003607
4249,2096,2096,2025-07-05,50,Bank Transfer,Success,INV-004249
61,19,19,2025-07-05,50,Credit Card,Success,INV-000061
5601,2833,2833,2025-07-05,20,UPI,Success,INV-005601
5703,2863,2863,2025-07-05,20,UPI,Success,INV-005703
2988,1470,1470,2025-07-05,50,Bank Transfer,Success,INV-002988
1556,794,794,2025-07-05,20,PayPal,Success,INV-001556
2104,1028,1028,2025-07-05,20,Bank Transfer,Success,INV-002104
2307,1105,1105,2025-07-05,50,Credit Card,Success,INV-002307
2238,1076,1076,2025-07-05,20,UPI,Success,INV-002238
986,521,521,2025-07-06,20,Bank Transfer,Success,INV-000986
5215,2644,2644,2025-07-06,50,PayPal,Success,INV-005215
2680,1324,1324,2025-07-06,20,PayPal,Success,INV-002680
4833,2434,2434,2025-07-06,50,Bank Transfer,Success,INV-004833
5122,2581,2581,2025-07-06,20,Bank Transfer,Success,INV-005122
4842,2435,2435,2025-07-06,20,Bank Transfer,Failed,INV-004842
4260,2098,2098,2025-07-06,50,Credit Card,Success,INV-004260
1391,707,707,2025-07-06,50,PayPal,Success,INV-001391
4495,2259,2259,2025-07-06,50,UPI,Success,INV-004495
4826,2427,2427,2025-07-06,600,Credit Card,Success,INV-004826
5101,2571,2571,2025-07-06,20,UPI,Success,INV-005101
2361,1133,1133,2025-07-06,20,Credit Card,Success,INV-002361
3634,1795,1795,2025-07-06,50,Credit Card,Success,INV-003634
5318,2696,2696,2025-07-06,20,PayPal,Success,INV-005318
686,369,369,2025-07-07,50,Bank Transfer,Success,INV-000686
580,317,317,2025-07-07,50,UPI,Success,INV-000580
1086,572,572,2025-07-07,50,Credit Card,Success,INV-001086
2232,1074,1074,2025-07-07,50,Credit Card,Success,INV-002232
2065,1019,1019,2025-07-07,20,Credit Card,Success,INV-002065
4048,2006,2006,2025-07-07,50,UPI,Success,INV-004048
4913,2467,2467,2025-07-07,50,Bank Transfer,Success,INV-004913
1041,560,560,2025-07-07,20,PayPal,Success,INV-001041
3700,1826,1826,2025-07-07,20,PayPal,Success,INV-003700
1063,563,563,2025-07-07,20,UPI,Success,INV-001063
5021,2522,2522,2025-07-07,50,PayPal,Success,INV-005021
3229,1597,1597,2025-07-07,20,UPI,Success,INV-003229
5846,2948,2948,2025-07-07,50,Bank Transfer,Success,INV-005846
4926,2473,2473,2025-07-07,20,UPI,Success,INV-004926
3760,1845,1845,2025-07-08,20,PayPal,Success,INV-003760
1945,955,955,2025-07-08,50,UPI,Success,INV-001945
5631,2839,2839,2025-07-08,50,Credit Card,Success,INV-005631
1928,941,941,2025-07-08,20,Credit Card,Success,INV-001928
2862,1403,1403,2025-07-08,20,Bank Transfer,Success,INV-002862
5545,2796,2796,2025-07-08,600,PayPal,Success,INV-005545
4561,2303,2303,2025-07-08,50,PayPal,Success,INV-004561
590,318,318,2025-07-08,50,Bank Transfer,Success,INV-000590
4701,2363,2363,2025-07-08,50,PayPal,Success,INV-004701
2213,1071,1071,2025-07-08,20,Bank Transfer,Success,INV-002213
815,454,454,2025-07-08,50,Credit Card,Success,INV-000815
1620,818,818,2025-07-08,20,Bank Transfer,Failed,INV-001620
4241,2095,2095,2025-07-08,20,Bank Transfer,Success,INV-004241
2504,1225,1225,2025-07-08,240,PayPal,Success,INV-002504
1117,585,585,2025-07-08,20,UPI,Success,INV-001117
3149,1565,1565,2025-07-08,20,PayPal,Success,INV-003149
5722,2867,2867,2025-07-08,20,UPI,Success,INV-005722
2465,1202,1202,2025-07-08,50,UPI,Success,INV-002465
2532,1247,1247,2025-07-08,20,Bank Transfer,Success,INV-002532
965,506,506,2025-07-08,20,Credit Card,Failed,INV-000965
1154,608,608,2025-07-08,20,Bank Transfer,Success,INV-001154
1966,971,971,2025-07-08,600,PayPal,Success,INV-001966
5785,2906,2906,2025-07-08,20,PayPal,Success,INV-005785
2262,1093,1093,2025-07-08,20,UPI,Success,INV-002262
2141,1043,1043,2025-07-08,50,UPI,Success,INV-002141
3716,1831,1831,2025-07-08,50,UPI,Success,INV-003716
2802,1376,1376,2025-07-08,20,Bank Transfer,Success,INV-002802
2926,1439,1439,2025-07-09,600,UPI,Success,INV-002926
615,329,329,2025-07-09,50,PayPal,Success,INV-000615
1164,609,609,2025-07-09,20,UPI,Success,INV-001164
4994,2504,2504,2025-07-09,20,UPI,Success,INV-004994
2018,999,999,2025-07-09,50,Credit Card,Success,INV-002018
3907,1931,1931,2025-07-09,20,Bank Transfer,Success,INV-003907
5083,2564,2564,2025-07-09,50,Credit Card,Success,INV-005083
2754,1352,1352,2025-07-09,20,Bank Transfer,Success,INV-002754
3244,1600,1600,2025-07-09,50,Credit Card,Success,INV-003244
5495,2769,2769,2025-07-09,20,Credit Card,Failed,INV-005495
2471,1204,1204,2025-07-09,50,UPI,Success,INV-002471
3332,1629,1629,2025-07-09,20,PayPal,Success,INV-003332
5731,2874,2874,2025-07-09,20,PayPal,Success,INV-005731
3915,1935,1935,2025-07-09,20,Credit Card,Success,INV-003915
5612,2836,2836,2025-07-09,50,Credit Card,Success,INV-005612
5309,2690,2690,2025-07-09,20,PayPal,Success,INV-005309
5881,2969,2969,2025-07-09,20,Bank Transfer,Success,INV-005881
2300,1104,1104,2025-07-09,50,PayPal,Success,INV-002300
3413,1682,1682,2025-07-09,50,PayPal,Success,INV-003413
2725,1341,1341,2025-07-10,20,Bank Transfer,Success,INV-002725
4779,2398,2398,2025-07-10,50,UPI,Success,INV-004779
2342,1123,1123,2025-07-10,50,UPI,Success,INV-002342
4230,2092,2092,2025-07-10,20,PayPal,Success,INV-004230
2793,1371,1371,2025-07-10,20,PayPal,Success,INV-002793
4115,2034,2034,2025-07-10,50,UPI,Success,INV-004115
2832,1388,1388,2025-07-10,240,Credit Card,Success,INV-002832
791,440,440,2025-07-10,50,UPI,Success,INV-000791
1245,639,639,2025-07-10,50,UPI,Success,INV-001245
1319,684,684,2025-07-10,20,UPI,Success,INV-001319
210,94,94,2025-07-10,50,UPI,Success,INV-000210
3771,1855,1855,2025-07-10,20,UPI,Success,INV-003771
452,263,263,2025-07-10,20,UPI,Success,INV-000452
2595,1282,1282,2025-07-10,20,Credit Card,Success,INV-002595
1454,738,738,2025-07-10,20,UPI,Success,INV-001454
1490,757,757,2025-07-10,20,PayPal,Success,INV-001490
176,78,78,2025-07-10,50,PayPal,Success,INV-000176
1587,807,807,2025-07-10,50,PayPal,Success,INV-001587
130,48,48,2025-07-10,20,UPI,Success,INV-000130
2695,1333,1333,2025-07-11,50,PayPal,Success,INV-002695
3025,1498,1498,2025-07-11,20,Bank Transfer,Success,INV-003025
3065,1514,1514,2025-07-11,20,PayPal,Success,INV-003065
3221,1596,1596,2025-07-11,20,Credit Card,Success,INV-003221
2453,1197,1197,2025-07-11,20,Credit Card,Success,INV-002453
111,37,37,2025-07-11,20,UPI,Failed,INV-000111
4380,2183,2183,2025-07-11,20,UPI,Failed,INV-004380
4087,2027,2027,2025-07-11,20,UPI,Success,INV-004087
3640,1797,1797,2025-07-11,20,PayPal,Success,INV-003640
4175,2063,2063,2025-07-11,20,Credit Card,Success,INV-004175
1077,568,568,2025-07-11,20,UPI,Success,INV-001077
901,487,487,2025-07-11,50,UPI,Success,INV-000901
3495,1726,1726,2025-07-11,240,PayPal,Success,INV-003495
4670,2347,2347,2025-07-11,20,PayPal,Success,INV-004670
3258,1606,1606,2025-07-11,20,Bank Transfer,Success,INV-003258
2432,1181,1181,2025-07-11,20,Bank Transfer,Success,INV-002432
4796,2403,2403,2025-07-12,240,Bank Transfer,Success,INV-004796
233,104,104,2025-07-12,20,Bank Transfer,Success,INV-000233
4548,2300,2300,2025-07-12,20,Credit Card,Success,INV-004548
2965,1454,1454,2025-07-12,20,UPI,Success,INV-002965
1932,942,942,2025-07-12,50,PayPal,Success,INV-001932
753,406,406,2025-07-12,20,Credit Card,Success,INV-000753
2445,1196,1196,2025-07-12,20,UPI,Success,INV-002445
2950,1446,1446,2025-07-12,20,UPI,Success,INV-002950
1280,660,660,2025-07-12,20,PayPal,Success,INV-001280
2826,1382,1382,2025-07-12,20,Credit Card,Success,INV-002826
3460,1706,1706,2025-07-12,20,PayPal,Success,INV-003460
352,190,190,2025-07-12,50,PayPal,Success,INV-000352
3199,1589,1589,2025-07-12,50,PayPal,Success,INV-003199
556,299,299,2025-07-12,20,Credit Card,Success,INV-000556
1864,907,907,2025-07-12,20,UPI,Success,INV-001864
2774,1366,1366,2025-07-12,20,Bank Transfer,Success,INV-002774
2772,1363,1363,2025-07-12,20,Credit Card,Failed,INV-002772
2994,1472,1472,2025-07-12,20,UPI,Success,INV-002994
5868,2966,2966,2025-07-12,50,Credit Card,Success,INV-005868
4874,2450,2450,2025-07-12,20,Credit Card,Success,INV-004874
5762,2893,2893,2025-07-12,20,Bank Transfer,Success,INV-005762
5377,2708,2708,2025-07-12,50,Credit Card,Success,INV-005377
2501,1218,1218,2025-07-12,240,Bank Transfer,Success,INV-002501
3648,1798,1798,2025-07-12,20,Bank Transfer,Success,INV-003648
223,99,99,2025-07-12,20,PayPal,Success,INV-000223
1737,864,864,2025-07-12,20,PayPal,Success,INV-001737
5653,2843,2843,2025-07-13,20,Bank Transfer,Success,INV-005653
4121,2036,2036,2025-07-13,20,PayPal,Success,INV-004121
3044,1501,1501,2025-07-13,50,UPI,Success,INV-003044
2820,1380,1380,2025-07-13,20,Credit Card,Success,INV-002820
4896,2461,2461,2025-07-13,20,Bank Transfer,Success,INV-004896
5559,2815,2815,2025-07-13,20,Credit Card,Success,INV-005559
1135,594,594,2025-07-13,20,UPI,Success,INV-001135
4658,2344,2344,2025-07-13,50,Credit Card,Success,INV-004658
1507,762,762,2025-07-13,50,Bank Transfer,Success,INV-001507
1294,667,667,2025-07-13,20,Credit Card,Success,INV-001294
1468,744,744,2025-07-13,50,PayPal,Success,INV-001468
565,300,300,2025-07-13,20,UPI,Success,INV-000565
2524,1241,1241,2025-07-13,600,Credit Card,Success,INV-002524
4555,2302,2302,2025-07-13,20,Credit Card,Success,INV-004555
3080,1527,1527,2025-07-13,50,Credit Card,Success,INV-003080
5276,2664,2664,2025-07-13,20,Credit Card,Success,INV-005276
5442,2734,2734,2025-07-13,50,PayPal,Success,INV-005442
2289,1103,1103,2025-07-13,50,UPI,Success,INV-002289
2379,1151,1151,2025-07-13,20,Bank Transfer,Success,INV-002379
2686,1325,1325,2025-07-13,50,Credit Card,Success,INV-002686
3180,1571,1571,2025-07-13,50,Bank Transfer,Success,INV-003180
3817,1881,1881,2025-07-14,20,Bank Transfer,Failed,INV-003817
5388,2711,2711,2025-07-14,50,Bank Transfer,Success,INV-005388
2856,1399,1399,2025-07-14,50,PayPal,Success,INV-002856
1196,620,620,2025-07-14,20,Credit Card,Success,INV-001196
743,402,402,2025-07-14,20,Credit Card,Success,INV-000743
3401,1677,1677,2025-07-14,20,UPI,Failed,INV-003401
3693,1824,1824,2025-07-14,20,Bank Transfer,Success,INV-003693
5414,2720,2720,2025-07-14,50,Bank Transfer,Failed,INV-005414
2601,1283,1283,2025-07-14,50,Bank Transfer,Success,INV-002601
1422,721,721,2025-07-14,50,PayPal,Success,INV-001422
4464,2225,2225,2025-07-14,50,Bank Transfer,Success,INV-004464
5840,2943,2943,2025-07-14,20,Credit Card,Success,INV-005840
2389,1153,1153,2025-07-14,20,PayPal,Success,INV-002389
664,365,365,2025-07-14,50,Bank Transfer,Success,INV-000664
5358,2703,2703,2025-07-14,20,Bank Transfer,Success,INV-005358
2617,1293,1293,2025-07-14,20,Credit Card,Success,INV-002617
3800,1867,1867,2025-07-14,20,UPI,Success,INV-003800
1373,703,703,2025-07-14,20,Bank Transfer,Success,INV-001373
2588,1276,1276,2025-07-14,50,PayPal,Failed,INV-002588
1815,892,892,2025-07-14,50,Bank Transfer,Success,INV-001815
4297,2124,2124,2025-07-14,20,PayPal,Success,INV-004297
48,16,16,2025-07-14,50,PayPal,Success,INV-000048
1792,886,886,2025-07-14,20,UPI,Success,INV-001792
2249,1089,1089,2025-07-14,600,Bank Transfer,Success,INV-002249
918,491,491,2025-07-14,50,Credit Card,Success,INV-000918
3208,1590,1590,2025-07-14,50,UPI,Success,INV-003208
4311,2137,2137,2025-07-15,20,Bank Transfer,Success,INV-004311
5272,2661,2661,2025-07-15,240,Bank Transfer,Success,INV-005272
1594,808,808,2025-07-15,50,Credit Card,Success,INV-001594
993,522,522,2025-07-15,20,Credit Card,Failed,INV-000993
2402,1165,1165,2025-07-15,20,UPI,Success,INV-002402
958,503,503,2025-07-15,20,Credit Card,Success,INV-000958
2028,1002,1002,2025-07-15,20,PayPal,Success,INV-002028
2276,1100,1100,2025-07-15,20,PayPal,Success,INV-002276
315,163,163,2025-07-15,20,UPI,Success,INV-000315
266,132,132,2025-07-15,50,UPI,Success,INV-000266
1880,910,910,2025-07-15,20,PayPal,Success,INV-001880
4186,2066,2066,2025-07-15,20,Credit Card,Success,INV-004186
3879,1925,1925,2025-07-15,20,UPI,Failed,INV-003879
5229,2647,2647,2025-07-15,50,PayPal,Success,INV-005229
3934,1937,1937,2025-07-15,20,Credit Card,Success,INV-003934
2522,1235,1235,2025-07-16,600,Bank Transfer,Success,INV-002522
1828,898,898,2025-07-16,50,Credit Card,Success,INV-001828
3841,1889,1889,2025-07-16,20,Credit Card,Success,INV-003841
601,324,324,2025-07-16,20,Bank Transfer,Failed,INV-000601
4959,2483,2483,2025-07-16,50,Bank Transfer,Success,INV-004959
5546,2797,2797,2025-07-16,20,Credit Card,Success,INV-005546
3325,1626,1626,2025-07-16,20,PayPal,Success,INV-003325
1264,651,651,2025-07-16,20,PayPal,Success,INV-001264
5571,2817,2817,2025-07-16,20,Bank Transfer,Success,INV-005571
3385,1669,1669,2025-07-16,50,UPI,Success,INV-003385
4520,2280,2280,2025-07-16,50,Credit Card,Success,INV-004520
635,345,345,2025-07-17,20,PayPal,Success,INV-000635
4711,2368,2368,2025-07-17,20,UPI,Success,INV-004711
5693,2855,2855,2025-07-17,50,UPI,Success,INV-005693
3678,1816,1816,2025-07-17,20,Bank Transfer,Success,INV-003678
717,387,387,2025-07-17,50,PayPal,Success,INV-000717
5796,2909,2909,2025-07-17,20,PayPal,Success,INV-005796
2076,1022,1022,2025-07-17,50,PayPal,Success,INV-002076
1904,932,932,2025-07-17,20,Bank Transfer,Success,INV-001904
2151,1051,1051,2025-07-17,20,Credit Card,Success,INV-002151
2495,1217,1217,2025-07-17,20,Bank Transfer,Success,INV-002495
5329,2698,2698,2025-07-17,20,Credit Card,Success,INV-005329
3825,1882,1882,2025-07-18,50,Bank Transfer,Success,INV-003825
1912,936,936,2025-07-18,50,PayPal,Success,INV-001912
5910,2980,2980,2025-07-18,50,Bank Transfer,Success,INV-005910
4351,2168,2168,2025-07-18,20,UPI,Success,INV-004351
2087,1024,1024,2025-07-18,20,Bank Transfer,Success,INV-002087
1803,891,891,2025-07-18,20,UPI,Success,INV-001803
4977,2490,2490,2025-07-18,20,UPI,Failed,INV-004977
420,233,233,2025-07-18,50,PayPal,Success,INV-000420
291,149,149,2025-07-18,20,Bank Transfer,Success,INV-000291
1655,835,835,2025-07-18,20,PayPal,Success,INV-001655
850,464,464,2025-07-18,20,UPI,Success,INV-000850
4573,2305,2305,2025-07-18,20,UPI,Success,INV-004573
4906,2465,2465,2025-07-18,20,PayPal,Success,INV-004906
4144,2044,2044,2025-07-18,50,Bank Transfer,Success,INV-004144
5202,2635,2635,2025-07-18,50,Bank Transfer,Success,INV-005202
1973,976,976,2025-07-18,20,Credit Card,Success,INV-001973
5481,2755,2755,2025-07-18,20,Bank Transfer,Success,INV-005481
384,214,214,2025-07-18,240,UPI,Success,INV-000384
1176,616,616,2025-07-18,20,PayPal,Success,INV-001176
2131,1038,1038,2025-07-18,20,Bank Transfer,Success,INV-002131
5339,2700,2700,2025-07-18,50,Credit Card,Success,INV-005339
1991,981,981,2025-07-18,20,Bank Transfer,Success,INV-001991
3100,1545,1545,2025-07-18,20,PayPal,Success,INV-003100
5589,2829,2829,2025-07-18,20,Bank Transfer,Success,INV-005589
190,87,87,2025-07-19,20,PayPal,Success,INV-000190
3302,1623,1623,2025-07-19,50,Credit Card,Success,INV-003302
32,10,10,2025-07-19,50,UPI,Success,INV-000032
5263,2657,2657,2025-07-19,20,Credit Card,Success,INV-005263
2422,1176,1176,2025-07-19,20,UPI,Success,INV-002422
1146,603,603,2025-07-19,20,UPI,Success,INV-001146
2808,1379,1379,2025-07-19,20,UPI,Success,INV-002808
4535,2294,2294,2025-07-19,600,Bank Transfer,Success,INV-004535
5580,2823,2823,2025-07-19,20,UPI,Success,INV-005580
729,396,396,2025-07-19,20,Credit Card,Success,INV-000729
5065,2553,2553,2025-07-19,50,PayPal,Success,INV-005065
574,303,303,2025-07-19,20,UPI,Success,INV-000574
4363,2170,2170,2025-07-19,50,PayPal,Success,INV-004363
1967,972,972,2025-07-19,20,UPI,Success,INV-001967
802,447,447,2025-07-19,20,UPI,Success,INV-000802
2707,1337,1337,2025-07-19,50,UPI,Success,INV-002707
3790,1859,1859,2025-07-19,20,Credit Card,Success,INV-003790
2894,1414,1414,2025-07-19,20,Credit Card,Success,INV-002894
1563,795,795,2025-07-19,20,UPI,Success,INV-001563
3580,1776,1776,2025-07-19,50,UPI,Success,INV-003580
3539,1753,1753,2025-07-19,20,Credit Card,Success,INV-003539
3432,1689,1689,2025-07-19,20,Credit Card,Success,INV-003432
3560,1763,1763,2025-07-19,20,Credit Card,Failed,INV-003560
472,274,274,2025-07-20,20,UPI,Success,INV-000472
1402,715,715,2025-07-20,20,PayPal,Success,INV-001402
2178,1056,1056,2025-07-20,50,UPI,Success,INV-002178
861,465,465,2025-07-20,20,Bank Transfer,Success,INV-000861
2194,1060,1060,2025-07-20,20,PayPal,Success,INV-002194
5827,2926,2926,2025-07-20,20,Bank Transfer,Success,INV-005827
5249,2652,2652,2025-07-20,20,Bank Transfer,Success,INV-005249
2003,985,985,2025-07-20,20,Credit Card,Success,INV-002003
4691,2362,2362,2025-07-20,20,Bank Transfer,Success,INV-004691
307,161,161,2025-07-20,20,Bank Transfer,Success,INV-000307
4763,2391,2391,2025-07-20,20,Bank Transfer,Success,INV-004763
3549,1755,1755,2025-07-20,20,PayPal,Success,INV-003549
3073,1523,1523,2025-07-20,20,PayPal,Success,INV-003073
4752,2389,2389,2025-07-20,20,Credit Card,Success,INV-004752
2047,1008,1008,2025-07-20,50,UPI,Success,INV-002047
275,133,133,2025-07-20,20,Credit Card,Success,INV-000275
5838,2941,2941,2025-07-20,600,Credit Card,Success,INV-005838
2632,1298,1298,2025-07-20,20,PayPal,Success,INV-002632
3172,1567,1567,2025-07-21,20,PayPal,Success,INV-003172
5091,2570,2570,2025-07-21,20,Credit Card,Success,INV-005091
658,363,363,2025-07-21,20,Bank Transfer,Failed,INV-000658
1414,718,718,2025-07-21,20,Bank Transfer,Success,INV-001414
3766,1851,1851,2025-07-21,240,Credit Card,Success,INV-003766
706,380,380,2025-07-21,50,Bank Transfer,Success,INV-000706
1838,901,901,2025-07-21,20,Credit Card,Success,INV-001838
5461,2746,2746,2025-07-21,20,Credit Card,Success,INV-005461
1641,831,831,2025-07-21,50,UPI,Success,INV-001641
785,439,439,2025-07-21,50,PayPal,Success,INV-000785
516,287,287,2025-07-21,20,UPI,Success,INV-000516
5049,2537,2537,2025-07-21,20,UPI,Success,INV-005049
3978,1965,1965,2025-07-21,50,Credit Card,Failed,INV-003978
4812,2417,2417,2025-07-21,20,Credit Card,Success,INV-004812
2663,1308,1308,2025-07-22,50,PayPal,Success,INV-002663
737,400,400,2025-07-22,20,UPI,Success,INV-000737
336,173,173,2025-07-22,20,PayPal,Success,INV-000336
5455,2743,2743,2025-07-22,20,PayPal,Success,INV-005455
3448,1696,1696,2025-07-22,20,Bank Transfer,Success,INV-003448
1003,523,523,2025-07-22,50,UPI,Success,INV-001003
249,108,108,2025-07-22,20,PayPal,Success,INV-000249
2119,1037,1037,2025-07-22,20,PayPal,Success,INV-002119
4326,2154,2154,2025-07-22,20,Bank Transfer,Success,INV-004326
3287,1618,1618,2025-07-22,50,UPI,Success,INV-003287
3746,1835,1835,2025-07-22,20,UPI,Success,INV-003746
3809,1869,1869,2025-07-22,20,PayPal,Success,INV-003809
1834,899,899,2025-07-22,50,PayPal,Success,INV-001834
1252,646,646,2025-07-22,20,PayPal,Success,INV-001252
5528,2784,2784,2025-07-22,20,UPI,Success,INV-005528
5285,2666,2666,2025-07-22,20,PayPal,Success,INV-005285
2223,1072,1072,2025-07-22,20,Credit Card,Success,INV-002223
167,76,76,2025-07-22,50,PayPal,Success,INV-000167
4946,2478,2478,2025-07-22,50,Credit Card,Success,INV-004946
4967,2486,2486,2025-07-23,50,UPI,Success,INV-004967
5396,2715,2715,2025-07-23,20,Bank Transfer,Success,INV-005396
1774,883,883,2025-07-23,20,Credit Card,Success,INV-001774
628,342,342,2025-07-23,50,Credit Card,Failed,INV-000628
2485,1214,1214,2025-07-23,20,UPI,Success,INV-002485
4785,2399,2399,2025-07-23,20,Credit Card,Success,INV-004785
880,471,471,2025-07-23,20,Credit Card,Success,INV-000880
5504,2774,2774,2025-07-23,20,PayPal,Success,INV-005504
940,499,499,2025-07-23,240,Credit Card,Success,INV-000940
4197,2068,2068,2025-07-23,50,UPI,Success,INV-004197
2938,1445,1445,2025-07-23,50,Bank Transfer,Success,INV-002938
1964,969,969,2025-07-23,600,Bank Transfer,Success,INV-001964
3314,1625,1625,2025-07-23,20,UPI,Success,INV-003314
1027,544,544,2025-07-23,50,Bank Transfer,Success,INV-001027
2037,1004,1004,2025-07-23,20,UPI,Success,INV-002037
2158,1052,1052,2025-07-24,50,UPI,Success,INV-002158
5141,2598,2598,2025-07-24,20,Credit Card,Success,INV-005141
3889,1927,1927,2025-07-24,50,PayPal,Success,INV-003889
1919,938,938,2025-07-24,20,UPI,Success,INV-001919
1518,764,764,2025-07-24,50,PayPal,Success,INV-001518
1382,705,705,2025-07-24,20,UPI,Success,INV-001382
2206,1065,1065,2025-07-24,50,UPI,Success,INV-002206
1683,854,854,2025-07-24,20,Bank Transfer,Success,INV-001683
2734,1343,1343,2025-07-24,20,Bank Transfer,Success,INV-002734
388,217,217,2025-07-24,600,UPI,Success,INV-000388
1706,856,856,2025-07-24,50,UPI,Success,INV-001706
3925,1936,1936,2025-07-25,20,Bank Transfer,Success,INV-003925
1694,855,855,2025-07-25,20,Bank Transfer,Success,INV-001694
5673,2851,2851,2025-07-25,50,Bank Transfer,Success,INV-005673
2545,1252,1252,2025-07-25,20,Bank Transfer,Success,INV-002545
3160,1566,1566,2025-07-25,50,Bank Transfer,Success,INV-003160
3507,1740,1740,2025-07-25,20,PayPal,Success,INV-003507
3481,1722,1722,2025-07-25,20,Bank Transfer,Success,INV-003481
870,469,469,2025-07-25,50,UPI,Success,INV-000870
4598,2315,2315,2025-07-25,50,Bank Transfer,Success,INV-004598
1364,701,701,2025-07-25,20,Bank Transfer,Success,INV-001364
487,281,281,2025-07-25,20,UPI,Success,INV-000487
4008,1968,1968,2025-07-26,20,Credit Card,Success,INV-004008
4458,2220,2220,2025-07-26,20,Credit Card,Success,INV-004458
3392,1671,1671,2025-07-26,240,PayPal,Success,INV-003392
84,28,28,2025-07-26,20,Bank Transfer,Success,INV-000084
1205,623,623,2025-07-26,20,Credit Card,Success,INV-001205
2515,1231,1231,2025-07-26,20,PayPal,Success,INV-002515
934,498,498,2025-07-26,20,Credit Card,Success,INV-000934
3037,1499,1499,2025-07-26,20,UPI,Success,INV-003037
4612,2318,2318,2025-07-26,20,PayPal,Success,INV-004612
2742,1347,1347,2025-07-26,20,UPI,Failed,INV-002742
5637,2841,2841,2025-07-26,20,Bank Transfer,Success,INV-005637
1354,697,697,2025-07-26,50,UPI,Success,INV-001354
4283,2112,2112,2025-07-26,20,UPI,Success,INV-004283
4163,2055,2055,2025-07-27,50,PayPal,Success,INV-004163
2328,1120,1120,2025-07-27,20,Credit Card,Success,INV-002328
544,298,298,2025-07-27,50,PayPal,Success,INV-000544
435,255,255,2025-07-27,20,Bank Transfer,Success,INV-000435
4987,2494,2494,2025-07-27,240,Credit Card,Success,INV-004987
3109,1547,1547,2025-07-27,20,Credit Card,Success,INV-003109
533,291,291,2025-07-27,20,UPI,Success,INV-000533
4031,1989,1989,2025-07-27,20,Credit Card,Success,INV-004031
243,107,107,2025-07-27,20,PayPal,Success,INV-000243
3351,1642,1642,2025-07-27,50,Bank Transfer,Success,INV-003351
5365,2706,2706,2025-07-27,20,Bank Transfer,Success,INV-005365
2580,1270,1270,2025-07-27,20,UPI,Success,INV-002580
2646,1302,1302,2025-07-27,20,PayPal,Success,INV-002646
3989,1966,1966,2025-07-27,20,Credit Card,Success,INV-003989
3948,1941,1941,2025-07-27,50,Bank Transfer,Success,INV-003948
5041,2535,2535,2025-07-27,50,UPI,Success,INV-005041
3519,1741,1741,2025-07-27,20,Credit Card,Success,INV-003519
4216,2080,2080,2025-07-28,50,PayPal,Success,INV-004216
4868,2446,2446,2025-07-28,50,Bank Transfer,Success,INV-004868
1051,561,561,2025-07-28,20,Bank Transfer,Success,INV-001051
4818,2420,2420,2025-07-28,20,Bank Transfer,Success,INV-004818
5743,2880,2880,2025-07-28,20,Credit Card,Success,INV-005743
4368,2179,2179,2025-07-28,50,Bank Transfer,Success,INV-004368
5549,2799,2799,2025-07-28,240,Credit Card,Success,INV-005549
4305,2135,2135,2025-07-28,50,Credit Card,Success,INV-004305
1887,916,916,2025-07-28,20,UPI,Success,INV-001887
4723,2371,2371,2025-07-28,20,Credit Card,Success,INV-004723
1786,885,885,2025-07-28,20,UPI,Success,INV-001786
5153,2600,2600,2025-07-28,20,UPI,Success,INV-005153
2787,1369,1369,2025-07-28,20,UPI,Success,INV-002787
4391,2185,2185,2025-07-28,50,Credit Card,Success,INV-004391
4066,2013,2013,2025-07-28,50,Bank Transfer,Success,INV-004066
329,172,172,2025-07-28,20,UPI,Success,INV-000329
3865,1918,1918,2025-07-28,50,Credit Card,Success,INV-003865
1979,978,978,2025-07-28,20,UPI,Success,INV-001979
2168,1053,1053,2025-07-28,50,UPI,Success,INV-002168
822,456,456,2025-07-28,50,PayPal,Success,INV-000822
3855,1910,1910,2025-07-28,20,Bank Transfer,Success,INV-003855
3270,1614,1614,2025-07-28,20,Credit Card,Success,INV-003270
1752,869,869,2025-07-28,20,Bank Transfer,Success,INV-001752
5170,2609,2609,2025-07-28,20,Credit Card,Success,INV-005170
1100,576,576,2025-07-28,20,Bank Transfer,Success,INV-001100
184,84,84,2025-07-28,50,UPI,Success,INV-000184
460,264,264,2025-07-28,50,Bank Transfer,Success,INV-000460
4854,2441,2441,2025-07-28,20,Bank Transfer,Success,INV-004854
2881,1409,1409,2025-07-29,50,Bank Transfer,Success,INV-002881
4079,2024,2024,2025-07-29,50,PayPal,Success,INV-004079
5472,2753,2753,2025-07-29,50,PayPal,Success,INV-005472
3899,1928,1928,2025-07-29,50,Credit Card,Success,INV-003899
973,514,514,2025-07-29,20,PayPal,Success,INV-000973
2607,1287,1287,2025-07-29,50,Bank Transfer,Success,INV-002607
971,510,510,2025-07-29,240,PayPal,Success,INV-000971
5940,2994,2994,2025-07-29,20,UPI,Success,INV-005940
3296,1620,1620,2025-07-30,50,Credit Card,Success,INV-003296
909,488,488,2025-07-30,20,UPI,Success,INV-000909
694,371,371,2025-07-30,20,Credit Card,Success,INV-000694
1604,809,809,2025-07-30,20,UPI,Success,INV-001604
5237,2648,2648,2025-07-30,20,Credit Card,Success,INV-005237
643,358,358,2025-07-30,50,Bank Transfer,Success,INV-000643
3998,1967,1967,2025-07-30,50,Credit Card,Success,INV-003998
3489,1725,1725,2025-07-30,20,Bank Transfer,Success,INV-003489
4650,2340,2340,2025-07-30,20,Bank Transfer,Success,INV-004650
1579,802,802,2025-07-30,50,Credit Card,Success,INV-001579
5300,2685,2685,2025-07-30,50,PayPal,Success,INV-005300
3726,1832,1832,2025-07-30,20,Bank Transfer,Success,INV-003726
4508,2266,2266,2025-07-30,20,UPI,Success,INV-004508
5194,2632,2632,2025-07-30,20,Credit Card,Success,INV-005194
3009,1490,1490,2025-07-30,50,UPI,Success,INV-003009
4269,2101,2101,2025-07-30,50,Credit Card,Success,INV-004269
3753,1843,1843,2025-07-30,20,Credit Card,Success,INV-003753
4587,2308,2308,2025-07-30,20,Credit Card,Success,INV-004587
2093,1027,1027,2025-07-31,20,Credit Card,Success,INV-002093
2538,1251,1251,2025-07-31,20,Bank Transfer,Success,INV-002538
4181,2064,2064,2025-07-31,600,Credit Card,Success,INV-004181
2906,1424,1424,2025-07-31,20,UPI,Success,INV-002906
365,192,192,2025-08-01,50,Bank Transfer,Success,INV-000365
4681,2357,2357,2025-08-01,20,PayPal,Success,INV-004681
2720,1339,1339,2025-08-01,20,PayPal,Success,INV-002720
1347,691,691,2025-08-01,20,UPI,Success,INV-001347
9,2,2,2025-08-01,20,Credit Card,Failed,INV-000009
4234,2094,2094,2025-08-01,20,UPI,Success,INV-004234
2976,1460,1460,2025-08-01,20,Bank Transfer,Success,INV-002976
183,83,83,2025-08-01,20,Bank Transfer,Success,INV-000183
2575,1268,1268,2025-08-01,50,Bank Transfer,Success,INV-002575
2653,1306,1306,2025-08-01,20,PayPal,Success,INV-002653
3596,1781,1781,2025-08-01,50,PayPal,Success,INV-003596
5221,2645,2645,2025-08-01,20,PayPal,Success,INV-005221
1215,628,628,2025-08-01,20,PayPal,Success,INV-001215
5111,2579,2579,2025-08-01,20,PayPal,Success,INV-005111
840,462,462,2025-08-01,20,Credit Card,Success,INV-000840
4579,2306,2306,2025-08-01,50,Bank Transfer,Success,INV-004579
3659,1801,1801,2025-08-01,20,UPI,Failed,INV-003659
406,224,224,2025-08-01,50,Credit Card,Success,INV-000406
2255,1090,1090,2025-08-01,50,UPI,Success,INV-002255
653,359,359,2025-08-01,20,Bank Transfer,Success,INV-000653
5754,2884,2884,2025-08-01,20,Credit Card,Success,INV-005754
1764,873,873,2025-08-02,20,PayPal,Success,INV-001764
952,502,502,2025-08-02,20,Bank Transfer,Success,INV-000952
3397,1676,1676,2025-08-02,20,Credit Card,Success,INV-003397
2562,1262,1262,2025-08-02,20,UPI,Success,INV-002562
158,69,69,2025-08-02,20,Bank Transfer,Success,INV-000158
5892,2975,2975,2025-08-02,20,Credit Card,Success,INV-005892
146,63,63,2025-08-02,50,Credit Card,Success,INV-000146
123,38,38,2025-08-02,20,PayPal,Success,INV-000123
3531,1747,1747,2025-08-02,240,UPI,Success,INV-003531
3121,1559,1559,2025-08-02,50,UPI,Success,INV-003121
766,430,430,2025-08-02,20,UPI,Success,INV-000766
1187,619,619,2025-08-02,20,Credit Card,Failed,INV-001187
5027,2523,2523,2025-08-02,240,Credit Card,Success,INV-005027
1124,592,592,2025-08-02,50,Credit Card,Success,INV-001124
3968,1953,1953,2025-08-03,20,PayPal,Success,INV-003968
5856,2950,2950,2025-08-03,20,Credit Card,Success,INV-005856
3735,1833,1833,2025-08-03,20,PayPal,Success,INV-003735
3586,1778,1778,2025-08-03,50,Bank Transfer,Success,INV-003586
20,8,8,2025-08-03,50,Bank Transfer,Success,INV-000020
4334,2157,2157,2025-08-03,50,Bank Transfer,Failed,INV-004334
2846,1398,1398,2025-08-03,20,PayPal,Success,INV-002846
3602,1784,1784,2025-08-03,20,Credit Card,Success,INV-003602
5816,2923,2923,2025-08-03,20,PayPal,Success,INV-005816
5244,2651,2651,2025-08-03,50,PayPal,Success,INV-005244
1850,904,904,2025-08-03,50,Credit Card,Success,INV-001850
3278,1616,1616,2025-08-03,20,Bank Transfer,Success,INV-003278
3614,1786,1786,2025-08-03,20,UPI,Success,INV-003614
5667,2850,2850,2025-08-03,50,UPI,Success,INV-005667
4936,2477,2477,2025-08-03,20,UPI,Failed,INV-004936
78,26,26,2025-08-03,50,UPI,Success,INV-000078
1227,630,630,2025-08-03,20,UPI,Success,INV-001227
41,14,14,2025-08-03,20,PayPal,Success,INV-000041
1731,862,862,2025-08-03,20,Credit Card,Success,INV-001731
2868,1406,1406,2025-08-03,50,Credit Card,Success,INV-002868
502,285,285,2025-08-03,20,Bank Transfer,Success,INV-000502
835,457,457,2025-08-03,20,PayPal,Success,INV-000835
947,500,500,2025-08-03,20,Credit Card,Success,INV-000947
2349,1124,1124,2025-08-04,20,UPI,Success,INV-002349
5686,2853,2853,2025-08-04,50,PayPal,Success,INV-005686
2323,1116,1116,2025-08-04,20,Bank Transfer,Success,INV-002323
4629,2333,2333,2025-08-04,50,Credit Card,Success,INV-004629
5350,2702,2702,2025-08-04,20,Credit Card,Success,INV-005350
1011,524,524,2025-08-04,20,Credit Card,Success,INV-001011
1335,690,690,2025-08-04,50,Bank Transfer,Success,INV-001335
1232,631,631,2025-08-04,20,Credit Card,Success,INV-001232
3473,1711,1711,2025-08-04,20,Bank Transfer,Success,INV-003473
2933,1444,1444,2025-08-04,50,Credit Card,Success,INV-002933
3627,1794,1794,2025-08-04,50,UPI,Success,INV-003627
1959,968,968,2025-08-04,20,Bank Transfer,Success,INV-001959
1670,847,847,2025-08-04,20,Bank Transfer,Success,INV-001670
4483,2249,2249,2025-08-04,50,UPI,Success,INV-004483
4138,2042,2042,2025-08-04,50,PayPal,Success,INV-004138
1435,722,722,2025-08-05,20,UPI,Success,INV-001435
62,19,19,2025-08-05,50,Bank Transfer,Success,INV-000062
607,327,327,2025-08-05,20,PayPal,Success,INV-000607
2308,1105,1105,2025-08-05,50,PayPal,Success,INV-002308
5602,2833,2833,2025-08-05,20,Credit Card,Success,INV-005602
2054,1010,1010,2025-08-05,20,PayPal,Success,INV-002054
1529,765,765,2025-08-05,20,Bank Transfer,Success,INV-001529
5704,2863,2863,2025-08-05,20,PayPal,Success,INV-005704
2239,1076,1076,2025-08-05,20,Bank Transfer,Failed,INV-002239
3192,1579,1579,2025-08-05,20,UPI,Failed,INV-003192
5011,2516,2516,2025-08-05,50,PayPal,Success,INV-005011
3966,1946,1946,2025-08-05,20,Bank Transfer,Success,INV-003966
4250,2096,2096,2025-08-05,50,Credit Card,Success,INV-004250
5188,2625,2625,2025-08-05,20,Credit Card,Success,INV-005188
4101,2030,2030,2025-08-05,20,Credit Card,Success,INV-004101
5006,2510,2510,2025-08-05,20,UPI,Success,INV-005006
5712,2864,2864,2025-08-05,20,PayPal,Success,INV-005712
5932,2992,2992,2025-08-05,50,PayPal,Success,INV-005932
3424,1687,1687,2025-08-05,20,Credit Card,Success,INV-003424
3133,1561,1561,2025-08-05,20,PayPal,Success,INV-003133
1557,794,794,2025-08-05,20,Credit Card,Success,INV-001557
93,30,30,2025-08-05,50,UPI,Success,INV-000093
622,333,333,2025-08-05,50,Bank Transfer,Success,INV-000622
4404,2187,2187,2025-08-05,20,Bank Transfer,Success,INV-004404
4641,2337,2337,2025-08-05,50,Credit Card,Success,INV-004641
5622,2837,2837,2025-08-05,50,PayPal,Success,INV-005622
4439,2213,2213,2025-08-05,50,UPI,Success,INV-004439
4431,2206,2206,2025-08-05,20,Bank Transfer,Success,INV-004431
2989,1470,1470,2025-08-05,50,PayPal,Success,INV-002989
2105,1028,1028,2025-08-05,20,UPI,Success,INV-002105
4151,2048,2048,2025-08-05,50,PayPal,Success,INV-004151
2362,1133,1133,2025-08-06,20,PayPal,Success,INV-002362
4261,2098,2098,2025-08-06,50,Credit Card,Success,INV-004261
3635,1795,1795,2025-08-06,50,PayPal,Success,INV-003635
987,521,521,2025-08-06,20,PayPal,Success,INV-000987
5183,2621,2621,2025-08-06,20,UPI,Success,INV-005183
2681,1324,1324,2025-08-06,20,Credit Card,Success,INV-002681
1392,707,707,2025-08-06,50,Credit Card,Success,INV-001392
4834,2434,2434,2025-08-06,50,PayPal,Success,INV-004834
4843,2435,2435,2025-08-06,20,PayPal,Success,INV-004843
2956,1447,1447,2025-08-06,50,Credit Card,Success,INV-002956
5216,2644,2644,2025-08-06,50,PayPal,Success,INV-005216
5319,2696,2696,2025-08-06,20,PayPal,Success,INV-005319
4490,2253,2253,2025-08-06,20,UPI,Success,INV-004490
5123,2581,2581,2025-08-06,20,UPI,Success,INV-005123
4496,2259,2259,2025-08-06,50,UPI,Success,INV-004496
3777,1856,1856,2025-08-06,20,Credit Card,Success,INV-003777
5102,2571,2571,2025-08-06,20,Bank Transfer,Success,INV-005102
4905,2464,2464,2025-08-06,240,PayPal,Success,INV-004905
5860,2952,2952,2025-08-06,50,PayPal,Success,INV-005860
687,369,369,2025-08-07,50,PayPal,Success,INV-000687
3230,1597,1597,2025-08-07,20,PayPal,Success,INV-003230
2066,1019,1019,2025-08-07,20,UPI,Success,INV-002066
3701,1826,1826,2025-08-07,20,UPI,Success,INV-003701
4914,2467,2467,2025-08-07,50,Credit Card,Success,INV-004914
5022,2522,2522,2025-08-07,50,Credit Card,Success,INV-005022
1064,563,563,2025-08-07,20,Bank Transfer,Success,INV-001064
581,317,317,2025-08-07,50,UPI,Failed,INV-000581
5847,2948,2948,2025-08-07,50,Credit Card,Success,INV-005847
4927,2473,2473,2025-08-07,20,PayPal,Success,INV-004927
1087,572,572,2025-08-07,50,Bank Transfer,Success,INV-001087
4049,2006,2006,2025-08-07,50,UPI,Success,INV-004049
1042,560,560,2025-08-07,20,PayPal,Success,INV-001042
2466,1202,1202,2025-08-08,50,PayPal,Success,INV-002466
5786,2906,2906,2025-08-08,20,Bank Transfer,Success,INV-005786
2533,1247,1247,2025-08-08,20,UPI,Success,INV-002533
2214,1071,1071,2025-08-08,20,Bank Transfer,Success,INV-002214
1621,818,818,2025-08-08,20,Credit Card,Success,INV-001621
5723,2867,2867,2025-08-08,20,Bank Transfer,Success,INV-005723
2863,1403,1403,2025-08-08,20,Bank Transfer,Success,INV-002863
3717,1831,1831,2025-08-08,50,Bank Transfer,Success,INV-003717
3150,1565,1565,2025-08-08,20,PayPal,Success,INV-003150
2142,1043,1043,2025-08-08,50,Credit Card,Success,INV-002142
4562,2303,2303,2025-08-08,50,Bank Transfer,Success,INV-004562
3761,1845,1845,2025-08-08,20,UPI,Success,INV-003761
4729,2372,2372,2025-08-08,20,Bank Transfer,Success,INV-004729
3367,1658,1658,2025-08-08,20,Credit Card,Success,INV-003367
2263,1093,1093,2025-08-08,20,PayPal,Success,INV-002263
262,124,124,2025-08-08,240,Credit Card,Success,INV-000262
1155,608,608,2025-08-08,20,Credit Card,Success,INV-001155
1118,585,585,2025-08-08,20,Credit Card,Success,INV-001118
1929,941,941,2025-08-08,20,PayPal,Success,INV-001929
1946,955,955,2025-08-08,50,PayPal,Success,INV-001946
816,454,454,2025-08-08,50,PayPal,Success,INV-000816
966,506,506,2025-08-08,20,Bank Transfer,Success,INV-000966
4242,2095,2095,2025-08-08,20,UPI,Success,INV-004242
591,318,318,2025-08-08,50,Credit Card,Success,INV-000591
2803,1376,1376,2025-08-08,20,PayPal,Success,INV-002803
4702,2363,2363,2025-08-08,50,Bank Transfer,Success,INV-004702
3245,1600,1600,2025-08-09,50,Bank Transfer,Failed,INV-003245
5732,2874,2874,2025-08-09,20,Credit Card,Success,INV-005732
616,329,329,2025-08-09,50,UPI,Success,INV-000616
3333,1629,1629,2025-08-09,20,UPI,Success,INV-003333
5084,2564,2564,2025-08-09,50,PayPal,Success,INV-005084
5882,2969,2969,2025-08-09,20,PayPal,Success,INV-005882
2472,1204,1204,2025-08-09,50,Bank Transfer,Success,INV-002472
3908,1931,1931,2025-08-09,20,Bank Transfer,Success,INV-003908
3916,1935,1935,2025-08-09,20,UPI,Success,INV-003916
5496,2769,2769,2025-08-09,20,Credit Card,Success,INV-005496
771,432,432,2025-08-09,600,Bank Transfer,Success,INV-000771
1165,609,609,2025-08-09,20,UPI,Success,INV-001165
1106,577,577,2025-08-09,20,Bank Transfer,Success,INV-001106
4995,2504,2504,2025-08-09,20,Bank Transfer,Success,INV-004995
5613,2836,2836,2025-08-09,50,Bank Transfer,Success,INV-005613
3414,1682,1682,2025-08-09,50,PayPal,Success,INV-003414
2019,999,999,2025-08-09,50,Bank Transfer,Success,INV-002019
5310,2690,2690,2025-08-09,20,Bank Transfer,Success,INV-005310
522,289,289,2025-08-09,20,PayPal,Success,INV-000522
355,191,191,2025-08-09,20,PayPal,Success,INV-000355
2755,1352,1352,2025-08-09,20,UPI,Success,INV-002755
2301,1104,1104,2025-08-09,50,Bank Transfer,Success,INV-002301
1246,639,639,2025-08-10,50,UPI,Success,INV-001246
3772,1855,1855,2025-08-10,20,Credit Card,Success,INV-003772
131,48,48,2025-08-10,20,Credit Card,Success,INV-000131
2794,1371,1371,2025-08-10,20,PayPal,Success,INV-002794
2367,1134,1134,2025-08-10,20,Credit Card,Success,INV-002367
792,440,440,2025-08-10,50,Bank Transfer,Success,INV-000792
453,263,263,2025-08-10,20,Credit Card,Success,INV-000453
2596,1282,1282,2025-08-10,20,UPI,Success,INV-002596
5422,2723,2723,2025-08-10,50,Bank Transfer,Success,INV-005422
1320,684,684,2025-08-10,20,UPI,Success,INV-001320
1588,807,807,2025-08-10,50,PayPal,Success,INV-001588
211,94,94,2025-08-10,50,UPI,Success,INV-000211
5791,2907,2907,2025-08-10,240,Credit Card,Failed,INV-005791
1455,738,738,2025-08-10,20,Credit Card,Success,INV-001455
2726,1341,1341,2025-08-10,20,Bank Transfer,Success,INV-002726
1491,757,757,2025-08-10,20,PayPal,Success,INV-001491
2343,1123,1123,2025-08-10,50,UPI,Success,INV-002343
4780,2398,2398,2025-08-10,50,UPI,Failed,INV-004780
177,78,78,2025-08-10,50,Credit Card,Success,INV-000177
4116,2034,2034,2025-08-10,50,Bank Transfer,Success,INV-004116
3641,1797,1797,2025-08-11,20,Credit Card,Success,INV-003641
1720,861,861,2025-08-11,50,Credit Card,Success,INV-001720
2696,1333,1333,2025-08-11,50,PayPal,Success,INV-002696
112,37,37,2025-08-11,20,UPI,Success,INV-000112
2433,1181,1181,2025-08-11,20,UPI,Success,INV-002433
4671,2347,2347,2025-08-11,20,PayPal,Success,INV-004671
3066,1514,1514,2025-08-11,20,PayPal,Success,INV-003066
2454,1197,1197,2025-08-11,20,PayPal,Success,INV-002454
902,487,487,2025-08-11,50,Bank Transfer,Success,INV-000902
4342,2163,2163,2025-08-11,50,PayPal,Failed,INV-004342
4769,2396,2396,2025-08-11,50,Credit Card,Success,INV-004769
3259,1606,1606,2025-08-11,20,Bank Transfer,Success,INV-003259
3222,1596,1596,2025-08-11,20,PayPal,Success,INV-003222
2417,1174,1174,2025-08-11,20,Credit Card,Success,INV-002417
4088,2027,2027,2025-08-11,20,PayPal,Success,INV-004088
1078,568,568,2025-08-11,20,Bank Transfer,Success,INV-001078
478,275,275,2025-08-11,20,UPI,Failed,INV-000478
4381,2183,2183,2025-08-11,20,Credit Card,Success,INV-004381
3026,1498,1498,2025-08-11,20,PayPal,Success,INV-003026
4176,2063,2063,2025-08-11,20,PayPal,Success,INV-004176
1281,660,660,2025-08-12,20,Bank Transfer,Success,INV-001281
5378,2708,2708,2025-08-12,50,PayPal,Success,INV-005378
3649,1798,1798,2025-08-12,20,Bank Transfer,Success,INV-003649
2775,1366,1366,2025-08-12,20,Bank Transfer,Success,INV-002775
102,35,35,2025-08-12,20,Credit Card,Success,INV-000102
5763,2893,2893,2025-08-12,20,Bank Transfer,Success,INV-005763
5075,2558,2558,2025-08-12,50,UPI,Success,INV-005075
4549,2300,2300,2025-08-12,20,Bank Transfer,Success,INV-004549
2827,1382,1382,2025-08-12,20,Credit Card,Success,INV-002827
1441,728,728,2025-08-12,20,UPI,Success,INV-001441
754,406,406,2025-08-12,20,Bank Transfer,Success,INV-000754
2446,1196,1196,2025-08-12,20,Credit Card,Success,INV-002446
1738,864,864,2025-08-12,20,UPI,Success,INV-001738
1933,942,942,2025-08-12,50,UPI,Success,INV-001933
5869,2966,2966,2025-08-12,50,Bank Transfer,Success,INV-005869
234,104,104,2025-08-12,20,UPI,Success,INV-000234
2951,1446,1446,2025-08-12,20,UPI,Success,INV-002951
1712,858,858,2025-08-12,50,Credit Card,Success,INV-001712
2995,1472,1472,2025-08-12,20,UPI,Success,INV-002995
224,99,99,2025-08-12,20,PayPal,Success,INV-000224
353,190,190,2025-08-12,50,PayPal,Success,INV-000353
3200,1589,1589,2025-08-12,50,Credit Card,Success,INV-003200
4875,2450,2450,2025-08-12,20,UPI,Success,INV-004875
5324,2697,2697,2025-08-12,50,Credit Card,Success,INV-005324
557,299,299,2025-08-12,20,PayPal,Success,INV-000557
1865,907,907,2025-08-12,20,Credit Card,Success,INV-001865
3461,1706,1706,2025-08-12,20,UPI,Success,INV-003461
1629,822,822,2025-08-12,50,Credit Card,Success,INV-001629
2966,1454,1454,2025-08-12,20,Credit Card,Success,INV-002966
2821,1380,1380,2025-08-13,20,PayPal,Success,INV-002821
5277,2664,2664,2025-08-13,20,UPI,Success,INV-005277
1295,667,667,2025-08-13,20,Bank Transfer,Failed,INV-001295
1136,594,594,2025-08-13,20,Credit Card,Success,INV-001136
2687,1325,1325,2025-08-13,50,PayPal,Success,INV-002687
4122,2036,2036,2025-08-13,20,PayPal,Success,INV-004122
5443,2734,2734,2025-08-13,50,UPI,Success,INV-005443
3181,1571,1571,2025-08-13,50,PayPal,Success,INV-003181
5749,2882,2882,2025-08-13,20,PayPal,Success,INV-005749
5560,2815,2815,2025-08-13,20,PayPal,Success,INV-005560
2290,1103,1103,2025-08-13,50,Bank Transfer,Success,INV-002290
4897,2461,2461,2025-08-13,20,Bank Transfer,Success,INV-004897
1508,762,762,2025-08-13,50,Credit Card,Success,INV-001508
3081,1527,1527,2025-08-13,50,Bank Transfer,Success,INV-003081
1469,744,744,2025-08-13,50,Credit Card,Success,INV-001469
3045,1501,1501,2025-08-13,50,UPI,Success,INV-003045
3055,1512,1512,2025-08-13,20,Bank Transfer,Success,INV-003055
5654,2843,2843,2025-08-13,20,Bank Transfer,Failed,INV-005654
297,158,158,2025-08-13,20,Credit Card,Success,INV-000297
4659,2344,2344,2025-08-13,50,Bank Transfer,Success,INV-004659
5776,2905,2905,2025-08-13,50,UPI,Success,INV-005776
5070,2557,2557,2025-08-13,20,PayPal,Success,INV-005070
566,300,300,2025-08-13,20,Bank Transfer,Success,INV-000566
4556,2302,2302,2025-08-13,20,PayPal,Success,INV-004556
1017,535,535,2025-08-13,600,Credit Card,Success,INV-001017
2380,1151,1151,2025-08-13,20,PayPal,Success,INV-002380
5841,2943,2943,2025-08-14,20,Credit Card,Success,INV-005841
3209,1590,1590,2025-08-14,50,PayPal,Success,INV-003209
49,16,16,2025-08-14,50,UPI,Success,INV-000049
919,491,491,2025-08-14,50,Credit Card,Success,INV-000919
4386,2184,2184,2025-08-14,50,Bank Transfer,Success,INV-004386
4298,2124,2124,2025-08-14,20,Bank Transfer,Success,INV-004298
665,365,365,2025-08-14,50,UPI,Success,INV-000665
1793,886,886,2025-08-14,20,Bank Transfer,Success,INV-001793
1197,620,620,2025-08-14,20,Bank Transfer,Success,INV-001197
2618,1293,1293,2025-08-14,20,Bank Transfer,Success,INV-002618
5389,2711,2711,2025-08-14,50,Bank Transfer,Success,INV-005389
1661,841,841,2025-08-14,50,UPI,Success,INV-001661
3694,1824,1824,2025-08-14,20,Bank Transfer,Success,INV-003694
2602,1283,1283,2025-08-14,50,Bank Transfer,Success,INV-002602
2244,1077,1077,2025-08-14,20,Credit Card,Success,INV-002244
1423,721,721,2025-08-14,50,UPI,Success,INV-001423
137,53,53,2025-08-14,20,Bank Transfer,Success,INV-000137
2589,1276,1276,2025-08-14,50,Credit Card,Success,INV-002589
4465,2225,2225,2025-08-14,50,Bank Transfer,Success,INV-004465
3402,1677,1677,2025-08-14,20,Bank Transfer,Success,INV-003402
1374,703,703,2025-08-14,20,UPI,Success,INV-001374
3801,1867,1867,2025-08-14,20,UPI,Success,INV-003801
3818,1881,1881,2025-08-14,20,Bank Transfer,Success,INV-003818
744,402,402,2025-08-14,20,Bank Transfer,Failed,INV-000744
5359,2703,2703,2025-08-14,20,PayPal,Failed,INV-005359
1816,892,892,2025-08-14,50,UPI,Success,INV-001816
2390,1153,1153,2025-08-14,20,Bank Transfer,Success,INV-002390
5415,2720,2720,2025-08-14,50,UPI,Success,INV-005415
316,163,163,2025-08-15,20,Bank Transfer,Success,INV-000316
4187,2066,2066,2025-08-15,20,Credit Card,Success,INV-004187
3880,1925,1925,2025-08-15,20,UPI,Success,INV-003880
267,132,132,2025-08-15,50,UPI,Success,INV-000267
3935,1937,1937,2025-08-15,20,UPI,Success,INV-003935
3015,1493,1493,2025-08-15,20,UPI,Success,INV-003015
4312,2137,2137,2025-08-15,20,Credit Card,Success,INV-004312
2403,1165,1165,2025-08-15,20,Credit Card,Success,INV-002403
2029,1002,1002,2025-08-15,20,PayPal,Success,INV-002029
2277,1100,1100,2025-08-15,20,UPI,Success,INV-002277
5230,2647,2647,2025-08-15,50,UPI,Success,INV-005230
994,522,522,2025-08-15,20,UPI,Success,INV-000994
1881,910,910,2025-08-15,20,Credit Card,Success,INV-001881
5269,2660,2660,2025-08-15,50,UPI,Success,INV-005269
959,503,503,2025-08-15,20,UPI,Success,INV-000959
1595,808,808,2025-08-15,50,PayPal,Success,INV-001595
4521,2280,2280,2025-08-16,50,UPI,Success,INV-004521
1829,898,898,2025-08-16,50,PayPal,Success,INV-001829
5547,2797,2797,2025-08-16,20,UPI,Success,INV-005547
3842,1889,1889,2025-08-16,20,Bank Transfer,Success,INV-003842
3386,1669,1669,2025-08-16,50,UPI,Success,INV-003386
4973,2489,2489,2025-08-16,600,UPI,Success,INV-004973
1265,651,651,2025-08-16,20,Bank Transfer,Success,INV-001265
389,218,218,2025-08-16,20,PayPal,Success,INV-000389
3326,1626,1626,2025-08-16,20,PayPal,Success,INV-003326
602,324,324,2025-08-16,20,PayPal,Failed,INV-000602
4960,2483,2483,2025-08-16,50,PayPal,Success,INV-004960
5802,2912,2912,2025-08-16,240,Bank Transfer,Success,INV-005802
5572,2817,2817,2025-08-16,20,PayPal,Success,INV-005572
718,387,387,2025-08-17,50,UPI,Success,INV-000718
4712,2368,2368,2025-08-17,20,UPI,Failed,INV-004712
2152,1051,1051,2025-08-17,20,UPI,Success,INV-002152
2077,1022,1022,2025-08-17,50,UPI,Success,INV-002077
5797,2909,2909,2025-08-17,20,UPI,Success,INV-005797
5694,2855,2855,2025-08-17,50,UPI,Success,INV-005694
2496,1217,1217,2025-08-17,20,UPI,Success,INV-002496
636,345,345,2025-08-17,20,PayPal,Success,INV-000636
2207,1066,1066,2025-08-17,20,Bank Transfer,Success,INV-002207
3679,1816,1816,2025-08-17,20,PayPal,Success,INV-003679
1905,932,932,2025-08-17,20,UPI,Success,INV-001905
5330,2698,2698,2025-08-17,20,UPI,Success,INV-005330
2088,1024,1024,2025-08-18,20,Credit Card,Success,INV-002088
3101,1545,1545,2025-08-18,20,UPI,Success,INV-003101
5812,2920,2920,2025-08-18,240,UPI,Success,INV-005812
3826,1882,1882,2025-08-18,50,Bank Transfer,Success,INV-003826
4574,2305,2305,2025-08-18,20,PayPal,Success,INV-004574
1804,891,891,2025-08-18,20,UPI,Success,INV-001804
5590,2829,2829,2025-08-18,20,Bank Transfer,Success,INV-005590
1177,616,616,2025-08-18,20,Bank Transfer,Success,INV-001177
670,366,366,2025-08-18,20,Bank Transfer,Failed,INV-000670
5340,2700,2700,2025-08-18,50,Bank Transfer,Success,INV-005340
1974,976,976,2025-08-18,20,PayPal,Success,INV-001974
4907,2465,2465,2025-08-18,20,PayPal,Success,INV-004907
4978,2490,2490,2025-08-18,20,PayPal,Success,INV-004978
292,149,149,2025-08-18,20,Credit Card,Success,INV-000292
1992,981,981,2025-08-18,20,Credit Card,Success,INV-001992
851,464,464,2025-08-18,20,Bank Transfer,Success,INV-000851
2355,1131,1131,2025-08-18,20,Credit Card,Success,INV-002355
1300,671,671,2025-08-18,50,Credit Card,Success,INV-001300
1656,835,835,2025-08-18,20,Bank Transfer,Success,INV-001656
4352,2168,2168,2025-08-18,20,UPI,Success,INV-004352
489,282,282,2025-08-18,50,UPI,Success,INV-000489
5203,2635,2635,2025-08-18,50,Credit Card,Success,INV-005203
5482,2755,2755,2025-08-18,20,PayPal,Success,INV-005482
5911,2980,2980,2025-08-18,50,PayPal,Success,INV-005911
1913,936,936,2025-08-18,50,PayPal,Failed,INV-001913
4145,2044,2044,2025-08-18,50,Credit Card,Success,INV-004145
2833,1389,1389,2025-08-19,20,Credit Card,Success,INV-002833
3591,1779,1779,2025-08-19,20,PayPal,Success,INV-003591
3581,1776,1776,2025-08-19,50,Bank Transfer,Success,INV-003581
5066,2553,2553,2025-08-19,50,Bank Transfer,Success,INV-005066
1147,603,603,2025-08-19,20,Credit Card,Success,INV-001147
575,303,303,2025-08-19,20,UPI,Success,INV-000575
1564,795,795,2025-08-19,20,Bank Transfer,Success,INV-001564
2423,1176,1176,2025-08-19,20,Bank Transfer,Success,INV-002423
3091,1536,1536,2025-08-19,600,UPI,Success,INV-003091
2708,1337,1337,2025-08-19,50,Credit Card,Success,INV-002708
4411,2191,2191,2025-08-19,50,Credit Card,Success,INV-004411
3561,1763,1763,2025-08-19,20,PayPal,Success,INV-003561
3791,1859,1859,2025-08-19,20,PayPal,Success,INV-003791
3303,1623,1623,2025-08-19,50,UPI,Success,INV-003303
33,10,10,2025-08-19,50,UPI,Success,INV-000033
3540,1753,1753,2025-08-19,20,Bank Transfer,Success,INV-003540
191,87,87,2025-08-19,20,PayPal,Success,INV-000191
2895,1414,1414,2025-08-19,20,PayPal,Success,INV-002895
803,447,447,2025-08-19,20,Credit Card,Success,INV-000803
5264,2657,2657,2025-08-19,20,Credit Card,Success,INV-005264
3433,1689,1689,2025-08-19,20,UPI,Success,INV-003433
5581,2823,2823,2025-08-19,20,Credit Card,Success,INV-005581
2761,1361,1361,2025-08-19,20,UPI,Success,INV-002761
1968,972,972,2025-08-19,20,PayPal,Success,INV-001968
2809,1379,1379,2025-08-19,20,Credit Card,Success,INV-002809
730,396,396,2025-08-19,20,Bank Transfer,Success,INV-000730
2195,1060,1060,2025-08-20,20,Credit Card,Success,INV-002195
4753,2389,2389,2025-08-20,20,UPI,Success,INV-004753
3074,1523,1523,2025-08-20,20,PayPal,Success,INV-003074
5828,2926,2926,2025-08-20,20,Bank Transfer,Success,INV-005828
2179,1056,1056,2025-08-20,50,PayPal,Success,INV-002179
276,133,133,2025-08-20,20,Bank Transfer,Success,INV-000276
862,465,465,2025-08-20,20,PayPal,Success,INV-000862
2048,1008,1008,2025-08-20,50,UPI,Success,INV-002048
308,161,161,2025-08-20,20,PayPal,Success,INV-000308
5250,2652,2652,2025-08-20,20,UPI,Failed,INV-005250
1403,715,715,2025-08-20,20,PayPal,Success,INV-001403
3374,1667,1667,2025-08-20,20,UPI,Success,INV-003374
4321,2147,2147,2025-08-20,240,Bank Transfer,Success,INV-004321
443,262,262,2025-08-20,20,PayPal,Success,INV-000443
2633,1298,1298,2025-08-20,20,PayPal,Success,INV-002633
2004,985,985,2025-08-20,20,PayPal,Failed,INV-002004
2269,1098,1098,2025-08-20,240,Bank Transfer,Failed,INV-002269
3550,1755,1755,2025-08-20,20,UPI,Success,INV-003550
4764,2391,2391,2025-08-20,20,UPI,Success,INV-004764
473,274,274,2025-08-20,20,PayPal,Success,INV-000473
4692,2362,2362,2025-08-20,20,Credit Card,Success,INV-004692
4417,2200,2200,2025-08-21,20,Credit Card,Success,INV-004417
707,380,380,2025-08-21,50,Credit Card,Success,INV-000707
786,439,439,2025-08-21,50,PayPal,Success,INV-000786
5462,2746,2746,2025-08-21,20,Bank Transfer,Success,INV-005462
1839,901,901,2025-08-21,20,UPI,Success,INV-001839
517,287,287,2025-08-21,20,UPI,Success,INV-000517
3979,1965,1965,2025-08-21,50,Credit Card,Failed,INV-003979
1415,718,718,2025-08-21,20,UPI,Failed,INV-001415
4813,2417,2417,2025-08-21,20,Bank Transfer,Success,INV-004813
5050,2537,2537,2025-08-21,20,PayPal,Success,INV-005050
3173,1567,1567,2025-08-21,20,PayPal,Failed,INV-003173
659,363,363,2025-08-21,20,Bank Transfer,Success,INV-000659
1236,635,635,2025-08-21,20,UPI,Success,INV-001236
4678,2356,2356,2025-08-21,600,PayPal,Success,INV-004678
1642,831,831,2025-08-21,50,Credit Card,Failed,INV-001642
5514,2779,2779,2025-08-21,50,PayPal,Success,INV-005514
5092,2570,2570,2025-08-21,20,UPI,Success,INV-005092
2120,1037,1037,2025-08-22,20,UPI,Success,INV-002120
2224,1072,1072,2025-08-22,20,Credit Card,Success,INV-002224
5286,2666,2666,2025-08-22,20,UPI,Success,INV-005286
3449,1696,1696,2025-08-22,20,UPI,Success,INV-003449
1004,523,523,2025-08-22,50,PayPal,Success,INV-001004
738,400,400,2025-08-22,20,Credit Card,Success,INV-000738
3747,1835,1835,2025-08-22,20,Credit Card,Success,INV-003747
3810,1869,1869,2025-08-22,20,PayPal,Success,INV-003810
337,173,173,2025-08-22,20,PayPal,Success,INV-000337
4947,2478,2478,2025-08-22,50,PayPal,Success,INV-004947
3288,1618,1618,2025-08-22,50,Credit Card,Success,INV-003288
1253,646,646,2025-08-22,20,Bank Transfer,Success,INV-001253
5529,2784,2784,2025-08-22,20,Bank Transfer,Success,INV-005529
2664,1308,1308,2025-08-22,50,PayPal,Success,INV-002664
168,76,76,2025-08-22,50,UPI,Success,INV-000168
69,23,23,2025-08-22,20,UPI,Success,INV-000069
250,108,108,2025-08-22,20,PayPal,Success,INV-000250
2525,1243,1243,2025-08-22,50,PayPal,Failed,INV-002525
4327,2154,2154,2025-08-22,20,Credit Card,Success,INV-004327
1835,899,899,2025-08-22,50,PayPal,Success,INV-001835
4290,2123,2123,2025-08-22,20,UPI,Success,INV-004290
4786,2399,2399,2025-08-23,20,Credit Card,Success,INV-004786
5505,2774,2774,2025-08-23,20,Credit Card,Success,INV-005505
881,471,471,2025-08-23,20,PayPal,Success,INV-000881
3315,1625,1625,2025-08-23,20,Bank Transfer,Success,INV-003315
4198,2068,2068,2025-08-23,50,UPI,Success,INV-004198
2901,1421,1421,2025-08-23,20,UPI,Success,INV-002901
3372,1662,1662,2025-08-23,240,Credit Card,Failed,INV-003372
2486,1214,1214,2025-08-23,20,Credit Card,Success,INV-002486
5489,2768,2768,2025-08-23,50,Bank Transfer,Failed,INV-005489
2939,1445,1445,2025-08-23,50,Credit Card,Success,INV-002939
4968,2486,2486,2025-08-23,50,Bank Transfer,Success,INV-004968
629,342,342,2025-08-23,50,UPI,Success,INV-000629
5397,2715,2715,2025-08-23,20,Credit Card,Success,INV-005397
2038,1004,1004,2025-08-23,20,Credit Card,Success,INV-002038
3338,1631,1631,2025-08-23,50,UPI,Success,INV-003338
1775,883,883,2025-08-23,20,UPI,Success,INV-001775
3671,1815,1815,2025-08-23,20,Bank Transfer,Success,INV-003671
4224,2091,2091,2025-08-23,240,Credit Card,Success,INV-004224
1028,544,544,2025-08-23,50,PayPal,Success,INV-001028
5900,2979,2979,2025-08-23,50,UPI,Success,INV-005900
1519,764,764,2025-08-24,50,UPI,Success,INV-001519
1920,938,938,2025-08-24,20,UPI,Success,INV-001920
5142,2598,2598,2025-08-24,20,UPI,Success,INV-005142
4827,2430,2430,2025-08-24,20,PayPal,Success,INV-004827
3890,1927,1927,2025-08-24,50,PayPal,Success,INV-003890
2735,1343,1343,2025-08-24,20,PayPal,Failed,INV-002735
1684,854,854,2025-08-24,20,PayPal,Success,INV-001684
1383,705,705,2025-08-24,20,Bank Transfer,Success,INV-001383
2159,1052,1052,2025-08-24,50,Bank Transfer,Success,INV-002159
1707,856,856,2025-08-24,50,Credit Card,Success,INV-001707
1695,855,855,2025-08-25,20,UPI,Success,INV-001695
4599,2315,2315,2025-08-25,50,UPI,Success,INV-004599
488,281,281,2025-08-25,20,PayPal,Success,INV-000488
1038,553,553,2025-08-25,240,Credit Card,Success,INV-001038
1365,701,701,2025-08-25,20,UPI,Success,INV-001365
3508,1740,1740,2025-08-25,20,Bank Transfer,Success,INV-003508
3161,1566,1566,2025-08-25,50,PayPal,Success,INV-003161
871,469,469,2025-08-25,50,Credit Card,Success,INV-000871
4203,2071,2071,2025-08-25,50,Bank Transfer,Success,INV-004203
2546,1252,1252,2025-08-25,20,PayPal,Success,INV-002546
3482,1722,1722,2025-08-25,20,UPI,Failed,INV-003482
5674,2851,2851,2025-08-25,50,Bank Transfer,Success,INV-005674
3926,1936,1936,2025-08-25,20,Credit Card,Success,INV-003926
4170,2062,2062,2025-08-25,50,Credit Card,Success,INV-004170
1355,697,697,2025-08-26,50,Credit Card,Success,INV-001355
4284,2112,2112,2025-08-26,20,Credit Card,Success,INV-004284
3038,1499,1499,2025-08-26,20,PayPal,Failed,INV-003038
2743,1347,1347,2025-08-26,20,PayPal,Success,INV-002743
935,498,498,2025-08-26,20,Bank Transfer,Success,INV-000935
4009,1968,1968,2025-08-26,20,PayPal,Success,INV-004009
85,28,28,2025-08-26,20,Bank Transfer,Success,INV-000085
735,398,398,2025-08-26,240,Bank Transfer,Success,INV-000735
4106,2033,2033,2025-08-26,50,Bank Transfer,Success,INV-004106
4613,2318,2318,2025-08-26,20,PayPal,Success,INV-004613
5803,2916,2916,2025-08-26,20,UPI,Success,INV-005803
4459,2220,2220,2025-08-26,20,UPI,Success,INV-004459
1206,623,623,2025-08-26,20,Credit Card,Success,INV-001206
2010,991,991,2025-08-26,50,Credit Card,Success,INV-002010
5638,2841,2841,2025-08-26,20,UPI,Failed,INV-005638
2516,1231,1231,2025-08-26,20,Credit Card,Success,INV-002516
4889,2460,2460,2025-08-26,20,Bank Transfer,Success,INV-004889
436,255,255,2025-08-27,20,PayPal,Success,INV-000436
4883,2458,2458,2025-08-27,50,PayPal,Success,INV-004883
3520,1741,1741,2025-08-27,20,UPI,Success,INV-003520
3949,1941,1941,2025-08-27,50,UPI,Success,INV-003949
2928,1443,1443,2025-08-27,20,Credit Card,Success,INV-002928
534,291,291,2025-08-27,20,PayPal,Success,INV-000534
1896,925,925,2025-08-27,600,PayPal,Success,INV-001896
5403,2719,2719,2025-08-27,50,Credit Card,Success,INV-005403
2581,1270,1270,2025-08-27,20,Credit Card,Success,INV-002581
4164,2055,2055,2025-08-27,50,PayPal,Success,INV-004164
1021,540,540,2025-08-27,600,UPI,Success,INV-001021
4032,1989,1989,2025-08-27,20,Bank Transfer,Success,INV-004032
2329,1120,1120,2025-08-27,20,UPI,Success,INV-002329
3110,1547,1547,2025-08-27,20,Bank Transfer,Success,INV-003110
2647,1302,1302,2025-08-27,20,Bank Transfer,Success,INV-002647
5042,2535,2535,2025-08-27,50,Bank Transfer,Success,INV-005042
5366,2706,2706,2025-08-27,20,UPI,Success,INV-005366
3706,1830,1830,2025-08-27,20,Credit Card,Success,INV-003706
3990,1966,1966,2025-08-27,20,PayPal,Success,INV-003990
545,298,298,2025-08-27,50,Bank Transfer,Success,INV-000545
3352,1642,1642,2025-08-27,50,UPI,Success,INV-003352
244,107,107,2025-08-27,20,Credit Card,Success,INV-000244
4306,2135,2135,2025-08-28,50,PayPal,Success,INV-004306
4392,2185,2185,2025-08-28,50,Bank Transfer,Success,INV-004392
2788,1369,1369,2025-08-28,20,Credit Card,Success,INV-002788
5744,2880,2880,2025-08-28,20,UPI,Success,INV-005744
3856,1910,1910,2025-08-28,20,UPI,Success,INV-003856
3271,1614,1614,2025-08-28,20,Bank Transfer,Success,INV-003271
4819,2420,2420,2025-08-28,20,UPI,Failed,INV-004819
4127,2040,2040,2025-08-28,20,Credit Card,Success,INV-004127
4217,2080,2080,2025-08-28,50,Credit Card,Success,INV-004217
5171,2609,2609,2025-08-28,20,UPI,Success,INV-005171
461,264,264,2025-08-28,50,UPI,Failed,INV-000461
1052,561,561,2025-08-28,20,PayPal,Success,INV-001052
1787,885,885,2025-08-28,20,Bank Transfer,Success,INV-001787
1888,916,916,2025-08-28,20,UPI,Success,INV-001888
4869,2446,2446,2025-08-28,50,Credit Card,Success,INV-004869
4369,2179,2179,2025-08-28,50,Credit Card,Success,INV-004369
4724,2371,2371,2025-08-28,20,PayPal,Success,INV-004724
823,456,456,2025-08-28,50,UPI,Success,INV-000823
1753,869,869,2025-08-28,20,PayPal,Success,INV-001753
5154,2600,2600,2025-08-28,20,Credit Card,Success,INV-005154
4067,2013,2013,2025-08-28,50,PayPal,Success,INV-004067
185,84,84,2025-08-28,50,Credit Card,Success,INV-000185
1101,576,576,2025-08-28,20,UPI,Success,INV-001101
330,172,172,2025-08-28,20,Bank Transfer,Success,INV-000330
3866,1918,1918,2025-08-28,50,UPI,Success,INV-003866
4855,2441,2441,2025-08-28,20,Credit Card,Success,INV-004855
1980,978,978,2025-08-28,20,Credit Card,Success,INV-001980
2169,1053,1053,2025-08-28,50,UPI,Success,INV-002169
2925,1437,1437,2025-08-28,600,PayPal,Success,INV-002925
2608,1287,1287,2025-08-29,50,Credit Card,Success,INV-002608
3900,1928,1928,2025-08-29,50,PayPal,Success,INV-003900
4444,2214,2214,2025-08-29,20,Credit Card,Success,INV-004444
3573,1772,1772,2025-08-29,50,Bank Transfer,Success,INV-003573
974,514,514,2025-08-29,20,PayPal,Success,INV-000974
2882,1409,1409,2025-08-29,50,UPI,Failed,INV-002882
5473,2753,2753,2025-08-29,50,Credit Card,Success,INV-005473
5941,2994,2994,2025-08-29,20,PayPal,Success,INV-005941
4080,2024,2024,2025-08-29,50,UPI,Success,INV-004080
196,89,89,2025-08-30,20,PayPal,Success,INV-000196
4509,2266,2266,2025-08-30,20,UPI,Success,INV-004509
4651,2340,2340,2025-08-30,20,UPI,Success,INV-004651
5195,2632,2632,2025-08-30,20,UPI,Success,INV-005195
1460,743,743,2025-08-30,50,UPI,Success,INV-001460
1546,791,791,2025-08-30,20,PayPal,Success,INV-001546
3727,1832,1832,2025-08-30,20,PayPal,Success,INV-003727
3490,1725,1725,2025-08-30,20,PayPal,Success,INV-003490
3233,1599,1599,2025-08-30,50,PayPal,Success,INV-003233
3999,1967,1967,2025-08-30,50,PayPal,Success,INV-003999
4588,2308,2308,2025-08-30,20,PayPal,Success,INV-004588
1605,809,809,2025-08-30,20,Credit Card,Success,INV-001605
4270,2101,2101,2025-08-30,50,UPI,Success,INV-004270
3297,1620,1620,2025-08-30,50,UPI,Success,INV-003297
3754,1843,1843,2025-08-30,20,Bank Transfer,Success,INV-003754
3010,1490,1490,2025-08-30,50,UPI,Success,INV-003010
5301,2685,2685,2025-08-30,50,UPI,Success,INV-005301
1580,802,802,2025-08-30,50,Bank Transfer,Success,INV-001580
910,488,488,2025-08-30,20,Bank Transfer,Success,INV-000910
695,371,371,2025-08-30,20,Bank Transfer,Success,INV-000695
644,358,358,2025-08-30,50,UPI,Success,INV-000644
5238,2648,2648,2025-08-30,20,Bank Transfer,Success,INV-005238
2907,1424,1424,2025-08-31,20,PayPal,Success,INV-002907
2094,1027,1027,2025-08-31,20,PayPal,Success,INV-002094
2539,1251,1251,2025-08-31,20,Credit Card,Success,INV-002539
25,9,9,2025-08-31,20,PayPal,Success,INV-000025
4410,2190,2190,2025-08-31,240,Bank Transfer,Success,INV-004410
1676,851,851,2025-08-31,20,Bank Transfer,Success,INV-001676
5537,2790,2790,2025-08-31,240,Credit Card,Failed,INV-005537
2977,1460,1460,2025-09-01,20,Bank Transfer,Success,INV-002977
1216,628,628,2025-09-01,20,UPI,Success,INV-001216
2135,1041,1041,2025-09-01,20,Credit Card,Success,INV-002135
5222,2645,2645,2025-09-01,20,Credit Card,Success,INV-005222
4682,2357,2357,2025-09-01,20,PayPal,Success,INV-004682
5755,2884,2884,2025-09-01,20,Credit Card,Success,INV-005755
1348,691,691,2025-09-01,20,Bank Transfer,Success,INV-001348
654,359,359,2025-09-01,20,UPI,Success,INV-000654
2576,1268,1268,2025-09-01,50,Credit Card,Success,INV-002576
3498,1733,1733,2025-09-01,20,PayPal,Success,INV-003498
4580,2306,2306,2025-09-01,50,PayPal,Success,INV-004580
468,273,273,2025-09-01,50,Bank Transfer,Success,INV-000468
366,192,192,2025-09-01,50,PayPal,Success,INV-000366
2256,1090,1090,2025-09-01,50,Bank Transfer,Success,INV-002256
1513,763,763,2025-09-01,240,Credit Card,Success,INV-001513
3660,1801,1801,2025-09-01,20,Bank Transfer,Success,INV-003660
10,2,2,2025-09-01,20,Credit Card,Success,INV-000010
4235,2094,2094,2025-09-01,20,Bank Transfer,Success,INV-004235
2721,1339,1339,2025-09-01,20,Bank Transfer,Success,INV-002721
2654,1306,1306,2025-09-01,20,Bank Transfer,Success,INV-002654
5112,2579,2579,2025-09-01,20,PayPal,Success,INV-005112
1610,810,810,2025-09-01,240,Bank Transfer,Failed,INV-001610
841,462,462,2025-09-01,20,Bank Transfer,Success,INV-000841
407,224,224,2025-09-01,50,Credit Card,Success,INV-000407
3597,1781,1781,2025-09-01,50,UPI,Success,INV-003597
1765,873,873,2025-09-02,20,Credit Card,Success,INV-001765
159,69,69,2025-09-02,20,PayPal,Success,INV-000159
953,502,502,2025-09-02,20,PayPal,Success,INV-000953
5034,2534,2534,2025-09-02,20,Credit Card,Success,INV-005034
2838,1397,1397,2025-09-02,50,Credit Card,Success,INV-002838
1188,619,619,2025-09-02,20,Bank Transfer,Success,INV-001188
2563,1262,1262,2025-09-02,20,Credit Card,Success,INV-002563
1125,592,592,2025-09-02,50,Credit Card,Success,INV-001125
767,430,430,2025-09-02,20,UPI,Success,INV-000767
3122,1559,1559,2025-09-02,50,PayPal,Success,INV-003122
5893,2975,2975,2025-09-02,20,UPI,Success,INV-005893
147,63,63,2025-09-02,50,PayPal,Success,INV-000147
3398,1676,1676,2025-09-02,20,UPI,Success,INV-003398
374,197,197,2025-09-02,50,Bank Transfer,Success,INV-000374
124,38,38,2025-09-02,20,Credit Card,Success,INV-000124
4335,2157,2157,2025-09-03,50,Bank Transfer,Success,INV-004335
836,457,457,2025-09-03,20,Bank Transfer,Success,INV-000836
948,500,500,2025-09-03,20,UPI,Success,INV-000948
4039,1999,1999,2025-09-03,50,Bank Transfer,Success,INV-004039
3279,1616,1616,2025-09-03,20,PayPal,Success,INV-003279
3969,1953,1953,2025-09-03,20,Bank Transfer,Success,INV-003969
3587,1778,1778,2025-09-03,50,Credit Card,Success,INV-003587
2869,1406,1406,2025-09-03,50,UPI,Failed,INV-002869
79,26,26,2025-09-03,50,Bank Transfer,Success,INV-000079
4937,2477,2477,2025-09-03,20,Bank Transfer,Success,INV-004937
21,8,8,2025-09-03,50,PayPal,Failed,INV-000021
1732,862,862,2025-09-03,20,UPI,Success,INV-001732
2847,1398,1398,2025-09-03,20,Credit Card,Success,INV-002847
5668,2850,2850,2025-09-03,50,PayPal,Success,INV-005668
503,285,285,2025-09-03,20,PayPal,Success,INV-000503
3736,1833,1833,2025-09-03,20,Credit Card,Success,INV-003736
1228,630,630,2025-09-03,20,UPI,Success,INV-001228
1851,904,904,2025-09-03,50,Credit Card,Success,INV-001851
5857,2950,2950,2025-09-03,20,PayPal,Success,INV-005857
42,14,14,2025-09-03,20,Credit Card,Success,INV-000042
1290,666,666,2025-09-03,20,Credit Card,Success,INV-001290
3603,1784,1784,2025-09-03,20,UPI,Success,INV-003603
5817,2923,2923,2025-09-03,20,UPI,Success,INV-005817
5245,2651,2651,2025-09-03,50,UPI,Success,INV-005245
3615,1786,1786,2025-09-03,20,UPI,Success,INV-003615
2934,1444,1444,2025-09-04,50,UPI,Success,INV-002934
5538,2793,2793,2025-09-04,20,Credit Card,Success,INV-005538
1336,690,690,2025-09-04,50,Bank Transfer,Success,INV-001336
2324,1116,1116,2025-09-04,20,PayPal,Success,INV-002324
4630,2333,2333,2025-09-04,50,Bank Transfer,Success,INV-004630
2350,1124,1124,2025-09-04,20,UPI,Success,INV-002350
5351,2702,2702,2025-09-04,20,Credit Card,Success,INV-005351
1012,524,524,2025-09-04,20,PayPal,Success,INV-001012
5687,2853,2853,2025-09-04,50,Bank Transfer,Success,INV-005687
3474,1711,1711,2025-09-04,20,UPI,Success,INV-003474
4484,2249,2249,2025-09-04,50,UPI,Success,INV-004484
1960,968,968,2025-09-04,20,PayPal,Success,INV-001960
4139,2042,2042,2025-09-04,50,PayPal,Success,INV-004139
1671,847,847,2025-09-04,20,Credit Card,Success,INV-001671
3628,1794,1794,2025-09-04,50,Credit Card,Success,INV-003628
1233,631,631,2025-09-04,20,Bank Transfer,Success,INV-001233
4470,2227,2227,2025-09-05,20,UPI,Success,INV-004470
4152,2048,2048,2025-09-05,50,Bank Transfer,Success,INV-004152
2055,1010,1010,2025-09-05,20,PayPal,Success,INV-002055
3193,1579,1579,2025-09-05,20,PayPal,Success,INV-003193
1558,794,794,2025-09-05,20,PayPal,Success,INV-001558
5933,2992,2992,2025-09-05,50,Bank Transfer,Success,INV-005933
5713,2864,2864,2025-09-05,20,Credit Card,Success,INV-005713
4251,2096,2096,2025-09-05,50,UPI,Success,INV-004251
5603,2833,2833,2025-09-05,20,PayPal,Success,INV-005603
2106,1028,1028,2025-09-05,20,Credit Card,Success,INV-002106
2990,1470,1470,2025-09-05,50,Bank Transfer,Success,INV-002990
608,327,327,2025-09-05,20,Bank Transfer,Success,INV-000608
2240,1076,1076,2025-09-05,20,Bank Transfer,Success,INV-002240
4739,2381,2381,2025-09-05,50,UPI,Success,INV-004739
4405,2187,2187,2025-09-05,20,PayPal,Success,INV-004405
5007,2510,2510,2025-09-05,20,Credit Card,Success,INV-005007
4734,2376,2376,2025-09-05,20,Credit Card,Success,INV-004734
5012,2516,2516,2025-09-05,50,PayPal,Success,INV-005012
3684,1817,1817,2025-09-05,20,PayPal,Success,INV-003684
63,19,19,2025-09-05,50,UPI,Success,INV-000063
4642,2337,2337,2025-09-05,50,Credit Card,Success,INV-004642
1436,722,722,2025-09-05,20,UPI,Failed,INV-001436
94,30,30,2025-09-05,50,Bank Transfer,Success,INV-000094
623,333,333,2025-09-05,50,UPI,Success,INV-000623
4440,2213,2213,2025-09-05,50,Credit Card,Success,INV-004440
1530,765,765,2025-09-05,20,UPI,Success,INV-001530
4432,2206,2206,2025-09-05,20,UPI,Success,INV-004432
3134,1561,1561,2025-09-05,20,Bank Transfer,Success,INV-003134
3425,1687,1687,2025-09-05,20,Credit Card,Success,INV-003425
4102,2030,2030,2025-09-05,20,UPI,Success,INV-004102
5189,2625,2625,2025-09-05,20,PayPal,Success,INV-005189
5623,2837,2837,2025-09-05,50,Bank Transfer,Success,INV-005623
1821,894,894,2025-09-05,20,Credit Card,Success,INV-001821
2309,1105,1105,2025-09-05,50,Credit Card,Success,INV-002309
5705,2863,2863,2025-09-05,20,UPI,Success,INV-005705
3636,1795,1795,2025-09-06,50,Credit Card,Success,INV-003636
4844,2435,2435,2025-09-06,20,Credit Card,Success,INV-004844
5861,2952,2952,2025-09-06,50,UPI,Success,INV-005861
988,521,521,2025-09-06,20,UPI,Success,INV-000988
4497,2259,2259,2025-09-06,50,Credit Card,Success,INV-004497
4835,2434,2434,2025-09-06,50,Bank Transfer,Success,INV-004835
5184,2621,2621,2025-09-06,20,Credit Card,Success,INV-005184
2363,1133,1133,2025-09-06,20,Credit Card,Success,INV-002363
4262,2098,2098,2025-09-06,50,Credit Card,Success,INV-004262
5660,2845,2845,2025-09-06,240,Credit Card,Success,INV-005660
5217,2644,2644,2025-09-06,50,Bank Transfer,Success,INV-005217
4491,2253,2253,2025-09-06,20,UPI,Success,INV-004491
5208,2636,2636,2025-09-06,20,Credit Card,Success,INV-005208
2682,1324,1324,2025-09-06,20,UPI,Success,INV-002682
2957,1447,1447,2025-09-06,50,UPI,Success,INV-002957
1393,707,707,2025-09-06,50,Bank Transfer,Failed,INV-001393
5320,2696,2696,2025-09-06,20,PayPal,Success,INV-005320
5103,2571,2571,2025-09-06,20,Bank Transfer,Success,INV-005103
655,362,362,2025-09-06,240,Credit Card,Success,INV-000655
3778,1856,1856,2025-09-06,20,Credit Card,Success,INV-003778
5124,2581,2581,2025-09-06,20,PayPal,Success,INV-005124
1088,572,572,2025-09-07,50,Credit Card,Success,INV-001088
4928,2473,2473,2025-09-07,20,Bank Transfer,Success,INV-004928
5023,2522,2522,2025-09-07,50,Bank Transfer,Success,INV-005023
4050,2006,2006,2025-09-07,50,Credit Card,Failed,INV-004050
1065,563,563,2025-09-07,20,Bank Transfer,Success,INV-001065
3569,1771,1771,2025-09-07,20,PayPal,Success,INV-003569
3702,1826,1826,2025-09-07,20,PayPal,Failed,INV-003702
582,317,317,2025-09-07,50,PayPal,Success,INV-000582
2067,1019,1019,2025-09-07,20,Credit Card,Success,INV-002067
688,369,369,2025-09-07,50,PayPal,Success,INV-000688
1043,560,560,2025-09-07,20,Credit Card,Success,INV-001043
5848,2948,2948,2025-09-07,50,PayPal,Success,INV-005848
3231,1597,1597,2025-09-07,20,PayPal,Failed,INV-003231
5554,2805,2805,2025-09-07,20,PayPal,Success,INV-005554
4915,2467,2467,2025-09-07,50,UPI,Success,INV-004915
4730,2372,2372,2025-09-08,20,PayPal,Success,INV-004730
1622,818,818,2025-09-08,20,Credit Card,Success,INV-001622
1156,608,608,2025-09-08,20,Credit Card,Success,INV-001156
2534,1247,1247,2025-09-08,20,UPI,Success,INV-002534
597,321,321,2025-09-08,20,Credit Card,Success,INV-000597
817,454,454,2025-09-08,50,PayPal,Success,INV-000817
967,506,506,2025-09-08,20,Bank Transfer,Success,INV-000967
3151,1565,1565,2025-09-08,20,Bank Transfer,Success,INV-003151
2804,1376,1376,2025-09-08,20,Bank Transfer,Success,INV-002804
1947,955,955,2025-09-08,50,Credit Card,Success,INV-001947
592,318,318,2025-09-08,50,PayPal,Success,INV-000592
1870,908,908,2025-09-08,50,Bank Transfer,Success,INV-001870
2143,1043,1043,2025-09-08,50,PayPal,Success,INV-002143
3368,1658,1658,2025-09-08,20,Bank Transfer,Success,INV-003368
2864,1403,1403,2025-09-08,20,PayPal,Success,INV-002864
2920,1430,1430,2025-09-08,50,Credit Card,Success,INV-002920
1119,585,585,2025-09-08,20,UPI,Success,INV-001119
5787,2906,2906,2025-09-08,20,PayPal,Success,INV-005787
3718,1831,1831,2025-09-08,50,Credit Card,Success,INV-003718
4243,2095,2095,2025-09-08,20,UPI,Success,INV-004243
2264,1093,1093,2025-09-08,20,PayPal,Success,INV-002264
2916,1427,1427,2025-09-08,20,Bank Transfer,Success,INV-002916
3762,1845,1845,2025-09-08,20,Credit Card,Success,INV-003762
2467,1202,1202,2025-09-08,50,PayPal,Success,INV-002467
5724,2867,2867,2025-09-08,20,Bank Transfer,Success,INV-005724
4563,2303,2303,2025-09-08,50,Credit Card,Success,INV-004563
2215,1071,1071,2025-09-08,20,Bank Transfer,Success,INV-002215
4703,2363,2363,2025-09-08,50,Credit Card,Success,INV-004703
3334,1629,1629,2025-09-09,20,PayPal,Success,INV-003334
1166,609,609,2025-09-09,20,UPI,Success,INV-001166
2756,1352,1352,2025-09-09,20,PayPal,Success,INV-002756
3415,1682,1682,2025-09-09,50,PayPal,Success,INV-003415
5883,2969,2969,2025-09-09,20,Credit Card,Success,INV-005883
5614,2836,2836,2025-09-09,50,Bank Transfer,Success,INV-005614
3438,1695,1695,2025-09-09,20,PayPal,Success,INV-003438
5311,2690,2690,2025-09-09,20,Bank Transfer,Success,INV-005311
523,289,289,2025-09-09,20,Bank Transfer,Success,INV-000523
2473,1204,1204,2025-09-09,50,UPI,Success,INV-002473
2184,1058,1058,2025-09-09,20,PayPal,Success,INV-002184
2302,1104,1104,2025-09-09,50,Bank Transfer,Success,INV-002302
2020,999,999,2025-09-09,50,UPI,Success,INV-002020
5497,2769,2769,2025-09-09,20,PayPal,Failed,INV-005497
3909,1931,1931,2025-09-09,20,Bank Transfer,Success,INV-003909
617,329,329,2025-09-09,50,PayPal,Success,INV-000617
3917,1935,1935,2025-09-09,20,UPI,Success,INV-003917
5733,2874,2874,2025-09-09,20,Credit Card,Success,INV-005733
356,191,191,2025-09-09,20,PayPal,Success,INV-000356
4996,2504,2504,2025-09-09,20,Bank Transfer,Success,INV-004996
1107,577,577,2025-09-09,20,Credit Card,Success,INV-001107
3246,1600,1600,2025-09-09,50,Credit Card,Success,INV-003246
1325,688,688,2025-09-09,50,PayPal,Failed,INV-001325
5085,2564,2564,2025-09-09,50,PayPal,Success,INV-005085
5029,2529,2529,2025-09-09,20,PayPal,Success,INV-005029
2344,1123,1123,2025-09-10,50,Bank Transfer,Success,INV-002344
2368,1134,1134,2025-09-10,20,UPI,Success,INV-002368
1456,738,738,2025-09-10,20,Credit Card,Success,INV-001456
1321,684,684,2025-09-10,20,Credit Card,Failed,INV-001321
4781,2398,2398,2025-09-10,50,UPI,Failed,INV-004781
1666,842,842,2025-09-10,50,Credit Card,Success,INV-001666
212,94,94,2025-09-10,50,PayPal,Success,INV-000212
793,440,440,2025-09-10,50,Bank Transfer,Success,INV-000793
2795,1371,1371,2025-09-10,20,UPI,Success,INV-002795
5423,2723,2723,2025-09-10,50,Credit Card,Success,INV-005423
3773,1855,1855,2025-09-10,20,UPI,Success,INV-003773
2727,1341,1341,2025-09-10,20,Credit Card,Success,INV-002727
1589,807,807,2025-09-10,50,UPI,Success,INV-001589
1611,813,813,2025-09-10,20,Credit Card,Success,INV-001611
178,78,78,2025-09-10,50,Bank Transfer,Success,INV-000178
4117,2034,2034,2025-09-10,50,PayPal,Failed,INV-004117
2669,1310,1310,2025-09-10,20,Bank Transfer,Success,INV-002669
1492,757,757,2025-09-10,20,PayPal,Success,INV-001492
1247,639,639,2025-09-10,50,Credit Card,Success,INV-001247
2597,1282,1282,2025-09-10,20,Bank Transfer,Success,INV-002597
454,263,263,2025-09-10,20,PayPal,Success,INV-000454
132,48,48,2025-09-10,20,PayPal,Success,INV-000132
2434,1181,1181,2025-09-11,20,PayPal,Success,INV-002434
4073,2016,2016,2025-09-11,50,PayPal,Success,INV-004073
3223,1596,1596,2025-09-11,20,PayPal,Success,INV-003223
113,37,37,2025-09-11,20,PayPal,Success,INV-000113
3027,1498,1498,2025-09-11,20,PayPal,Success,INV-003027
4343,2163,2163,2025-09-11,50,UPI,Success,INV-004343
4089,2027,2027,2025-09-11,20,Credit Card,Success,INV-004089
2697,1333,1333,2025-09-11,50,UPI,Success,INV-002697
1478,751,751,2025-09-11,20,UPI,Success,INV-001478
4303,2127,2127,2025-09-11,240,PayPal,Failed,INV-004303
1721,861,861,2025-09-11,50,PayPal,Success,INV-001721
4382,2183,2183,2025-09-11,20,Bank Transfer,Success,INV-004382
479,275,275,2025-09-11,20,UPI,Success,INV-000479
2418,1174,1174,2025-09-11,20,Bank Transfer,Success,INV-002418
4672,2347,2347,2025-09-11,20,Credit Card,Failed,INV-004672
4770,2396,2396,2025-09-11,50,Credit Card,Success,INV-004770
3067,1514,1514,2025-09-11,20,PayPal,Success,INV-003067
1079,568,568,2025-09-11,20,Bank Transfer,Failed,INV-001079
903,487,487,2025-09-11,50,UPI,Success,INV-000903
2110,1031,1031,2025-09-11,20,Bank Transfer,Success,INV-002110
3642,1797,1797,2025-09-11,20,PayPal,Success,INV-003642
3260,1606,1606,2025-09-11,20,Bank Transfer,Success,INV-003260
2455,1197,1197,2025-09-11,20,PayPal,Success,INV-002455
4177,2063,2063,2025-09-11,20,UPI,Success,INV-004177
3650,1798,1798,2025-09-12,20,UPI,Success,INV-003650
4876,2450,2450,2025-09-12,20,UPI,Success,INV-004876
5325,2697,2697,2025-09-12,50,Credit Card,Success,INV-005325
1866,907,907,2025-09-12,20,UPI,Failed,INV-001866
3462,1706,1706,2025-09-12,20,PayPal,Success,INV-003462
354,190,190,2025-09-12,50,PayPal,Success,INV-000354
3201,1589,1589,2025-09-12,50,Bank Transfer,Success,INV-003201
2447,1196,1196,2025-09-12,20,Bank Transfer,Success,INV-002447
2828,1382,1382,2025-09-12,20,Credit Card,Success,INV-002828
4319,2140,2140,2025-09-12,600,PayPal,Success,INV-004319
1934,942,942,2025-09-12,50,UPI,Success,INV-001934
755,406,406,2025-09-12,20,Credit Card,Success,INV-000755
5764,2893,2893,2025-09-12,20,PayPal,Success,INV-005764
1630,822,822,2025-09-12,50,Credit Card,Success,INV-001630
1446,729,729,2025-09-12,240,PayPal,Success,INV-001446
1442,728,728,2025-09-12,20,UPI,Success,INV-001442
235,104,104,2025-09-12,20,Bank Transfer,Success,INV-000235
5379,2708,2708,2025-09-12,50,UPI,Success,INV-005379
4686,2361,2361,2025-09-12,50,Bank Transfer,Success,INV-004686
5076,2558,2558,2025-09-12,50,Credit Card,Success,INV-005076
103,35,35,2025-09-12,20,Credit Card,Success,INV-000103
225,99,99,2025-09-12,20,Bank Transfer,Success,INV-000225
1739,864,864,2025-09-12,20,UPI,Success,INV-001739
2996,1472,1472,2025-09-12,20,PayPal,Success,INV-002996
5870,2966,2966,2025-09-12,50,Credit Card,Success,INV-005870
558,299,299,2025-09-12,20,Credit Card,Success,INV-000558
1282,660,660,2025-09-12,20,UPI,Success,INV-001282
2776,1366,1366,2025-09-12,20,PayPal,Success,INV-002776
2952,1446,1446,2025-09-12,20,UPI,Success,INV-002952
4550,2300,2300,2025-09-12,20,Credit Card,Success,INV-004550
2967,1454,1454,2025-09-12,20,Credit Card,Success,INV-002967
1713,858,858,2025-09-12,50,Credit Card,Success,INV-001713
3619,1787,1787,2025-09-13,240,PayPal,Success,INV-003619
3182,1571,1571,2025-09-13,50,Credit Card,Success,INV-003182
1509,762,762,2025-09-13,50,Bank Transfer,Success,INV-001509
2291,1103,1103,2025-09-13,50,UPI,Success,INV-002291
5561,2815,2815,2025-09-13,20,Bank Transfer,Success,INV-005561
3046,1501,1501,2025-09-13,50,Bank Transfer,Success,INV-003046
5655,2843,2843,2025-09-13,20,Credit Card,Success,INV-005655
5071,2557,2557,2025-09-13,20,Credit Card,Success,INV-005071
4366,2173,2173,2025-09-13,240,Bank Transfer,Success,INV-004366
4123,2036,2036,2025-09-13,20,UPI,Success,INV-004123
2381,1151,1151,2025-09-13,20,UPI,Success,INV-002381
2688,1325,1325,2025-09-13,50,UPI,Success,INV-002688
567,300,300,2025-09-13,20,Bank Transfer,Success,INV-000567
4660,2344,2344,2025-09-13,50,Credit Card,Success,INV-004660
5179,2620,2620,2025-09-13,50,UPI,Success,INV-005179
1296,667,667,2025-09-13,20,PayPal,Success,INV-001296
153,68,68,2025-09-13,20,Credit Card,Success,INV-000153
3056,1512,1512,2025-09-13,20,UPI,Success,INV-003056
3082,1527,1527,2025-09-13,50,PayPal,Success,INV-003082
1470,744,744,2025-09-13,50,PayPal,Failed,INV-001470
4898,2461,2461,2025-09-13,20,Bank Transfer,Success,INV-004898
5444,2734,2734,2025-09-13,50,Bank Transfer,Success,INV-005444
5750,2882,2882,2025-09-13,20,Credit Card,Success,INV-005750
298,158,158,2025-09-13,20,PayPal,Success,INV-000298
5777,2905,2905,2025-09-13,50,PayPal,Success,INV-005777
1137,594,594,2025-09-13,20,UPI,Success,INV-001137
4557,2302,2302,2025-09-13,20,UPI,Success,INV-004557
2822,1380,1380,2025-09-13,20,Credit Card,Success,INV-002822
5278,2664,2664,2025-09-13,20,Credit Card,Success,INV-005278
2652,1303,1303,2025-09-13,240,Bank Transfer,Failed,INV-002652
3002,1475,1475,2025-09-14,240,Credit Card,Success,INV-003002
3210,1590,1590,2025-09-14,50,Bank Transfer,Success,INV-003210
2391,1153,1153,2025-09-14,20,Credit Card,Success,INV-002391
1198,620,620,2025-09-14,20,UPI,Success,INV-001198
5416,2720,2720,2025-09-14,50,Bank Transfer,Success,INV-005416
3695,1824,1824,2025-09-14,20,Bank Transfer,Success,INV-003695
2245,1077,1077,2025-09-14,20,UPI,Success,INV-002245
4299,2124,2124,2025-09-14,20,UPI,Success,INV-004299
5360,2703,2703,2025-09-14,20,Credit Card,Success,INV-005360
1312,677,677,2025-09-14,20,Bank Transfer,Success,INV-001312
1662,841,841,2025-09-14,50,PayPal,Success,INV-001662
4466,2225,2225,2025-09-14,50,UPI,Success,INV-004466
507,286,286,2025-09-14,20,Credit Card,Success,INV-000507
138,53,53,2025-09-14,20,PayPal,Success,INV-000138
50,16,16,2025-09-14,50,Credit Card,Success,INV-000050
3403,1677,1677,2025-09-14,20,Bank Transfer,Success,INV-003403
5842,2943,2943,2025-09-14,20,PayPal,Success,INV-005842
4387,2184,2184,2025-09-14,50,PayPal,Success,INV-004387
1375,703,703,2025-09-14,20,Bank Transfer,Success,INV-001375
2590,1276,1276,2025-09-14,50,UPI,Success,INV-002590
666,365,365,2025-09-14,50,PayPal,Success,INV-000666
1794,886,886,2025-09-14,20,Bank Transfer,Failed,INV-001794
745,402,402,2025-09-14,20,Credit Card,Success,INV-000745
920,491,491,2025-09-14,50,Bank Transfer,Success,INV-000920
2603,1283,1283,2025-09-14,50,PayPal,Success,INV-002603
1069,567,567,2025-09-14,20,Credit Card,Success,INV-001069
2673,1319,1319,2025-09-14,20,PayPal,Success,INV-002673
1817,892,892,2025-09-14,50,UPI,Success,INV-001817
2619,1293,1293,2025-09-14,20,Credit Card,Success,INV-002619
5390,2711,2711,2025-09-14,50,Bank Transfer,Success,INV-005390
3819,1881,1881,2025-09-14,20,UPI,Success,INV-003819
1424,721,721,2025-09-14,50,Bank Transfer,Success,INV-001424
3802,1867,1867,2025-09-14,20,UPI,Success,INV-003802
4538,2299,2299,2025-09-14,20,Bank Transfer,Success,INV-004538
201,90,90,2025-09-15,50,UPI,Success,INV-000201
3881,1925,1925,2025-09-15,20,UPI,Success,INV-003881
3071,1516,1516,2025-09-15,240,UPI,Success,INV-003071
268,132,132,2025-09-15,50,Bank Transfer,Success,INV-000268
2030,1002,1002,2025-09-15,20,Credit Card,Success,INV-002030
995,522,522,2025-09-15,20,Bank Transfer,Success,INV-000995
5917,2983,2983,2025-09-15,240,Credit Card,Success,INV-005917
4602,2317,2317,2025-09-15,50,PayPal,Success,INV-004602
5231,2647,2647,2025-09-15,50,Credit Card,Failed,INV-005231
3936,1937,1937,2025-09-15,20,Bank Transfer,Success,INV-003936
5270,2660,2660,2025-09-15,50,PayPal,Failed,INV-005270
1596,808,808,2025-09-15,50,UPI,Success,INV-001596
3016,1493,1493,2025-09-15,20,Bank Transfer,Success,INV-003016
960,503,503,2025-09-15,20,Credit Card,Success,INV-000960
2404,1165,1165,2025-09-15,20,Bank Transfer,Success,INV-002404
4188,2066,2066,2025-09-15,20,Credit Card,Success,INV-004188
317,163,163,2025-09-15,20,Bank Transfer,Success,INV-000317
4313,2137,2137,2025-09-15,20,Credit Card,Success,INV-004313
1882,910,910,2025-09-15,20,Credit Card,Success,INV-001882
2278,1100,1100,2025-09-15,20,Bank Transfer,Success,INV-002278
5548,2797,2797,2025-09-16,20,PayPal,Success,INV-005548
4961,2483,2483,2025-09-16,50,Credit Card,Success,INV-004961
5699,2857,2857,2025-09-16,20,PayPal,Success,INV-005699
603,324,324,2025-09-16,20,Bank Transfer,Success,INV-000603
3327,1626,1626,2025-09-16,20,UPI,Success,INV-003327
1266,651,651,2025-09-16,20,PayPal,Success,INV-001266
5573,2817,2817,2025-09-16,20,Bank Transfer,Success,INV-005573
4373,2180,2180,2025-09-16,20,Bank Transfer,Success,INV-004373
3533,1750,1750,2025-09-16,20,PayPal,Failed,INV-003533
3843,1889,1889,2025-09-16,20,UPI,Success,INV-003843
3387,1669,1669,2025-09-16,50,Credit Card,Success,INV-003387
1830,898,898,2025-09-16,50,PayPal,Success,INV-001830
390,218,218,2025-09-16,20,Credit Card,Success,INV-000390
4498,2261,2261,2025-09-16,50,Bank Transfer,Success,INV-004498
4522,2280,2280,2025-09-16,50,UPI,Success,INV-004522
2153,1051,1051,2025-09-17,20,Bank Transfer,Success,INV-002153
3455,1702,1702,2025-09-17,20,Bank Transfer,Success,INV-003455
5331,2698,2698,2025-09-17,20,UPI,Success,INV-005331
5695,2855,2855,2025-09-17,50,UPI,Success,INV-005695
3680,1816,1816,2025-09-17,20,UPI,Success,INV-003680
5798,2909,2909,2025-09-17,20,PayPal,Success,INV-005798
4713,2368,2368,2025-09-17,20,PayPal,Success,INV-004713
637,345,345,2025-09-17,20,Credit Card,Success,INV-000637
808,452,452,2025-09-17,240,UPI,Success,INV-000808
2208,1066,1066,2025-09-17,20,PayPal,Failed,INV-002208
1906,932,932,2025-09-17,20,Credit Card,Success,INV-001906
719,387,387,2025-09-17,50,Credit Card,Success,INV-000719
2497,1217,1217,2025-09-17,20,UPI,Success,INV-002497
2078,1022,1022,2025-09-17,50,Bank Transfer,Success,INV-002078
5294,2682,2682,2025-09-18,50,PayPal,Success,INV-005294
5341,2700,2700,2025-09-18,50,PayPal,Success,INV-005341
5483,2755,2755,2025-09-18,20,PayPal,Success,INV-005483
671,366,366,2025-09-18,20,PayPal,Success,INV-000671
1301,671,671,2025-09-18,50,Bank Transfer,Failed,INV-001301
1805,891,891,2025-09-18,20,UPI,Success,INV-001805
3827,1882,1882,2025-09-18,50,Bank Transfer,Success,INV-003827
1657,835,835,2025-09-18,20,Bank Transfer,Success,INV-001657
4575,2305,2305,2025-09-18,20,Credit Card,Success,INV-004575
3102,1545,1545,2025-09-18,20,PayPal,Success,INV-003102
4353,2168,2168,2025-09-18,20,Credit Card,Success,INV-004353
1914,936,936,2025-09-18,50,PayPal,Success,INV-001914
2334,1121,1121,2025-09-18,50,UPI,Success,INV-002334
490,282,282,2025-09-18,50,PayPal,Success,INV-000490
5808,2917,2917,2025-09-18,240,UPI,Failed,INV-005808
2089,1024,1024,2025-09-18,20,Bank Transfer,Success,INV-002089
4908,2465,2465,2025-09-18,20,Credit Card,Success,INV-004908
1975,976,976,2025-09-18,20,UPI,Success,INV-001975
5134,2591,2591,2025-09-18,600,UPI,Success,INV-005134
5204,2635,2635,2025-09-18,50,Bank Transfer,Failed,INV-005204
4146,2044,2044,2025-09-18,50,UPI,Success,INV-004146
5912,2980,2980,2025-09-18,50,Credit Card,Success,INV-005912
4979,2490,2490,2025-09-18,20,Bank Transfer,Success,INV-004979
1178,616,616,2025-09-18,20,UPI,Success,INV-001178
5591,2829,2829,2025-09-18,20,Bank Transfer,Success,INV-005591
1993,981,981,2025-09-18,20,PayPal,Success,INV-001993
852,464,464,2025-09-18,20,UPI,Success,INV-000852
293,149,149,2025-09-18,20,PayPal,Success,INV-000293
2356,1131,1131,2025-09-18,20,Credit Card,Success,INV-002356
3434,1689,1689,2025-09-19,20,Credit Card,Failed,INV-003434
3562,1763,1763,2025-09-19,20,PayPal,Success,INV-003562
3541,1753,1753,2025-09-19,20,Credit Card,Success,INV-003541
1921,940,940,2025-09-19,240,Bank Transfer,Success,INV-001921
2762,1361,1361,2025-09-19,20,Bank Transfer,Success,INV-002762
3792,1859,1859,2025-09-19,20,PayPal,Success,INV-003792
2896,1414,1414,2025-09-19,20,UPI,Success,INV-002896
1969,972,972,2025-09-19,20,Credit Card,Success,INV-001969
3749,1839,1839,2025-09-19,20,Bank Transfer,Success,INV-003749
5265,2657,2657,2025-09-19,20,Bank Transfer,Success,INV-005265
2709,1337,1337,2025-09-19,50,PayPal,Success,INV-002709
1565,795,795,2025-09-19,20,Credit Card,Success,INV-001565
1148,603,603,2025-09-19,20,Credit Card,Success,INV-001148
1286,661,661,2025-09-19,50,PayPal,Failed,INV-001286
34,10,10,2025-09-19,50,Credit Card,Success,INV-000034
2834,1389,1389,2025-09-19,20,PayPal,Success,INV-002834
3304,1623,1623,2025-09-19,50,PayPal,Success,INV-003304
731,396,396,2025-09-19,20,Bank Transfer,Success,INV-000731
804,447,447,2025-09-19,20,Credit Card,Success,INV-000804
5067,2553,2553,2025-09-19,50,Credit Card,Success,INV-005067
2424,1176,1176,2025-09-19,20,UPI,Success,INV-002424
2810,1379,1379,2025-09-19,20,UPI,Success,INV-002810
3592,1779,1779,2025-09-19,20,UPI,Success,INV-003592
4412,2191,2191,2025-09-19,50,Credit Card,Success,INV-004412
5582,2823,2823,2025-09-19,20,PayPal,Success,INV-005582
3582,1776,1776,2025-09-19,50,UPI,Success,INV-003582
192,87,87,2025-09-19,20,UPI,Success,INV-000192
3527,1746,1746,2025-09-19,20,PayPal,Success,INV-003527
378,206,206,2025-09-20,20,PayPal,Success,INV-000378
2005,985,985,2025-09-20,20,Credit Card,Failed,INV-002005
4765,2391,2391,2025-09-20,20,Credit Card,Success,INV-004765
309,161,161,2025-09-20,20,Credit Card,Success,INV-000309
3551,1755,1755,2025-09-20,20,UPI,Success,INV-003551
5251,2652,2652,2025-09-20,20,Credit Card,Success,INV-005251
2553,1259,1259,2025-09-20,50,PayPal,Success,INV-002553
444,262,262,2025-09-20,20,Bank Transfer,Success,INV-000444
863,465,465,2025-09-20,20,Credit Card,Success,INV-000863
5255,2655,2655,2025-09-20,50,PayPal,Success,INV-005255
2049,1008,1008,2025-09-20,50,PayPal,Success,INV-002049
2634,1298,1298,2025-09-20,20,PayPal,Success,INV-002634
4693,2362,2362,2025-09-20,20,UPI,Success,INV-004693
1404,715,715,2025-09-20,20,PayPal,Success,INV-001404
3075,1523,1523,2025-09-20,20,PayPal,Success,INV-003075
3375,1667,1667,2025-09-20,20,UPI,Success,INV-003375
5607,2834,2834,2025-09-20,20,PayPal,Success,INV-005607
4754,2389,2389,2025-09-20,20,Credit Card,Success,INV-004754
3832,1884,1884,2025-09-20,20,Credit Card,Success,INV-003832
474,274,274,2025-09-20,20,UPI,Success,INV-000474
2180,1056,1056,2025-09-20,50,PayPal,Success,INV-002180
277,133,133,2025-09-20,20,UPI,Success,INV-000277
5829,2926,2926,2025-09-20,20,Credit Card,Success,INV-005829
2196,1060,1060,2025-09-20,20,Credit Card,Success,INV-002196
1306,675,675,2025-09-21,20,Credit Card,Success,INV-001306
5463,2746,2746,2025-09-21,20,UPI,Success,INV-005463
4814,2417,2417,2025-09-21,20,Credit Card,Success,INV-004814
4418,2200,2200,2025-09-21,20,UPI,Success,INV-004418
518,287,287,2025-09-21,20,UPI,Success,INV-000518
1840,901,901,2025-09-21,20,Bank Transfer,Success,INV-001840
5051,2537,2537,2025-09-21,20,UPI,Success,INV-005051
708,380,380,2025-09-21,50,PayPal,Success,INV-000708
1237,635,635,2025-09-21,20,Bank Transfer,Success,INV-001237
1416,718,718,2025-09-21,20,Bank Transfer,Failed,INV-001416
3174,1567,1567,2025-09-21,20,UPI,Success,INV-003174
1397,713,713,2025-09-21,240,Credit Card,Success,INV-001397
5093,2570,2570,2025-09-21,20,Credit Card,Success,INV-005093
3980,1965,1965,2025-09-21,50,UPI,Success,INV-003980
1643,831,831,2025-09-21,50,Credit Card,Failed,INV-001643
5515,2779,2779,2025-09-21,50,Credit Card,Success,INV-005515
660,363,363,2025-09-21,20,Credit Card,Failed,INV-000660
787,439,439,2025-09-21,50,Credit Card,Success,INV-000787
3811,1869,1869,2025-09-22,20,Bank Transfer,Success,INV-003811
231,103,103,2025-09-22,240,UPI,Success,INV-000231
2526,1243,1243,2025-09-22,50,Bank Transfer,Success,INV-002526
4291,2123,2123,2025-09-22,20,UPI,Success,INV-004291
4328,2154,2154,2025-09-22,20,PayPal,Failed,INV-004328
3620,1788,1788,2025-09-22,20,Bank Transfer,Success,INV-003620
5287,2666,2666,2025-09-22,20,Bank Transfer,Success,INV-005287
5056,2540,2540,2025-09-22,240,PayPal,Success,INV-005056
169,76,76,2025-09-22,50,PayPal,Success,INV-000169
2665,1308,1308,2025-09-22,50,UPI,Success,INV-002665
4948,2478,2478,2025-09-22,50,UPI,Success,INV-004948
3450,1696,1696,2025-09-22,20,UPI,Success,INV-003450
2121,1037,1037,2025-09-22,20,PayPal,Success,INV-002121
1005,523,523,2025-09-22,50,Bank Transfer,Success,INV-001005
4848,2440,2440,2025-09-22,50,Bank Transfer,Success,INV-004848
739,400,400,2025-09-22,20,PayPal,Success,INV-000739
338,173,173,2025-09-22,20,PayPal,Success,INV-000338
3748,1835,1835,2025-09-22,20,Credit Card,Success,INV-003748
5530,2784,2784,2025-09-22,20,Credit Card,Success,INV-005530
2225,1072,1072,2025-09-22,20,PayPal,Success,INV-002225
70,23,23,2025-09-22,20,PayPal,Success,INV-000070
1254,646,646,2025-09-22,20,UPI,Success,INV-001254
1836,899,899,2025-09-22,50,Credit Card,Success,INV-001836
251,108,108,2025-09-22,20,PayPal,Success,INV-000251
3289,1618,1618,2025-09-22,50,UPI,Success,INV-003289
1544,788,788,2025-09-23,600,PayPal,Success,INV-001544
1776,883,883,2025-09-23,20,PayPal,Success,INV-001776
1029,544,544,2025-09-23,50,UPI,Success,INV-001029
2487,1214,1214,2025-09-23,20,UPI,Success,INV-002487
3672,1815,1815,2025-09-23,20,Credit Card,Success,INV-003672
1350,692,692,2025-09-23,20,UPI,Success,INV-001350
3316,1625,1625,2025-09-23,20,Bank Transfer,Success,INV-003316
882,471,471,2025-09-23,20,PayPal,Success,INV-000882
2902,1421,1421,2025-09-23,20,UPI,Success,INV-002902
5398,2715,2715,2025-09-23,20,UPI,Success,INV-005398
2940,1445,1445,2025-09-23,50,PayPal,Success,INV-002940
5901,2979,2979,2025-09-23,50,Credit Card,Success,INV-005901
4802,2415,2415,2025-09-23,20,PayPal,Success,INV-004802
4787,2399,2399,2025-09-23,20,UPI,Success,INV-004787
3339,1631,1631,2025-09-23,50,UPI,Failed,INV-003339
5490,2768,2768,2025-09-23,50,Bank Transfer,Failed,INV-005490
2039,1004,1004,2025-09-23,20,Credit Card,Success,INV-002039
630,342,342,2025-09-23,50,UPI,Success,INV-000630
4969,2486,2486,2025-09-23,50,PayPal,Success,INV-004969
4199,2068,2068,2025-09-23,50,UPI,Success,INV-004199
5506,2774,2774,2025-09-23,20,PayPal,Success,INV-005506
1482,753,753,2025-09-24,50,UPI,Success,INV-001482
4828,2430,2430,2025-09-24,20,PayPal,Success,INV-004828
1384,705,705,2025-09-24,20,UPI,Success,INV-001384
3891,1927,1927,2025-09-24,50,PayPal,Success,INV-003891
4860,2443,2443,2025-09-24,240,UPI,Success,INV-004860
1685,854,854,2025-09-24,20,Credit Card,Success,INV-001685
3466,1707,1707,2025-09-24,600,UPI,Success,INV-003466
5143,2598,2598,2025-09-24,20,PayPal,Failed,INV-005143
2736,1343,1343,2025-09-24,20,UPI,Success,INV-002736
1708,856,856,2025-09-24,50,Bank Transfer,Success,INV-001708
1520,764,764,2025-09-24,50,UPI,Success,INV-001520
2160,1052,1052,2025-09-24,50,PayPal,Success,INV-002160
1696,855,855,2025-09-25,20,UPI,Success,INV-001696
3509,1740,1740,2025-09-25,20,Bank Transfer,Success,INV-003509
4204,2071,2071,2025-09-25,50,Credit Card,Success,INV-004204
872,469,469,2025-09-25,50,PayPal,Success,INV-000872
5675,2851,2851,2025-09-25,50,UPI,Success,INV-005675
3162,1566,1566,2025-09-25,50,PayPal,Success,INV-003162
1366,701,701,2025-09-25,20,UPI,Success,INV-001366
4171,2062,2062,2025-09-25,50,Credit Card,Success,INV-004171
4600,2315,2315,2025-09-25,50,PayPal,Success,INV-004600
3483,1722,1722,2025-09-25,20,Credit Card,Success,INV-003483
1647,834,834,2025-09-25,50,Credit Card,Success,INV-001647
3927,1936,1936,2025-09-25,20,Bank Transfer,Success,INV-003927
2547,1252,1252,2025-09-25,20,PayPal,Success,INV-002547
4797,2405,2405,2025-09-25,20,Bank Transfer,Success,INV-004797
3039,1499,1499,2025-09-26,20,PayPal,Success,INV-003039
4010,1968,1968,2025-09-26,20,Bank Transfer,Success,INV-004010
2011,991,991,2025-09-26,50,UPI,Success,INV-002011
1356,697,697,2025-09-26,50,PayPal,Success,INV-001356
4210,2078,2078,2025-09-26,240,Bank Transfer,Success,INV-004210
86,28,28,2025-09-26,20,Bank Transfer,Success,INV-000086
4107,2033,2033,2025-09-26,50,PayPal,Success,INV-004107
5804,2916,2916,2025-09-26,20,PayPal,Success,INV-005804
4285,2112,2112,2025-09-26,20,Bank Transfer,Success,INV-004285
936,498,498,2025-09-26,20,Credit Card,Success,INV-000936
4890,2460,2460,2025-09-26,20,UPI,Success,INV-004890
3003,1485,1485,2025-09-26,240,Bank Transfer,Success,INV-003003
2744,1347,1347,2025-09-26,20,UPI,Success,INV-002744
3086,1529,1529,2025-09-26,20,PayPal,Failed,INV-003086
1539,770,770,2025-09-26,240,PayPal,Success,INV-001539
4460,2220,2220,2025-09-26,20,PayPal,Success,INV-004460
5639,2841,2841,2025-09-26,20,Bank Transfer,Success,INV-005639
1207,623,623,2025-09-26,20,Credit Card,Success,INV-001207
2517,1231,1231,2025-09-26,20,PayPal,Success,INV-002517
5643,2842,2842,2025-09-26,50,Credit Card,Success,INV-005643
4614,2318,2318,2025-09-26,20,Bank Transfer,Success,INV-004614
3521,1741,1741,2025-09-27,20,UPI,Success,INV-003521
5043,2535,2535,2025-09-27,50,Bank Transfer,Success,INV-005043
3111,1547,1547,2025-09-27,20,PayPal,Success,INV-003111
2330,1120,1120,2025-09-27,20,Credit Card,Success,INV-002330
3707,1830,1830,2025-09-27,20,Credit Card,Success,INV-003707
3353,1642,1642,2025-09-27,50,UPI,Success,INV-003353
437,255,255,2025-09-27,20,Bank Transfer,Success,INV-000437
4884,2458,2458,2025-09-27,50,Credit Card,Success,INV-004884
3467,1710,1710,2025-09-27,50,PayPal,Failed,INV-003467
245,107,107,2025-09-27,20,Credit Card,Success,INV-000245
2929,1443,1443,2025-09-27,20,PayPal,Success,INV-002929
2648,1302,1302,2025-09-27,20,Credit Card,Success,INV-002648
2582,1270,1270,2025-09-27,20,PayPal,Success,INV-002582
3950,1941,1941,2025-09-27,50,PayPal,Success,INV-003950
3991,1966,1966,2025-09-27,20,PayPal,Success,INV-003991
535,291,291,2025-09-27,20,PayPal,Success,INV-000535
4165,2055,2055,2025-09-27,50,Credit Card,Success,INV-004165
546,298,298,2025-09-27,50,PayPal,Success,INV-000546
5367,2706,2706,2025-09-27,20,Bank Transfer,Success,INV-005367
5404,2719,2719,2025-09-27,50,PayPal,Success,INV-005404
5172,2609,2609,2025-09-28,20,Credit Card,Success,INV-005172
1981,978,978,2025-09-28,20,UPI,Success,INV-001981
2789,1369,1369,2025-09-28,20,Bank Transfer,Success,INV-002789
4370,2179,2179,2025-09-28,50,UPI,Success,INV-004370
1053,561,561,2025-09-28,20,UPI,Success,INV-001053
3857,1910,1910,2025-09-28,20,PayPal,Success,INV-003857
4128,2040,2040,2025-09-28,20,UPI,Success,INV-004128
3138,1563,1563,2025-09-28,20,Credit Card,Success,INV-003138
186,84,84,2025-09-28,50,Credit Card,Success,INV-000186
4068,2013,2013,2025-09-28,50,Bank Transfer,Success,INV-004068
4820,2420,2420,2025-09-28,20,Credit Card,Success,INV-004820
5745,2880,2880,2025-09-28,20,Credit Card,Success,INV-005745
1102,576,576,2025-09-28,20,Credit Card,Success,INV-001102
4393,2185,2185,2025-09-28,50,PayPal,Success,INV-004393
4856,2441,2441,2025-09-28,20,Credit Card,Success,INV-004856
824,456,456,2025-09-28,50,Bank Transfer,Success,INV-000824
462,264,264,2025-09-28,50,UPI,Success,INV-000462
5155,2600,2600,2025-09-28,20,Credit Card,Success,INV-005155
3867,1918,1918,2025-09-28,50,UPI,Success,INV-003867
4725,2371,2371,2025-09-28,20,Credit Card,Success,INV-004725
1754,869,869,2025-09-28,20,Bank Transfer,Success,INV-001754
2170,1053,1053,2025-09-28,50,UPI,Success,INV-002170
4218,2080,2080,2025-09-28,50,Bank Transfer,Success,INV-004218
3272,1614,1614,2025-09-28,20,PayPal,Success,INV-003272
924,492,492,2025-09-28,20,Bank Transfer,Success,INV-000924
4307,2135,2135,2025-09-28,50,PayPal,Success,INV-004307
4870,2446,2446,2025-09-28,50,PayPal,Success,INV-004870
1788,885,885,2025-09-28,20,Bank Transfer,Success,INV-001788
331,172,172,2025-09-28,20,PayPal,Success,INV-000331
1889,916,916,2025-09-28,20,Credit Card,Success,INV-001889
975,514,514,2025-09-29,20,Credit Card,Success,INV-000975
3574,1772,1772,2025-09-29,50,PayPal,Failed,INV-003574
5942,2994,2994,2025-09-29,20,PayPal,Success,INV-005942
3901,1928,1928,2025-09-29,50,Credit Card,Success,INV-003901
2609,1287,1287,2025-09-29,50,PayPal,Success,INV-002609
5432,2733,2733,2025-09-29,50,Bank Transfer,Success,INV-005432
5427,2726,2726,2025-09-29,20,Bank Transfer,Success,INV-005427
5474,2753,2753,2025-09-29,50,Bank Transfer,Success,INV-005474
775,438,438,2025-09-29,50,UPI,Success,INV-000775
4445,2214,2214,2025-09-29,20,Bank Transfer,Success,INV-004445
2883,1409,1409,2025-09-29,50,Credit Card,Success,INV-002883
4081,2024,2024,2025-09-29,50,PayPal,Success,INV-004081
4000,1967,1967,2025-09-30,50,UPI,Success,INV-004000
3298,1620,1620,2025-09-30,50,Bank Transfer,Success,INV-003298
4271,2101,2101,2025-09-30,50,UPI,Success,INV-004271
26,9,9,2025-09-30,20,PayPal,Success,INV-000026
1606,809,809,2025-09-30,20,Credit Card,Success,INV-001606
1677,851,851,2025-09-30,20,Bank Transfer,Success,INV-001677
3234,1599,1599,2025-09-30,50,UPI,Success,INV-003234
911,488,488,2025-09-30,20,Credit Card,Success,INV-000911
3755,1843,1843,2025-09-30,20,PayPal,Success,INV-003755
2459,1198,1198,2025-09-30,50,Bank Transfer,Success,INV-002459
696,371,371,2025-09-30,20,Credit Card,Success,INV-000696
4589,2308,2308,2025-09-30,20,PayPal,Success,INV-004589
4652,2340,2340,2025-09-30,20,PayPal,Success,INV-004652
5196,2632,2632,2025-09-30,20,PayPal,Failed,INV-005196
1581,802,802,2025-09-30,50,Bank Transfer,Success,INV-001581
2095,1027,1027,2025-09-30,20,PayPal,Success,INV-002095
4510,2266,2266,2025-09-30,20,Bank Transfer,Success,INV-004510
5302,2685,2685,2025-09-30,50,PayPal,Failed,INV-005302
3011,1490,1490,2025-09-30,50,PayPal,Success,INV-003011
1547,791,791,2025-09-30,20,UPI,Success,INV-001547
1461,743,743,2025-09-30,50,Bank Transfer,Failed,INV-001461
2540,1251,1251,2025-09-30,20,Credit Card,Success,INV-002540
645,358,358,2025-09-30,50,Credit Card,Success,INV-000645
197,89,89,2025-09-30,20,PayPal,Success,INV-000197
5239,2648,2648,2025-09-30,20,PayPal,Success,INV-005239
3491,1725,1725,2025-09-30,20,Credit Card,Success,INV-003491
2908,1424,1424,2025-09-30,20,Bank Transfer,Success,INV-002908
5223,2645,2645,2025-10-01,20,Bank Transfer,Success,INV-005223
5756,2884,2884,2025-10-01,20,PayPal,Success,INV-005756
469,273,273,2025-10-01,50,PayPal,Success,INV-000469
3197,1580,1580,2025-10-01,600,UPI,Success,INV-003197
427,243,243,2025-10-01,50,Bank Transfer,Success,INV-000427
11,2,2,2025-10-01,20,Credit Card,Success,INV-000011
2722,1339,1339,2025-10-01,20,UPI,Success,INV-002722
2577,1268,1268,2025-10-01,50,Credit Card,Success,INV-002577
408,224,224,2025-10-01,50,UPI,Failed,INV-000408
2978,1460,1460,2025-10-01,20,PayPal,Success,INV-002978
2257,1090,1090,2025-10-01,50,PayPal,Success,INV-002257
1217,628,628,2025-10-01,20,Credit Card,Success,INV-001217
5113,2579,2579,2025-10-01,20,PayPal,Success,INV-005113
367,192,192,2025-10-01,50,Bank Transfer,Success,INV-000367
3598,1781,1781,2025-10-01,50,PayPal,Success,INV-003598
5542,2794,2794,2025-10-01,20,Credit Card,Success,INV-005542
842,462,462,2025-10-01,20,Bank Transfer,Success,INV-000842
2655,1306,1306,2025-10-01,20,Bank Transfer,Success,INV-002655
3499,1733,1733,2025-10-01,20,Bank Transfer,Success,INV-003499
4683,2357,2357,2025-10-01,20,UPI,Success,INV-004683
1349,691,691,2025-10-01,20,PayPal,Success,INV-001349
4236,2094,2094,2025-10-01,20,PayPal,Success,INV-004236
4581,2306,2306,2025-10-01,50,PayPal,Success,INV-004581
2136,1041,1041,2025-10-01,20,Credit Card,Success,INV-002136
3661,1801,1801,2025-10-01,20,Credit Card,Success,INV-003661
148,63,63,2025-10-02,50,UPI,Success,INV-000148
1189,619,619,2025-10-02,20,PayPal,Success,INV-001189
5918,2984,2984,2025-10-02,50,Bank Transfer,Success,INV-005918
342,180,180,2025-10-02,20,UPI,Success,INV-000342
954,502,502,2025-10-02,20,Bank Transfer,Success,INV-000954
2564,1262,1262,2025-10-02,20,PayPal,Success,INV-002564
2839,1397,1397,2025-10-02,50,Credit Card,Success,INV-002839
3123,1559,1559,2025-10-02,50,Bank Transfer,Success,INV-003123
125,38,38,2025-10-02,20,PayPal,Success,INV-000125
160,69,69,2025-10-02,20,Credit Card,Success,INV-000160
3399,1676,1676,2025-10-02,20,UPI,Success,INV-003399
1766,873,873,2025-10-02,20,Bank Transfer,Success,INV-001766
375,197,197,2025-10-02,50,Bank Transfer,Success,INV-000375
5035,2534,2534,2025-10-02,20,Bank Transfer,Success,INV-005035
1126,592,592,2025-10-02,50,PayPal,Success,INV-001126
5894,2975,2975,2025-10-02,20,Credit Card,Success,INV-005894
890,477,477,2025-10-02,50,UPI,Success,INV-000890
4793,2402,2402,2025-10-02,20,Credit Card,Success,INV-004793
768,430,430,2025-10-02,20,UPI,Success,INV-000768
3616,1786,1786,2025-10-03,20,Credit Card,Success,INV-003616
3604,1784,1784,2025-10-03,20,UPI,Success,INV-003604
3737,1833,1833,2025-10-03,20,Credit Card,Success,INV-003737
1852,904,904,2025-10-03,50,Credit Card,Success,INV-001852
949,500,500,2025-10-03,20,PayPal,Success,INV-000949
1733,862,862,2025-10-03,20,Bank Transfer,Success,INV-001733
80,26,26,2025-10-03,50,Credit Card,Success,INV-000080
43,14,14,2025-10-03,20,Credit Card,Success,INV-000043
3588,1778,1778,2025-10-03,50,Bank Transfer,Success,INV-003588
1229,630,630,2025-10-03,20,PayPal,Success,INV-001229
5246,2651,2651,2025-10-03,50,PayPal,Success,INV-005246
504,285,285,2025-10-03,20,Bank Transfer,Success,INV-000504
5818,2923,2923,2025-10-03,20,Credit Card,Success,INV-005818
4336,2157,2157,2025-10-03,50,UPI,Success,INV-004336
5837,2936,2936,2025-10-03,240,PayPal,Failed,INV-005837
1291,666,666,2025-10-03,20,Credit Card,Success,INV-001291
2870,1406,1406,2025-10-03,50,UPI,Success,INV-002870
5858,2950,2950,2025-10-03,20,PayPal,Success,INV-005858
22,8,8,2025-10-03,50,Credit Card,Success,INV-000022
837,457,457,2025-10-03,20,UPI,Success,INV-000837
5131,2590,2590,2025-10-03,50,Bank Transfer,Success,INV-005131
3280,1616,1616,2025-10-03,20,PayPal,Success,INV-003280
3970,1953,1953,2025-10-03,20,Credit Card,Failed,INV-003970
5669,2850,2850,2025-10-03,50,UPI,Success,INV-005669
4938,2477,2477,2025-10-03,20,PayPal,Success,INV-004938
4040,1999,1999,2025-10-03,50,UPI,Failed,INV-004040
2848,1398,1398,2025-10-03,20,UPI,Success,INV-002848
1013,524,524,2025-10-04,20,Bank Transfer,Success,INV-001013
5688,2853,2853,2025-10-04,50,Bank Transfer,Success,INV-005688
4485,2249,2249,2025-10-04,50,PayPal,Success,INV-004485
1337,690,690,2025-10-04,50,PayPal,Success,INV-001337
4140,2042,2042,2025-10-04,50,Bank Transfer,Success,INV-004140
3629,1794,1794,2025-10-04,50,PayPal,Success,INV-003629
2325,1116,1116,2025-10-04,20,UPI,Success,INV-002325
4631,2333,2333,2025-10-04,50,PayPal,Success,INV-004631
3475,1711,1711,2025-10-04,20,UPI,Success,INV-003475
5352,2702,2702,2025-10-04,20,Bank Transfer,Success,INV-005352
2351,1124,1124,2025-10-04,20,Bank Transfer,Success,INV-002351
2935,1444,1444,2025-10-04,50,UPI,Success,INV-002935
1672,847,847,2025-10-04,20,PayPal,Success,INV-001672
5539,2793,2793,2025-10-04,20,PayPal,Failed,INV-005539
1961,968,968,2025-10-04,20,Credit Card,Success,INV-001961
1234,631,631,2025-10-04,20,Bank Transfer,Success,INV-001234
4740,2381,2381,2025-10-05,50,PayPal,Success,INV-004740
5008,2510,2510,2025-10-05,20,PayPal,Success,INV-005008
1496,758,758,2025-10-05,20,PayPal,Success,INV-001496
3685,1817,1817,2025-10-05,20,Bank Transfer,Success,INV-003685
4471,2227,2227,2025-10-05,20,Bank Transfer,Success,INV-004471
893,482,482,2025-10-05,240,UPI,Success,INV-000893
5013,2516,2516,2025-10-05,50,PayPal,Success,INV-005013
1437,722,722,2025-10-05,20,UPI,Success,INV-001437
5624,2837,2837,2025-10-05,50,Bank Transfer,Success,INV-005624
4252,2096,2096,2025-10-05,50,Credit Card,Success,INV-004252
759,414,414,2025-10-05,20,PayPal,Success,INV-000759
1531,765,765,2025-10-05,20,PayPal,Success,INV-001531
609,327,327,2025-10-05,20,Credit Card,Success,INV-000609
4735,2376,2376,2025-10-05,20,Bank Transfer,Success,INV-004735
64,19,19,2025-10-05,50,UPI,Success,INV-000064
5934,2992,2992,2025-10-05,50,UPI,Success,INV-005934
4153,2048,2048,2025-10-05,50,UPI,Success,INV-004153
3135,1561,1561,2025-10-05,20,Bank Transfer,Success,INV-003135
2107,1028,1028,2025-10-05,20,UPI,Failed,INV-002107
2241,1076,1076,2025-10-05,20,PayPal,Success,INV-002241
4441,2213,2213,2025-10-05,50,Credit Card,Success,INV-004441
4406,2187,2187,2025-10-05,20,PayPal,Success,INV-004406
2310,1105,1105,2025-10-05,50,UPI,Success,INV-002310
4103,2030,2030,2025-10-05,20,PayPal,Success,INV-004103
1822,894,894,2025-10-05,20,Bank Transfer,Success,INV-001822
5714,2864,2864,2025-10-05,20,Bank Transfer,Success,INV-005714
3426,1687,1687,2025-10-05,20,UPI,Success,INV-003426
5706,2863,2863,2025-10-05,20,Credit Card,Success,INV-005706
4643,2337,2337,2025-10-05,50,UPI,Success,INV-004643
2991,1470,1470,2025-10-05,50,PayPal,Success,INV-002991
95,30,30,2025-10-05,50,Credit Card,Success,INV-000095
5057,2541,2541,2025-10-05,20,Credit Card,Success,INV-005057
5190,2625,2625,2025-10-05,20,UPI,Success,INV-005190
4433,2206,2206,2025-10-05,20,Credit Card,Success,INV-004433
624,333,333,2025-10-05,50,Bank Transfer,Success,INV-000624
3973,1956,1956,2025-10-05,50,Bank Transfer,Failed,INV-003973
5604,2833,2833,2025-10-05,20,Credit Card,Success,INV-005604
1559,794,794,2025-10-05,20,Bank Transfer,Success,INV-001559
3194,1579,1579,2025-10-05,20,PayPal,Success,INV-003194
2056,1010,1010,2025-10-05,20,Credit Card,Success,INV-002056
4836,2434,2434,2025-10-06,50,Bank Transfer,Success,INV-004836
5321,2696,2696,2025-10-06,20,Bank Transfer,Success,INV-005321
5209,2636,2636,2025-10-06,20,Credit Card,Success,INV-005209
1541,778,778,2025-10-06,240,UPI,Success,INV-001541
3668,1814,1814,2025-10-06,20,Bank Transfer,Success,INV-003668
5125,2581,2581,2025-10-06,20,PayPal,Success,INV-005125
4492,2253,2253,2025-10-06,20,Bank Transfer,Success,INV-004492
4880,2451,2451,2025-10-06,240,PayPal,Failed,INV-004880
421,237,237,2025-10-06,20,PayPal,Success,INV-000421
3637,1795,1795,2025-10-06,50,Credit Card,Success,INV-003637
5218,2644,2644,2025-10-06,50,UPI,Success,INV-005218
2958,1447,1447,2025-10-06,50,PayPal,Success,INV-002958
5104,2571,2571,2025-10-06,20,Credit Card,Success,INV-005104
5862,2952,2952,2025-10-06,50,Bank Transfer,Success,INV-005862
989,521,521,2025-10-06,20,UPI,Success,INV-000989
1394,707,707,2025-10-06,50,Bank Transfer,Success,INV-001394
4263,2098,2098,2025-10-06,50,UPI,Success,INV-004263
2364,1133,1133,2025-10-06,20,UPI,Success,INV-002364
5185,2621,2621,2025-10-06,20,PayPal,Success,INV-005185
2683,1324,1324,2025-10-06,20,Credit Card,Success,INV-002683
255,110,110,2025-10-06,50,UPI,Success,INV-000255
3779,1856,1856,2025-10-06,20,Credit Card,Success,INV-003779
4845,2435,2435,2025-10-06,20,Bank Transfer,Success,INV-004845
583,317,317,2025-10-07,50,PayPal,Success,INV-000583
2068,1019,1019,2025-10-07,20,Credit Card,Success,INV-002068
5889,2974,2974,2025-10-07,20,Bank Transfer,Success,INV-005889
4051,2006,2006,2025-10-07,50,UPI,Success,INV-004051
5555,2805,2805,2025-10-07,20,Bank Transfer,Success,INV-005555
3232,1597,1597,2025-10-07,20,Credit Card,Success,INV-003232
1066,563,563,2025-10-07,20,PayPal,Success,INV-001066
1536,769,769,2025-10-07,50,Bank Transfer,Success,INV-001536
5024,2522,2522,2025-10-07,50,UPI,Success,INV-005024
1044,560,560,2025-10-07,20,PayPal,Success,INV-001044
5849,2948,2948,2025-10-07,50,Bank Transfer,Success,INV-005849
3703,1826,1826,2025-10-07,20,Bank Transfer,Success,INV-003703
689,369,369,2025-10-07,50,UPI,Failed,INV-000689
4916,2467,2467,2025-10-07,50,UPI,Success,INV-004916
1089,572,572,2025-10-07,50,Credit Card,Success,INV-001089
3570,1771,1771,2025-10-07,20,PayPal,Success,INV-003570
4929,2473,2473,2025-10-07,20,PayPal,Success,INV-004929
3719,1831,1831,2025-10-08,50,UPI,Success,INV-003719
968,506,506,2025-10-08,20,PayPal,Success,INV-000968
3763,1845,1845,2025-10-08,20,UPI,Success,INV-003763
1120,585,585,2025-10-08,20,UPI,Success,INV-001120
818,454,454,2025-10-08,50,Bank Transfer,Success,INV-000818
5519,2781,2781,2025-10-08,20,Bank Transfer,Success,INV-005519
1157,608,608,2025-10-08,20,Credit Card,Success,INV-001157
4564,2303,2303,2025-10-08,50,UPI,Success,INV-004564
4244,2095,2095,2025-10-08,20,UPI,Success,INV-004244
2535,1247,1247,2025-10-08,20,Credit Card,Success,INV-002535
598,321,321,2025-10-08,20,Bank Transfer,Success,INV-000598
4731,2372,2372,2025-10-08,20,Credit Card,Success,INV-004731
2468,1202,1202,2025-10-08,50,Credit Card,Success,INV-002468
3152,1565,1565,2025-10-08,20,PayPal,Success,INV-003152
3369,1658,1658,2025-10-08,20,Credit Card,Failed,INV-003369
1623,818,818,2025-10-08,20,PayPal,Success,INV-001623
2917,1427,1427,2025-10-08,20,Credit Card,Success,INV-002917
1948,955,955,2025-10-08,50,UPI,Success,INV-001948
1871,908,908,2025-10-08,50,Credit Card,Success,INV-001871
2921,1430,1430,2025-10-08,50,Credit Card,Success,INV-002921
593,318,318,2025-10-08,50,Credit Card,Success,INV-000593
5725,2867,2867,2025-10-08,20,UPI,Success,INV-005725
2506,1227,1227,2025-10-08,20,UPI,Success,INV-002506
5788,2906,2906,2025-10-08,20,UPI,Success,INV-005788
2865,1403,1403,2025-10-08,20,PayPal,Success,INV-002865
4704,2363,2363,2025-10-08,50,Bank Transfer,Success,INV-004704
2265,1093,1093,2025-10-08,20,Credit Card,Success,INV-002265
2216,1071,1071,2025-10-08,20,Bank Transfer,Success,INV-002216
2805,1376,1376,2025-10-08,20,Bank Transfer,Success,INV-002805
5734,2874,2874,2025-10-09,20,Credit Card,Success,INV-005734
3247,1600,1600,2025-10-09,50,Credit Card,Success,INV-003247
3439,1695,1695,2025-10-09,20,UPI,Failed,INV-003439
3335,1629,1629,2025-10-09,20,Credit Card,Failed,INV-003335
5884,2969,2969,2025-10-09,20,Bank Transfer,Success,INV-005884
1108,577,577,2025-10-09,20,PayPal,Success,INV-001108
5498,2769,2769,2025-10-09,20,Credit Card,Success,INV-005498
5312,2690,2690,2025-10-09,20,Credit Card,Failed,INV-005312
5615,2836,2836,2025-10-09,50,PayPal,Success,INV-005615
2303,1104,1104,2025-10-09,50,UPI,Failed,INV-002303
5086,2564,2564,2025-10-09,50,PayPal,Success,INV-005086
2185,1058,1058,2025-10-09,20,Credit Card,Success,INV-002185
1570,798,798,2025-10-09,20,Bank Transfer,Success,INV-001570
4027,1985,1985,2025-10-09,20,Credit Card,Success,INV-004027
3416,1682,1682,2025-10-09,50,Credit Card,Success,INV-003416
3910,1931,1931,2025-10-09,20,Bank Transfer,Success,INV-003910
712,382,382,2025-10-09,50,Bank Transfer,Success,INV-000712
1499,759,759,2025-10-09,50,PayPal,Success,INV-001499
618,329,329,2025-10-09,50,Bank Transfer,Success,INV-000618
2757,1352,1352,2025-10-09,20,UPI,Success,INV-002757
1326,688,688,2025-10-09,50,Credit Card,Success,INV-001326
5030,2529,2529,2025-10-09,20,Credit Card,Success,INV-005030
524,289,289,2025-10-09,20,PayPal,Failed,INV-000524
4997,2504,2504,2025-10-09,20,Credit Card,Success,INV-004997
1167,609,609,2025-10-09,20,Credit Card,Success,INV-001167
3918,1935,1935,2025-10-09,20,PayPal,Success,INV-003918
2021,999,999,2025-10-09,50,Credit Card,Success,INV-002021
2474,1204,1204,2025-10-09,50,Credit Card,Success,INV-002474
357,191,191,2025-10-09,20,PayPal,Success,INV-000357
3214,1593,1593,2025-10-10,600,UPI,Success,INV-003214
179,78,78,2025-10-10,50,UPI,Success,INV-000179
1612,813,813,2025-10-10,20,Credit Card,Success,INV-001612
1248,639,639,2025-10-10,50,UPI,Success,INV-001248
2728,1341,1341,2025-10-10,20,PayPal,Success,INV-002728
3774,1855,1855,2025-10-10,20,Credit Card,Success,INV-003774
4118,2034,2034,2025-10-10,50,PayPal,Success,INV-004118
2670,1310,1310,2025-10-10,20,Bank Transfer,Success,INV-002670
2796,1371,1371,2025-10-10,20,Credit Card,Success,INV-002796
1590,807,807,2025-10-10,50,UPI,Failed,INV-001590
1667,842,842,2025-10-10,50,UPI,Success,INV-001667
1322,684,684,2025-10-10,20,Credit Card,Success,INV-001322
794,440,440,2025-10-10,50,UPI,Success,INV-000794
213,94,94,2025-10-10,50,Credit Card,Success,INV-000213
1457,738,738,2025-10-10,20,PayPal,Failed,INV-001457
4449,2215,2215,2025-10-10,20,Credit Card,Success,INV-004449
2043,1005,1005,2025-10-10,50,UPI,Success,INV-002043
4782,2398,2398,2025-10-10,50,Bank Transfer,Success,INV-004782
1493,757,757,2025-10-10,20,UPI,Success,INV-001493
4452,2216,2216,2025-10-10,50,Credit Card,Success,INV-004452
133,48,48,2025-10-10,20,Bank Transfer,Success,INV-000133
2598,1282,1282,2025-10-10,20,UPI,Success,INV-002598
455,263,263,2025-10-10,20,UPI,Success,INV-000455
5424,2723,2723,2025-10-10,50,UPI,Success,INV-005424
2345,1123,1123,2025-10-10,50,Bank Transfer,Success,INV-002345
2369,1134,1134,2025-10-10,20,Bank Transfer,Success,INV-002369
1743,865,865,2025-10-10,20,PayPal,Success,INV-001743
4074,2016,2016,2025-10-11,50,Bank Transfer,Success,INV-004074
1080,568,568,2025-10-11,20,UPI,Success,INV-001080
480,275,275,2025-10-11,20,Credit Card,Success,INV-000480
4178,2063,2063,2025-10-11,20,UPI,Success,INV-004178
1479,751,751,2025-10-11,20,Credit Card,Success,INV-001479
4745,2386,2386,2025-10-11,50,UPI,Success,INV-004745
4090,2027,2027,2025-10-11,20,UPI,Success,INV-004090
2698,1333,1333,2025-10-11,50,PayPal,Success,INV-002698
4344,2163,2163,2025-10-11,50,PayPal,Success,INV-004344
2435,1181,1181,2025-10-11,20,PayPal,Success,INV-002435
2456,1197,1197,2025-10-11,20,Bank Transfer,Success,INV-002456
3261,1606,1606,2025-10-11,20,Bank Transfer,Success,INV-003261
3643,1797,1797,2025-10-11,20,Bank Transfer,Success,INV-003643
4383,2183,2183,2025-10-11,20,Credit Card,Success,INV-004383
3028,1498,1498,2025-10-11,20,PayPal,Success,INV-003028
3224,1596,1596,2025-10-11,20,PayPal,Success,INV-003224
2111,1031,1031,2025-10-11,20,Credit Card,Success,INV-002111
259,119,119,2025-10-11,50,Credit Card,Success,INV-000259
904,487,487,2025-10-11,50,PayPal,Success,INV-000904
1722,861,861,2025-10-11,50,UPI,Success,INV-001722
4673,2347,2347,2025-10-11,20,Bank Transfer,Success,INV-004673
114,37,37,2025-10-11,20,UPI,Failed,INV-000114
3068,1514,1514,2025-10-11,20,Bank Transfer,Success,INV-003068
2419,1174,1174,2025-10-11,20,PayPal,Success,INV-002419
4771,2396,2396,2025-10-11,50,UPI,Success,INV-004771
104,35,35,2025-10-12,20,PayPal,Success,INV-000104
2777,1366,1366,2025-10-12,20,PayPal,Success,INV-002777
226,99,99,2025-10-12,20,PayPal,Success,INV-000226
4527,2286,2286,2025-10-12,600,Bank Transfer,Success,INV-004527
2829,1382,1382,2025-10-12,20,Bank Transfer,Success,INV-002829
5326,2697,2697,2025-10-12,50,PayPal,Success,INV-005326
1283,660,660,2025-10-12,20,Bank Transfer,Success,INV-001283
5871,2966,2966,2025-10-12,50,Bank Transfer,Success,INV-005871
3463,1706,1706,2025-10-12,20,PayPal,Success,INV-003463
4687,2361,2361,2025-10-12,50,UPI,Success,INV-004687
1740,864,864,2025-10-12,20,UPI,Success,INV-001740
5765,2893,2893,2025-10-12,20,UPI,Success,INV-005765
4209,2075,2075,2025-10-12,600,Credit Card,Success,INV-004209
2557,1260,1260,2025-10-12,20,UPI,Success,INV-002557
3651,1798,1798,2025-10-12,20,Bank Transfer,Success,INV-003651
1443,728,728,2025-10-12,20,Credit Card,Success,INV-001443
559,299,299,2025-10-12,20,PayPal,Success,INV-000559
3142,1564,1564,2025-10-12,50,UPI,Success,INV-003142
5380,2708,2708,2025-10-12,50,Bank Transfer,Success,INV-005380
2997,1472,1472,2025-10-12,20,Bank Transfer,Failed,INV-002997
2968,1454,1454,2025-10-12,20,PayPal,Success,INV-002968
1935,942,942,2025-10-12,50,Credit Card,Success,INV-001935
2448,1196,1196,2025-10-12,20,PayPal,Success,INV-002448
3186,1574,1574,2025-10-12,50,Bank Transfer,Success,INV-003186
3202,1589,1589,2025-10-12,50,Bank Transfer,Success,INV-003202
2953,1446,1446,2025-10-12,20,Credit Card,Success,INV-002953
1867,907,907,2025-10-12,20,PayPal,Success,INV-001867
4551,2300,2300,2025-10-12,20,Bank Transfer,Success,INV-004551
4952,2479,2479,2025-10-12,240,Bank Transfer,Success,INV-004952
4877,2450,2450,2025-10-12,20,UPI,Success,INV-004877
236,104,104,2025-10-12,20,PayPal,Success,INV-000236
1631,822,822,2025-10-12,50,PayPal,Success,INV-001631
1714,858,858,2025-10-12,50,UPI,Success,INV-001714
756,406,406,2025-10-12,20,Bank Transfer,Success,INV-000756
5077,2558,2558,2025-10-12,50,Bank Transfer,Success,INV-005077
2292,1103,1103,2025-10-13,50,UPI,Success,INV-002292
1138,594,594,2025-10-13,20,UPI,Success,INV-001138
3083,1527,1527,2025-10-13,50,Bank Transfer,Success,INV-003083
3057,1512,1512,2025-10-13,20,PayPal,Success,INV-003057
568,300,300,2025-10-13,20,PayPal,Success,INV-000568
4899,2461,2461,2025-10-13,20,Credit Card,Success,INV-004899
5656,2843,2843,2025-10-13,20,UPI,Success,INV-005656
2823,1380,1380,2025-10-13,20,UPI,Success,INV-002823
4124,2036,2036,2025-10-13,20,Credit Card,Success,INV-004124
1297,667,667,2025-10-13,20,Bank Transfer,Success,INV-001297
3183,1571,1571,2025-10-13,50,Bank Transfer,Success,INV-003183
5279,2664,2664,2025-10-13,20,PayPal,Success,INV-005279
5751,2882,2882,2025-10-13,20,UPI,Success,INV-005751
5180,2620,2620,2025-10-13,50,PayPal,Success,INV-005180
5562,2815,2815,2025-10-13,20,UPI,Success,INV-005562
299,158,158,2025-10-13,20,UPI,Success,INV-000299
5778,2905,2905,2025-10-13,50,Credit Card,Success,INV-005778
1510,762,762,2025-10-13,50,PayPal,Success,INV-001510
4661,2344,2344,2025-10-13,50,Bank Transfer,Success,INV-004661
5445,2734,2734,2025-10-13,50,Bank Transfer,Success,INV-005445
5072,2557,2557,2025-10-13,20,PayPal,Success,INV-005072
2382,1151,1151,2025-10-13,20,Bank Transfer,Success,INV-002382
979,515,515,2025-10-13,50,UPI,Success,INV-000979
154,68,68,2025-10-13,20,Credit Card,Success,INV-000154
4528,2287,2287,2025-10-13,50,PayPal,Success,INV-004528
5809,2918,2918,2025-10-13,50,UPI,Success,INV-005809
4558,2302,2302,2025-10-13,20,Credit Card,Success,INV-004558
1471,744,744,2025-10-13,50,Credit Card,Success,INV-001471
3404,1677,1677,2025-10-14,20,Credit Card,Success,INV-003404
746,402,402,2025-10-14,20,UPI,Success,INV-000746
2246,1077,1077,2025-10-14,20,Credit Card,Success,INV-002246
508,286,286,2025-10-14,20,Bank Transfer,Success,INV-000508
921,491,491,2025-10-14,50,Credit Card,Success,INV-000921
4467,2225,2225,2025-10-14,50,PayPal,Success,INV-004467
5417,2720,2720,2025-10-14,50,PayPal,Success,INV-005417
5361,2703,2703,2025-10-14,20,UPI,Success,INV-005361
51,16,16,2025-10-14,50,Credit Card,Success,INV-000051
2604,1283,1283,2025-10-14,50,Credit Card,Success,INV-002604
1199,620,620,2025-10-14,20,Bank Transfer,Success,INV-001199
1818,892,892,2025-10-14,50,Bank Transfer,Success,INV-001818
3211,1590,1590,2025-10-14,50,PayPal,Success,INV-003211
5843,2943,2943,2025-10-14,20,PayPal,Failed,INV-005843
1425,721,721,2025-10-14,50,UPI,Success,INV-001425
4539,2299,2299,2025-10-14,20,PayPal,Success,INV-004539
1376,703,703,2025-10-14,20,Bank Transfer,Success,INV-001376
139,53,53,2025-10-14,20,PayPal,Success,INV-000139
1070,567,567,2025-10-14,20,Credit Card,Success,INV-001070
2392,1153,1153,2025-10-14,20,Credit Card,Success,INV-002392
2395,1160,1160,2025-10-14,50,Bank Transfer,Success,INV-002395
2674,1319,1319,2025-10-14,20,PayPal,Success,INV-002674
4388,2184,2184,2025-10-14,50,PayPal,Success,INV-004388
2620,1293,1293,2025-10-14,20,UPI,Success,INV-002620
667,365,365,2025-10-14,50,Bank Transfer,Success,INV-000667
1795,886,886,2025-10-14,20,UPI,Success,INV-001795
3820,1881,1881,2025-10-14,20,Credit Card,Success,INV-003820
3696,1824,1824,2025-10-14,20,Credit Card,Success,INV-003696
5922,2987,2987,2025-10-14,20,Credit Card,Success,INV-005922
4300,2124,2124,2025-10-14,20,Credit Card,Success,INV-004300
1313,677,677,2025-10-14,20,Credit Card,Success,INV-001313
2591,1276,1276,2025-10-14,50,UPI,Success,INV-002591
3803,1867,1867,2025-10-14,20,UPI,Success,INV-003803
3849,1899,1899,2025-10-14,50,Credit Card,Success,INV-003849
1663,841,841,2025-10-14,50,PayPal,Success,INV-001663
5232,2647,2647,2025-10-15,50,Bank Transfer,Success,INV-005232
4024,1984,1984,2025-10-15,20,PayPal,Success,INV-004024
2279,1100,1100,2025-10-15,20,Bank Transfer,Success,INV-002279
202,90,90,2025-10-15,50,PayPal,Success,INV-000202
4189,2066,2066,2025-10-15,20,Bank Transfer,Success,INV-004189
5679,2852,2852,2025-10-15,20,Bank Transfer,Success,INV-005679
4603,2317,2317,2025-10-15,50,Credit Card,Success,INV-004603
961,503,503,2025-10-15,20,UPI,Success,INV-000961
2132,1039,1039,2025-10-15,50,PayPal,Success,INV-002132
1597,808,808,2025-10-15,50,UPI,Success,INV-001597
5271,2660,2660,2025-10-15,50,UPI,Success,INV-005271
2405,1165,1165,2025-10-15,20,Bank Transfer,Success,INV-002405
318,163,163,2025-10-15,20,UPI,Success,INV-000318
1883,910,910,2025-10-15,20,Credit Card,Success,INV-001883
3937,1937,1937,2025-10-15,20,UPI,Success,INV-003937
2031,1002,1002,2025-10-15,20,Bank Transfer,Success,INV-002031
996,522,522,2025-10-15,20,Bank Transfer,Success,INV-000996
3882,1925,1925,2025-10-15,20,UPI,Failed,INV-003882
3017,1493,1493,2025-10-15,20,UPI,Success,INV-003017
269,132,132,2025-10-15,50,UPI,Success,INV-000269
4314,2137,2137,2025-10-15,20,PayPal,Success,INV-004314
391,218,218,2025-10-16,20,Bank Transfer,Success,INV-000391
4499,2261,2261,2025-10-16,50,Bank Transfer,Success,INV-004499
4523,2280,2280,2025-10-16,50,UPI,Failed,INV-004523
3844,1889,1889,2025-10-16,20,PayPal,Failed,INV-003844
5159,2602,2602,2025-10-16,20,UPI,Success,INV-005159
1893,917,917,2025-10-16,20,Credit Card,Success,INV-001893
3388,1669,1669,2025-10-16,50,Credit Card,Success,INV-003388
4374,2180,2180,2025-10-16,20,PayPal,Success,INV-004374
3534,1750,1750,2025-10-16,20,Credit Card,Success,INV-003534
3358,1649,1649,2025-10-16,20,PayPal,Success,INV-003358
5700,2857,2857,2025-10-16,20,Credit Card,Success,INV-005700
1270,653,653,2025-10-16,20,PayPal,Success,INV-001270
3328,1626,1626,2025-10-16,20,Credit Card,Success,INV-003328
1267,651,651,2025-10-16,20,Bank Transfer,Success,INV-001267
4014,1971,1971,2025-10-16,20,Bank Transfer,Success,INV-004014
4962,2483,2483,2025-10-16,50,Bank Transfer,Success,INV-004962
5574,2817,2817,2025-10-16,20,UPI,Success,INV-005574
604,324,324,2025-10-16,20,PayPal,Success,INV-000604
1831,898,898,2025-10-16,50,UPI,Success,INV-001831
2623,1296,1296,2025-10-17,20,Credit Card,Success,INV-002623
2154,1051,1051,2025-10-17,20,Credit Card,Success,INV-002154
772,435,435,2025-10-17,20,UPI,Success,INV-000772
1907,932,932,2025-10-17,20,PayPal,Failed,INV-001907
5332,2698,2698,2025-10-17,20,Credit Card,Success,INV-005332
5696,2855,2855,2025-10-17,50,PayPal,Success,INV-005696
394,219,219,2025-10-17,50,UPI,Success,INV-000394
720,387,387,2025-10-17,50,PayPal,Success,INV-000720
2079,1022,1022,2025-10-17,50,Credit Card,Success,INV-002079
2209,1066,1066,2025-10-17,20,UPI,Success,INV-002209
4714,2368,2368,2025-10-17,20,PayPal,Success,INV-004714
2498,1217,1217,2025-10-17,20,PayPal,Success,INV-002498
3681,1816,1816,2025-10-17,20,UPI,Success,INV-003681
5799,2909,2909,2025-10-17,20,Credit Card,Success,INV-005799
3456,1702,1702,2025-10-17,20,Credit Card,Success,INV-003456
638,345,345,2025-10-17,20,UPI,Success,INV-000638
887,476,476,2025-10-18,50,Credit Card,Success,INV-000887
4576,2305,2305,2025-10-18,20,Bank Transfer,Success,INV-004576
1994,981,981,2025-10-18,20,Bank Transfer,Success,INV-001994
1976,976,976,2025-10-18,20,Bank Transfer,Success,INV-001976
5913,2980,2980,2025-10-18,50,Bank Transfer,Success,INV-005913
2090,1024,1024,2025-10-18,20,Bank Transfer,Success,INV-002090
1915,936,936,2025-10-18,50,Bank Transfer,Success,INV-001915
4980,2490,2490,2025-10-18,20,PayPal,Success,INV-004980
5205,2635,2635,2025-10-18,50,Credit Card,Success,INV-005205
853,464,464,2025-10-18,20,Bank Transfer,Success,INV-000853
4033,1994,1994,2025-10-18,20,Bank Transfer,Success,INV-004033
1179,616,616,2025-10-18,20,UPI,Failed,INV-001179
672,366,366,2025-10-18,20,Bank Transfer,Success,INV-000672
2438,1188,1188,2025-10-18,600,Bank Transfer,Success,INV-002438
294,149,149,2025-10-18,20,UPI,Success,INV-000294
3103,1545,1545,2025-10-18,20,UPI,Success,INV-003103
4354,2168,2168,2025-10-18,20,PayPal,Success,INV-004354
4909,2465,2465,2025-10-18,20,Bank Transfer,Success,INV-004909
5484,2755,2755,2025-10-18,20,UPI,Success,INV-005484
5342,2700,2700,2025-10-18,50,Bank Transfer,Success,INV-005342
1806,891,891,2025-10-18,20,Credit Card,Success,INV-001806
491,282,282,2025-10-18,50,UPI,Success,INV-000491
4147,2044,2044,2025-10-18,50,Bank Transfer,Success,INV-004147
2357,1131,1131,2025-10-18,20,UPI,Success,INV-002357
4532,2290,2290,2025-10-18,20,UPI,Success,INV-004532
1302,671,671,2025-10-18,50,UPI,Success,INV-001302
5592,2829,2829,2025-10-18,20,Credit Card,Success,INV-005592
5772,2897,2897,2025-10-18,50,PayPal,Success,INV-005772
5295,2682,2682,2025-10-18,50,UPI,Success,INV-005295
1573,800,800,2025-10-18,50,Credit Card,Success,INV-001573
2335,1121,1121,2025-10-18,50,Credit Card,Success,INV-002335
3828,1882,1882,2025-10-18,50,Credit Card,Success,INV-003828
1658,835,835,2025-10-18,20,UPI,Success,INV-001658
2375,1147,1147,2025-10-18,20,Credit Card,Success,INV-002375
1287,661,661,2025-10-19,50,PayPal,Success,INV-001287
2835,1389,1389,2025-10-19,20,UPI,Success,INV-002835
5865,2961,2961,2025-10-19,50,Bank Transfer,Success,INV-005865
1566,795,795,2025-10-19,20,UPI,Success,INV-001566
4413,2191,2191,2025-10-19,50,Bank Transfer,Success,INV-004413
5583,2823,2823,2025-10-19,20,Credit Card,Success,INV-005583
3793,1859,1859,2025-10-19,20,Bank Transfer,Success,INV-003793
732,396,396,2025-10-19,20,UPI,Success,INV-000732
3435,1689,1689,2025-10-19,20,Bank Transfer,Success,INV-003435
1149,603,603,2025-10-19,20,PayPal,Success,INV-001149
2811,1379,1379,2025-10-19,20,UPI,Success,INV-002811
3097,1542,1542,2025-10-19,50,Credit Card,Success,INV-003097
5116,2580,2580,2025-10-19,20,UPI,Success,INV-005116
2763,1361,1361,2025-10-19,20,UPI,Success,INV-002763
2710,1337,1337,2025-10-19,50,UPI,Success,INV-002710
805,447,447,2025-10-19,20,UPI,Success,INV-000805
3542,1753,1753,2025-10-19,20,Credit Card,Success,INV-003542
193,87,87,2025-10-19,20,PayPal,Success,INV-000193
3750,1839,1839,2025-10-19,20,Credit Card,Failed,INV-003750
715,386,386,2025-10-19,240,Credit Card,Success,INV-000715
5068,2553,2553,2025-10-19,50,Bank Transfer,Success,INV-005068
3528,1746,1746,2025-10-19,20,UPI,Success,INV-003528
5266,2657,2657,2025-10-19,20,UPI,Success,INV-005266
3593,1779,1779,2025-10-19,20,Credit Card,Success,INV-003593
35,10,10,2025-10-19,50,Credit Card,Success,INV-000035
3305,1623,1623,2025-10-19,50,Bank Transfer,Success,INV-003305
1970,972,972,2025-10-19,20,UPI,Success,INV-001970
1035,549,549,2025-10-19,20,PayPal,Success,INV-001035
3563,1763,1763,2025-10-19,20,PayPal,Success,INV-003563
3583,1776,1776,2025-10-19,50,Bank Transfer,Success,INV-003583
2425,1176,1176,2025-10-19,20,Bank Transfer,Failed,INV-002425
2897,1414,1414,2025-10-19,20,UPI,Success,INV-002897
2961,1452,1452,2025-10-20,20,PayPal,Success,INV-002961
379,206,206,2025-10-20,20,PayPal,Success,INV-000379
5830,2926,2926,2025-10-20,20,Credit Card,Success,INV-005830
2554,1259,1259,2025-10-20,50,Credit Card,Success,INV-002554
2635,1298,1298,2025-10-20,20,UPI,Success,INV-002635
2181,1056,1056,2025-10-20,50,Credit Card,Success,INV-002181
2197,1060,1060,2025-10-20,20,PayPal,Failed,INV-002197
475,274,274,2025-10-20,20,PayPal,Success,INV-000475
2050,1008,1008,2025-10-20,50,UPI,Success,INV-002050
310,161,161,2025-10-20,20,Credit Card,Success,INV-000310
5177,2613,2613,2025-10-20,240,Bank Transfer,Success,INV-005177
4276,2106,2106,2025-10-20,20,UPI,Success,INV-004276
5608,2834,2834,2025-10-20,20,Credit Card,Success,INV-005608
445,262,262,2025-10-20,20,UPI,Success,INV-000445
864,465,465,2025-10-20,20,PayPal,Success,INV-000864
3833,1884,1884,2025-10-20,20,Credit Card,Success,INV-003833
3376,1667,1667,2025-10-20,20,PayPal,Success,INV-003376
4766,2391,2391,2025-10-20,20,Bank Transfer,Success,INV-004766
278,133,133,2025-10-20,20,Credit Card,Success,INV-000278
4755,2389,2389,2025-10-20,20,Bank Transfer,Success,INV-004755
4694,2362,2362,2025-10-20,20,Bank Transfer,Success,INV-004694
1405,715,715,2025-10-20,20,Bank Transfer,Success,INV-001405
5252,2652,2652,2025-10-20,20,Bank Transfer,Success,INV-005252
5256,2655,2655,2025-10-20,50,Bank Transfer,Success,INV-005256
3552,1755,1755,2025-10-20,20,Credit Card,Success,INV-003552
4554,2301,2301,2025-10-20,240,Bank Transfer,Success,INV-004554
3076,1523,1523,2025-10-20,20,Bank Transfer,Success,INV-003076
2006,985,985,2025-10-20,20,PayPal,Success,INV-002006
5464,2746,2746,2025-10-21,20,Bank Transfer,Success,INV-005464
5052,2537,2537,2025-10-21,20,Credit Card,Success,INV-005052
1841,901,901,2025-10-21,20,UPI,Success,INV-001841
709,380,380,2025-10-21,50,Credit Card,Success,INV-000709
1238,635,635,2025-10-21,20,Credit Card,Success,INV-001238
1417,718,718,2025-10-21,20,Credit Card,Success,INV-001417
1644,831,831,2025-10-21,50,PayPal,Success,INV-001644
519,287,287,2025-10-21,20,Credit Card,Failed,INV-000519
661,363,363,2025-10-21,20,PayPal,Success,INV-000661
3981,1965,1965,2025-10-21,50,Bank Transfer,Success,INV-003981
1855,905,905,2025-10-21,50,Credit Card,Success,INV-001855
3175,1567,1567,2025-10-21,20,UPI,Success,INV-003175
1307,675,675,2025-10-21,20,Credit Card,Success,INV-001307
788,439,439,2025-10-21,50,Bank Transfer,Success,INV-000788
5516,2779,2779,2025-10-21,50,PayPal,Success,INV-005516
4815,2417,2417,2025-10-21,20,PayPal,Success,INV-004815
4419,2200,2200,2025-10-21,20,PayPal,Success,INV-004419
2748,1348,1348,2025-10-21,20,UPI,Success,INV-002748
4020,1980,1980,2025-10-21,20,Credit Card,Success,INV-004020
5094,2570,2570,2025-10-21,20,Bank Transfer,Success,INV-005094
5288,2666,2666,2025-10-22,20,Bank Transfer,Success,INV-005288
2666,1308,1308,2025-10-22,50,PayPal,Success,INV-002666
3094,1541,1541,2025-10-22,50,PayPal,Success,INV-003094
3451,1696,1696,2025-10-22,20,UPI,Success,INV-003451
5550,2800,2800,2025-10-22,20,Credit Card,Success,INV-005550
3419,1685,1685,2025-10-22,50,Bank Transfer,Success,INV-003419
3812,1869,1869,2025-10-22,20,PayPal,Success,INV-003812
3052,1508,1508,2025-10-22,20,UPI,Success,INV-003052
71,23,23,2025-10-22,20,PayPal,Success,INV-000071
2122,1037,1037,2025-10-22,20,UPI,Success,INV-002122
3621,1788,1788,2025-10-22,20,UPI,Success,INV-003621
4329,2154,2154,2025-10-22,20,UPI,Success,INV-004329
339,173,173,2025-10-22,20,Bank Transfer,Success,INV-000339
4849,2440,2440,2025-10-22,50,UPI,Success,INV-004849
2226,1072,1072,2025-10-22,20,UPI,Success,INV-002226
2527,1243,1243,2025-10-22,50,UPI,Success,INV-002527
1255,646,646,2025-10-22,20,Credit Card,Success,INV-001255
5531,2784,2784,2025-10-22,20,Credit Card,Success,INV-005531
14,3,3,2025-10-22,50,PayPal,Success,INV-000014
3290,1618,1618,2025-10-22,50,Credit Card,Success,INV-003290
1447,734,734,2025-10-22,20,Credit Card,Success,INV-001447
740,400,400,2025-10-22,20,Bank Transfer,Success,INV-000740
4292,2123,2123,2025-10-22,20,UPI,Success,INV-004292
4983,2491,2491,2025-10-22,20,PayPal,Success,INV-004983
4949,2478,2478,2025-10-22,50,PayPal,Success,INV-004949
252,108,108,2025-10-22,20,PayPal,Success,INV-000252
1006,523,523,2025-10-22,50,UPI,Success,INV-001006
1615,815,815,2025-10-22,240,PayPal,Success,INV-001615
5491,2768,2768,2025-10-23,50,Credit Card,Success,INV-005491
4788,2399,2399,2025-10-23,20,PayPal,Success,INV-004788
1351,692,692,2025-10-23,20,UPI,Success,INV-001351
3873,1923,1923,2025-10-23,50,UPI,Success,INV-003873
1777,883,883,2025-10-23,20,PayPal,Success,INV-001777
2903,1421,1421,2025-10-23,20,PayPal,Success,INV-002903
2040,1004,1004,2025-10-23,20,Bank Transfer,Success,INV-002040
3317,1625,1625,2025-10-23,20,UPI,Success,INV-003317
2874,1408,1408,2025-10-23,50,Credit Card,Success,INV-002874
631,342,342,2025-10-23,50,PayPal,Success,INV-000631
3340,1631,1631,2025-10-23,50,UPI,Success,INV-003340
1030,544,544,2025-10-23,50,Bank Transfer,Success,INV-001030
2941,1445,1445,2025-10-23,50,Bank Transfer,Success,INV-002941
5902,2979,2979,2025-10-23,50,Credit Card,Success,INV-005902
4803,2415,2415,2025-10-23,20,UPI,Success,INV-004803
4970,2486,2486,2025-10-23,50,Credit Card,Failed,INV-004970
3673,1815,1815,2025-10-23,20,Bank Transfer,Success,INV-003673
2488,1214,1214,2025-10-23,20,Bank Transfer,Success,INV-002488
5507,2774,2774,2025-10-23,20,Credit Card,Success,INV-005507
3047,1502,1502,2025-10-23,20,Credit Card,Success,INV-003047
4057,2011,2011,2025-10-23,20,PayPal,Success,INV-004057
4200,2068,2068,2025-10-23,50,UPI,Success,INV-004200
883,471,471,2025-10-23,20,UPI,Success,INV-000883
5399,2715,2715,2025-10-23,20,Bank Transfer,Success,INV-005399
821,455,455,2025-10-23,600,Bank Transfer,Success,INV-000821
4829,2430,2430,2025-10-24,20,Credit Card,Success,INV-004829
1385,705,705,2025-10-24,20,Credit Card,Success,INV-001385
1686,854,854,2025-10-24,20,UPI,Success,INV-001686
1483,753,753,2025-10-24,50,Bank Transfer,Success,INV-001483
1521,764,764,2025-10-24,50,PayPal,Success,INV-001521
5144,2598,2598,2025-10-24,20,Credit Card,Success,INV-005144
2737,1343,1343,2025-10-24,20,Credit Card,Success,INV-002737
2161,1052,1052,2025-10-24,50,PayPal,Success,INV-002161
1717,859,859,2025-10-24,20,UPI,Success,INV-001717
3892,1927,1927,2025-10-24,50,Bank Transfer,Success,INV-003892
1746,867,867,2025-10-24,50,PayPal,Success,INV-001746
1709,856,856,2025-10-24,50,UPI,Success,INV-001709
2413,1171,1171,2025-10-24,50,Bank Transfer,Success,INV-002413
4172,2062,2062,2025-10-25,50,PayPal,Success,INV-004172
873,469,469,2025-10-25,50,Bank Transfer,Success,INV-000873
4205,2071,2071,2025-10-25,50,PayPal,Success,INV-004205
1367,701,701,2025-10-25,20,PayPal,Success,INV-001367
2548,1252,1252,2025-10-25,20,UPI,Success,INV-002548
3484,1722,1722,2025-10-25,20,PayPal,Success,INV-003484
4798,2405,2405,2025-10-25,20,Credit Card,Success,INV-004798
1697,855,855,2025-10-25,20,UPI,Success,INV-001697
5292,2678,2678,2025-10-25,240,Credit Card,Success,INV-005292
1648,834,834,2025-10-25,50,Bank Transfer,Success,INV-001648
3928,1936,1936,2025-10-25,20,Credit Card,Success,INV-003928
3163,1566,1566,2025-10-25,50,Bank Transfer,Success,INV-003163
5676,2851,2851,2025-10-25,50,Bank Transfer,Success,INV-005676
4601,2315,2315,2025-10-25,50,Credit Card,Success,INV-004601
3510,1740,1740,2025-10-25,20,Credit Card,Success,INV-003510
2745,1347,1347,2025-10-26,20,PayPal,Success,INV-002745
5640,2841,2841,2025-10-26,20,Bank Transfer,Success,INV-005640
1357,697,697,2025-10-26,50,PayPal,Success,INV-001357
4019,1977,1977,2025-10-26,240,UPI,Success,INV-004019
5805,2916,2916,2025-10-26,20,PayPal,Success,INV-005805
1208,623,623,2025-10-26,20,Credit Card,Success,INV-001208
2518,1231,1231,2025-10-26,20,Bank Transfer,Success,INV-002518
4286,2112,2112,2025-10-26,20,UPI,Failed,INV-004286
4891,2460,2460,2025-10-26,20,UPI,Success,INV-004891
3040,1499,1499,2025-10-26,20,Bank Transfer,Failed,INV-003040
87,28,28,2025-10-26,20,Bank Transfer,Success,INV-000087
937,498,498,2025-10-26,20,Bank Transfer,Success,INV-000937
4108,2033,2033,2025-10-26,50,Credit Card,Success,INV-004108
4461,2220,2220,2025-10-26,20,Credit Card,Success,INV-004461
5644,2842,2842,2025-10-26,50,Bank Transfer,Success,INV-005644
2012,991,991,2025-10-26,50,PayPal,Success,INV-002012
3087,1529,1529,2025-10-26,20,UPI,Success,INV-003087
4011,1968,1968,2025-10-26,20,Credit Card,Success,INV-004011
1111,578,578,2025-10-26,20,UPI,Success,INV-001111
4615,2318,2318,2025-10-26,20,UPI,Success,INV-004615
4166,2055,2055,2025-10-27,50,UPI,Success,INV-004166
2583,1270,1270,2025-10-27,20,UPI,Success,INV-002583
3992,1966,1966,2025-10-27,20,Bank Transfer,Success,INV-003992
3112,1547,1547,2025-10-27,20,Credit Card,Success,INV-003112
438,255,255,2025-10-27,20,PayPal,Success,INV-000438
5405,2719,2719,2025-10-27,50,PayPal,Success,INV-005405
2331,1120,1120,2025-10-27,20,UPI,Success,INV-002331
4289,2114,2114,2025-10-27,600,PayPal,Success,INV-004289
3708,1830,1830,2025-10-27,20,UPI,Success,INV-003708
5044,2535,2535,2025-10-27,50,PayPal,Success,INV-005044
5368,2706,2706,2025-10-27,20,UPI,Success,INV-005368
246,107,107,2025-10-27,20,Credit Card,Success,INV-000246
4885,2458,2458,2025-10-27,50,UPI,Success,INV-004885
3522,1741,1741,2025-10-27,20,Credit Card,Success,INV-003522
3468,1710,1710,2025-10-27,50,Credit Card,Success,INV-003468
547,298,298,2025-10-27,50,PayPal,Success,INV-000547
2930,1443,1443,2025-10-27,20,Bank Transfer,Success,INV-002930
2649,1302,1302,2025-10-27,20,UPI,Success,INV-002649
3354,1642,1642,2025-10-27,50,UPI,Success,INV-003354
4339,2159,2159,2025-10-27,50,UPI,Success,INV-004339
536,291,291,2025-10-27,20,Credit Card,Success,INV-000536
3951,1941,1941,2025-10-27,50,Credit Card,Success,INV-003951
925,492,492,2025-10-28,20,PayPal,Success,INV-000925
3566,1764,1764,2025-10-28,600,Bank Transfer,Success,INV-003566
187,84,84,2025-10-28,50,Bank Transfer,Success,INV-000187
4308,2135,2135,2025-10-28,50,Credit Card,Success,INV-004308
397,223,223,2025-10-28,20,Credit Card,Success,INV-000397
825,456,456,2025-10-28,50,Credit Card,Success,INV-000825
4219,2080,2080,2025-10-28,50,PayPal,Success,INV-004219
385,216,216,2025-10-28,20,PayPal,Success,INV-000385
463,264,264,2025-10-28,50,PayPal,Success,INV-000463
370,193,193,2025-10-28,240,UPI,Success,INV-000370
4857,2441,2441,2025-10-28,20,Bank Transfer,Success,INV-004857
3343,1635,1635,2025-10-28,50,Bank Transfer,Success,INV-003343
1103,576,576,2025-10-28,20,Bank Transfer,Success,INV-001103
2981,1466,1466,2025-10-28,240,Bank Transfer,Failed,INV-002981
5156,2600,2600,2025-10-28,20,PayPal,Success,INV-005156
2171,1053,1053,2025-10-28,50,PayPal,Success,INV-002171
4069,2013,2013,2025-10-28,50,UPI,Success,INV-004069
4129,2040,2040,2025-10-28,20,PayPal,Success,INV-004129
3273,1614,1614,2025-10-28,20,Bank Transfer,Success,INV-003273
5746,2880,2880,2025-10-28,20,Bank Transfer,Success,INV-005746
1054,561,561,2025-10-28,20,Bank Transfer,Success,INV-001054
4726,2371,2371,2025-10-28,20,Bank Transfer,Success,INV-004726
1890,916,916,2025-10-28,20,PayPal,Success,INV-001890
4394,2185,2185,2025-10-28,50,Credit Card,Success,INV-004394
4871,2446,2446,2025-10-28,50,Credit Card,Success,INV-004871
332,172,172,2025-10-28,20,PayPal,Success,INV-000332
3868,1918,1918,2025-10-28,50,PayPal,Success,INV-003868
3139,1563,1563,2025-10-28,20,PayPal,Success,INV-003139
1789,885,885,2025-10-28,20,PayPal,Success,INV-001789
4371,2179,2179,2025-10-28,50,PayPal,Success,INV-004371
1755,869,869,2025-10-28,20,PayPal,Failed,INV-001755
4821,2420,2420,2025-10-28,20,UPI,Success,INV-004821
4924,2472,2472,2025-10-28,240,Credit Card,Success,INV-004924
3858,1910,1910,2025-10-28,20,UPI,Success,INV-003858
5173,2609,2609,2025-10-28,20,UPI,Success,INV-005173
1982,978,978,2025-10-28,20,Bank Transfer,Success,INV-001982
2790,1369,1369,2025-10-28,20,Credit Card,Success,INV-002790
4093,2029,2029,2025-10-29,240,PayPal,Success,INV-004093
5433,2733,2733,2025-10-29,50,Credit Card,Success,INV-005433
467,271,271,2025-10-29,240,Bank Transfer,Success,INV-000467
4446,2214,2214,2025-10-29,20,UPI,Failed,INV-004446
2884,1409,1409,2025-10-29,50,Bank Transfer,Success,INV-002884
4082,2024,2024,2025-10-29,50,Bank Transfer,Success,INV-004082
5428,2726,2726,2025-10-29,20,UPI,Success,INV-005428
2610,1287,1287,2025-10-29,50,UPI,Success,INV-002610
3575,1772,1772,2025-10-29,50,PayPal,Failed,INV-003575
5475,2753,2753,2025-10-29,50,PayPal,Success,INV-005475
776,438,438,2025-10-29,50,Bank Transfer,Success,INV-000776
976,514,514,2025-10-29,20,Credit Card,Success,INV-000976
5107,2577,2577,2025-10-29,50,PayPal,Success,INV-005107
3902,1928,1928,2025-10-29,50,Bank Transfer,Success,INV-003902
5943,2994,2994,2025-10-29,20,Bank Transfer,Success,INV-005943
1548,791,791,2025-10-30,20,UPI,Success,INV-001548
5197,2632,2632,2025-10-30,20,Credit Card,Success,INV-005197
27,9,9,2025-10-30,20,UPI,Success,INV-000027
4590,2308,2308,2025-10-30,20,PayPal,Success,INV-004590
2096,1027,1027,2025-10-30,20,Credit Card,Success,INV-002096
2541,1251,1251,2025-10-30,20,Bank Transfer,Success,INV-002541
5240,2648,2648,2025-10-30,20,Bank Transfer,Success,INV-005240
4001,1967,1967,2025-10-30,50,UPI,Success,INV-004001
5888,2972,2972,2025-10-30,600,UPI,Success,INV-005888
912,488,488,2025-10-30,20,UPI,Success,INV-000912
4272,2101,2101,2025-10-30,50,Credit Card,Success,INV-004272
677,368,368,2025-10-30,50,PayPal,Success,INV-000677
3012,1490,1490,2025-10-30,50,PayPal,Success,INV-003012
2460,1198,1198,2025-10-30,50,UPI,Success,INV-002460
1462,743,743,2025-10-30,50,Credit Card,Failed,INV-001462
1582,802,802,2025-10-30,50,UPI,Success,INV-001582
646,358,358,2025-10-30,50,Credit Card,Success,INV-000646
697,371,371,2025-10-30,20,Bank Transfer,Success,INV-000697
4653,2340,2340,2025-10-30,20,Credit Card,Success,INV-004653
3492,1725,1725,2025-10-30,20,PayPal,Success,INV-003492
1607,809,809,2025-10-30,20,PayPal,Success,INV-001607
1678,851,851,2025-10-30,20,Bank Transfer,Success,INV-001678
4919,2468,2468,2025-10-30,20,UPI,Success,INV-004919
198,89,89,2025-10-30,20,PayPal,Success,INV-000198
2909,1424,1424,2025-10-30,20,Credit Card,Success,INV-002909
5303,2685,2685,2025-10-30,50,UPI,Success,INV-005303
3756,1843,1843,2025-10-30,20,UPI,Success,INV-003756
3235,1599,1599,2025-10-30,50,Credit Card,Success,INV-003235
3299,1620,1620,2025-10-30,50,UPI,Success,INV-003299
4511,2266,2266,2025-10-30,20,UPI,Success,INV-004511
3497,1732,1732,2025-10-31,600,PayPal,Success,INV-003497
4634,2335,2335,2025-10-31,50,UPI,Success,INV-004634
4684,2357,2357,2025-11-01,20,Bank Transfer,Failed,INV-004684
1218,628,628,2025-11-01,20,Credit Card,Success,INV-001218
5114,2579,2579,2025-11-01,20,UPI,Success,INV-005114
5543,2794,2794,2025-11-01,20,Bank Transfer,Success,INV-005543
5224,2645,2645,2025-11-01,20,Credit Card,Success,INV-005224
2578,1268,1268,2025-11-01,50,Bank Transfer,Success,INV-002578
3976,1964,1964,2025-11-01,20,PayPal,Success,INV-003976
428,243,243,2025-11-01,50,PayPal,Success,INV-000428
700,372,372,2025-11-01,20,PayPal,Success,INV-000700
368,192,192,2025-11-01,50,PayPal,Success,INV-000368
2723,1339,1339,2025-11-01,20,Bank Transfer,Success,INV-002723
4582,2306,2306,2025-11-01,50,Bank Transfer,Success,INV-004582
3662,1801,1801,2025-11-01,20,Bank Transfer,Success,INV-003662
2258,1090,1090,2025-11-01,50,Credit Card,Success,INV-002258
2656,1306,1306,2025-11-01,20,UPI,Success,INV-002656
470,273,273,2025-11-01,50,UPI,Success,INV-000470
1534,768,768,2025-11-01,50,PayPal,Success,INV-001534
12,2,2,2025-11-01,20,UPI,Success,INV-000012
5757,2884,2884,2025-11-01,20,Credit Card,Success,INV-005757
2979,1460,1460,2025-11-01,20,UPI,Success,INV-002979
2137,1041,1041,2025-11-01,20,PayPal,Success,INV-002137
843,462,462,2025-11-01,20,UPI,Success,INV-000843
409,224,224,2025-11-01,50,UPI,Success,INV-000409
4237,2094,2094,2025-11-01,20,Bank Transfer,Success,INV-004237
3568,1770,1770,2025-11-01,240,Bank Transfer,Success,INV-003568
3599,1781,1781,2025-11-01,50,Bank Transfer,Success,INV-003599
3500,1733,1733,2025-11-01,20,Bank Transfer,Failed,INV-003500
2565,1262,1262,2025-11-02,20,PayPal,Success,INV-002565
769,430,430,2025-11-02,20,Credit Card,Success,INV-000769
5895,2975,2975,2025-11-02,20,UPI,Success,INV-005895
376,197,197,2025-11-02,50,Bank Transfer,Success,INV-000376
1127,592,592,2025-11-02,50,Credit Card,Success,INV-001127
3400,1676,1676,2025-11-02,20,PayPal,Success,INV-003400
5919,2984,2984,2025-11-02,50,PayPal,Success,INV-005919
4794,2402,2402,2025-11-02,20,Credit Card,Success,INV-004794
343,180,180,2025-11-02,20,UPI,Success,INV-000343
3124,1559,1559,2025-11-02,50,Credit Card,Success,INV-003124
2840,1397,1397,2025-11-02,50,Credit Card,Success,INV-002840
1190,619,619,2025-11-02,20,Credit Card,Success,INV-001190
955,502,502,2025-11-02,20,UPI,Success,INV-000955
1767,873,873,2025-11-02,20,Bank Transfer,Success,INV-001767
161,69,69,2025-11-02,20,Bank Transfer,Failed,INV-000161
5036,2534,2534,2025-11-02,20,PayPal,Success,INV-005036
149,63,63,2025-11-02,50,UPI,Success,INV-000149
126,38,38,2025-11-02,20,Credit Card,Success,INV-000126
891,477,477,2025-11-02,50,Credit Card,Success,INV-000891
5132,2590,2590,2025-11-03,50,Bank Transfer,Success,INV-005132
5859,2950,2950,2025-11-03,20,Bank Transfer,Success,INV-005859
4337,2157,2157,2025-11-03,50,PayPal,Success,INV-004337
5512,2776,2776,2025-11-03,20,PayPal,Success,INV-005512
5670,2850,2850,2025-11-03,50,Bank Transfer,Success,INV-005670
5247,2651,2651,2025-11-03,50,UPI,Success,INV-005247
4939,2477,2477,2025-11-03,20,Bank Transfer,Success,INV-004939
5819,2923,2923,2025-11-03,20,Bank Transfer,Success,INV-005819
5946,3000,3000,2025-11-03,240,UPI,Success,INV-005946
1292,666,666,2025-11-03,20,UPI,Success,INV-001292
838,457,457,2025-11-03,20,Bank Transfer,Success,INV-000838
2849,1398,1398,2025-11-03,20,Bank Transfer,Success,INV-002849
4041,1999,1999,2025-11-03,50,PayPal,Success,INV-004041
425,242,242,2025-11-03,20,PayPal,Success,INV-000425
3363,1653,1653,2025-11-03,240,Credit Card,Success,INV-003363
1230,630,630,2025-11-03,20,UPI,Success,INV-001230
3738,1833,1833,2025-11-03,20,UPI,Success,INV-003738
3617,1786,1786,2025-11-03,20,UPI,Success,INV-003617
3605,1784,1784,2025-11-03,20,PayPal,Success,INV-003605
3281,1616,1616,2025-11-03,20,Credit Card,Success,INV-003281
1853,904,904,2025-11-03,50,PayPal,Success,INV-001853
3589,1778,1778,2025-11-03,50,UPI,Success,INV-003589
505,285,285,2025-11-03,20,Bank Transfer,Success,INV-000505
81,26,26,2025-11-03,50,UPI,Success,INV-000081
2871,1406,1406,2025-11-03,50,PayPal,Failed,INV-002871
1734,862,862,2025-11-03,20,PayPal,Success,INV-001734
44,14,14,2025-11-03,20,UPI,Success,INV-000044
3971,1953,1953,2025-11-03,20,UPI,Success,INV-003971
950,500,500,2025-11-03,20,Bank Transfer,Success,INV-000950
23,8,8,2025-11-03,50,Credit Card,Success,INV-000023
1569,796,796,2025-11-03,240,Bank Transfer,Success,INV-001569
3092,1538,1538,2025-11-04,20,Bank Transfer,Success,INV-003092
3630,1794,1794,2025-11-04,50,Credit Card,Success,INV-003630
4141,2042,2042,2025-11-04,50,PayPal,Success,INV-004141
5353,2702,2702,2025-11-04,20,Credit Card,Success,INV-005353
5420,2722,2722,2025-11-04,20,UPI,Success,INV-005420
1673,847,847,2025-11-04,20,Bank Transfer,Success,INV-001673
1014,524,524,2025-11-04,20,Credit Card,Success,INV-001014
1235,631,631,2025-11-04,20,UPI,Success,INV-001235
5540,2793,2793,2025-11-04,20,PayPal,Success,INV-005540
4486,2249,2249,2025-11-04,50,Bank Transfer,Failed,INV-004486
3476,1711,1711,2025-11-04,20,PayPal,Success,INV-003476
2352,1124,1124,2025-11-04,20,Bank Transfer,Success,INV-002352
4632,2333,2333,2025-11-04,50,Bank Transfer,Success,INV-004632
2936,1444,1444,2025-11-04,50,Bank Transfer,Success,INV-002936
1338,690,690,2025-11-04,50,UPI,Failed,INV-001338
5689,2853,2853,2025-11-04,50,PayPal,Success,INV-005689
1310,676,676,2025-11-04,50,UPI,Success,INV-001310
1962,968,968,2025-11-04,20,UPI,Success,INV-001962
2326,1116,1116,2025-11-04,20,Credit Card,Success,INV-002326
5605,2833,2833,2025-11-05,20,Bank Transfer,Success,INV-005605
3427,1687,1687,2025-11-05,20,UPI,Success,INV-003427
5625,2837,2837,2025-11-05,50,PayPal,Success,INV-005625
4104,2030,2030,2025-11-05,20,Credit Card,Success,INV-004104
2108,1028,1028,2025-11-05,20,UPI,Failed,INV-002108
4085,2026,2026,2025-11-05,240,PayPal,Success,INV-004085
5009,2510,2510,2025-11-05,20,Credit Card,Success,INV-005009
4407,2187,2187,2025-11-05,20,UPI,Success,INV-004407
3974,1956,1956,2025-11-05,50,UPI,Success,INV-003974
4741,2381,2381,2025-11-05,50,PayPal,Success,INV-004741
610,327,327,2025-11-05,20,Credit Card,Success,INV-000610
4472,2227,2227,2025-11-05,20,PayPal,Success,INV-004472
625,333,333,2025-11-05,50,PayPal,Success,INV-000625
4736,2376,2376,2025-11-05,20,UPI,Success,INV-004736
5715,2864,2864,2025-11-05,20,Bank Transfer,Success,INV-005715
3195,1579,1579,2025-11-05,20,Bank Transfer,Success,INV-003195
1560,794,794,2025-11-05,20,PayPal,Success,INV-001560
5707,2863,2863,2025-11-05,20,PayPal,Success,INV-005707
4442,2213,2213,2025-11-05,50,PayPal,Success,INV-004442
1532,765,765,2025-11-05,20,Credit Card,Success,INV-001532
4434,2206,2206,2025-11-05,20,Bank Transfer,Success,INV-004434
1497,758,758,2025-11-05,20,PayPal,Success,INV-001497
5129,2588,2588,2025-11-05,20,PayPal,Success,INV-005129
3136,1561,1561,2025-11-05,20,Credit Card,Success,INV-003136
1438,722,722,2025-11-05,20,Credit Card,Success,INV-001438
2242,1076,1076,2025-11-05,20,Credit Card,Success,INV-002242
760,414,414,2025-11-05,20,Bank Transfer,Success,INV-000760
5058,2541,2541,2025-11-05,20,Credit Card,Success,INV-005058
2992,1470,1470,2025-11-05,50,Bank Transfer,Success,INV-002992
65,19,19,2025-11-05,50,PayPal,Success,INV-000065
4253,2096,2096,2025-11-05,50,Bank Transfer,Success,INV-004253
4644,2337,2337,2025-11-05,50,PayPal,Success,INV-004644
5014,2516,2516,2025-11-05,50,Bank Transfer,Success,INV-005014
4154,2048,2048,2025-11-05,50,UPI,Success,INV-004154
2311,1105,1105,2025-11-05,50,Bank Transfer,Success,INV-002311
3686,1817,1817,2025-11-05,20,Bank Transfer,Success,INV-003686
1039,556,556,2025-11-05,50,PayPal,Success,INV-001039
96,30,30,2025-11-05,50,Bank Transfer,Success,INV-000096
5191,2625,2625,2025-11-05,20,Bank Transfer,Success,INV-005191
1823,894,894,2025-11-05,20,UPI,Success,INV-001823
5935,2992,2992,2025-11-05,50,UPI,Success,INV-005935
2057,1010,1010,2025-11-05,20,Credit Card,Success,INV-002057
4837,2434,2434,2025-11-06,50,PayPal,Success,INV-004837
422,237,237,2025-11-06,20,PayPal,Success,INV-000422
5210,2636,2636,2025-11-06,20,Credit Card,Success,INV-005210
4517,2279,2279,2025-11-06,20,Bank Transfer,Success,INV-004517
5105,2571,2571,2025-11-06,20,PayPal,Success,INV-005105
5322,2696,2696,2025-11-06,20,Credit Card,Success,INV-005322
2959,1447,1447,2025-11-06,50,PayPal,Failed,INV-002959
2314,1107,1107,2025-11-06,600,UPI,Success,INV-002314
539,292,292,2025-11-06,50,PayPal,Success,INV-000539
4493,2253,2253,2025-11-06,20,PayPal,Success,INV-004493
4264,2098,2098,2025-11-06,50,Credit Card,Failed,INV-004264
4846,2435,2435,2025-11-06,20,PayPal,Success,INV-004846
5219,2644,2644,2025-11-06,50,Bank Transfer,Success,INV-005219
5126,2581,2581,2025-11-06,20,Credit Card,Success,INV-005126
5186,2621,2621,2025-11-06,20,PayPal,Success,INV-005186
5176,2611,2611,2025-11-06,240,Credit Card,Success,INV-005176
5863,2952,2952,2025-11-06,50,UPI,Success,INV-005863
1395,707,707,2025-11-06,50,Credit Card,Success,INV-001395
3638,1795,1795,2025-11-06,50,Bank Transfer,Success,INV-003638
256,110,110,2025-11-06,50,PayPal,Success,INV-000256
2365,1133,1133,2025-11-06,20,Credit Card,Success,INV-002365
2684,1324,1324,2025-11-06,20,UPI,Success,INV-002684
3669,1814,1814,2025-11-06,20,Credit Card,Success,INV-003669
3780,1856,1856,2025-11-06,20,UPI,Success,INV-003780
1123,589,589,2025-11-06,600,Bank Transfer,Success,INV-001123
2551,1253,1253,2025-11-07,50,UPI,Success,INV-002551
5850,2948,2948,2025-11-07,50,UPI,Success,INV-005850
3704,1826,1826,2025-11-07,20,Credit Card,Success,INV-003704
5535,2789,2789,2025-11-07,20,Credit Card,Success,INV-005535
2069,1019,1019,2025-11-07,20,UPI,Success,INV-002069
4930,2473,2473,2025-11-07,20,UPI,Success,INV-004930
1090,572,572,2025-11-07,50,Credit Card,Success,INV-001090
4347,2165,2165,2025-11-07,20,UPI,Success,INV-004347
690,369,369,2025-11-07,50,Bank Transfer,Success,INV-000690
4536,2295,2295,2025-11-07,240,UPI,Success,INV-004536
5890,2974,2974,2025-11-07,20,UPI,Success,INV-005890
5556,2805,2805,2025-11-07,20,UPI,Success,INV-005556
4917,2467,2467,2025-11-07,50,Credit Card,Success,INV-004917
1045,560,560,2025-11-07,20,Credit Card,Success,INV-001045
1067,563,563,2025-11-07,20,Credit Card,Failed,INV-001067
3571,1771,1771,2025-11-07,20,Bank Transfer,Success,INV-003571
5025,2522,2522,2025-11-07,50,Credit Card,Success,INV-005025
584,317,317,2025-11-07,50,PayPal,Success,INV-000584
4052,2006,2006,2025-11-07,50,Bank Transfer,Success,INV-004052
1537,769,769,2025-11-07,50,UPI,Success,INV-001537
5726,2867,2867,2025-11-08,20,Credit Card,Success,INV-005726
1121,585,585,2025-11-08,20,Credit Card,Success,INV-001121
599,321,321,2025-11-08,20,PayPal,Success,INV-000599
5520,2781,2781,2025-11-08,20,UPI,Success,INV-005520
4593,2314,2314,2025-11-08,240,Bank Transfer,Success,INV-004593
2806,1376,1376,2025-11-08,20,Bank Transfer,Success,INV-002806
1158,608,608,2025-11-08,20,PayPal,Success,INV-001158
4705,2363,2363,2025-11-08,50,UPI,Success,INV-004705
1211,626,626,2025-11-08,50,UPI,Success,INV-001211
2266,1093,1093,2025-11-08,20,UPI,Success,INV-002266
3370,1658,1658,2025-11-08,20,UPI,Success,INV-003370
2372,1135,1135,2025-11-08,20,UPI,Success,INV-002372
819,454,454,2025-11-08,50,Credit Card,Success,INV-000819
2217,1071,1071,2025-11-08,20,PayPal,Success,INV-002217
2918,1427,1427,2025-11-08,20,PayPal,Success,INV-002918
3797,1863,1863,2025-11-08,50,Bank Transfer,Success,INV-003797
3764,1845,1845,2025-11-08,20,Bank Transfer,Success,INV-003764
3720,1831,1831,2025-11-08,50,PayPal,Success,INV-003720
4565,2303,2303,2025-11-08,50,UPI,Success,INV-004565
4732,2372,2372,2025-11-08,20,Credit Card,Success,INV-004732
969,506,506,2025-11-08,20,Bank Transfer,Success,INV-000969
1141,598,598,2025-11-08,600,UPI,Success,INV-001141
2567,1263,1263,2025-11-08,240,PayPal,Success,INV-002567
2866,1403,1403,2025-11-08,20,Credit Card,Success,INV-002866
1872,908,908,2025-11-08,50,Bank Transfer,Success,INV-001872
1624,818,818,2025-11-08,20,PayPal,Success,INV-001624
3153,1565,1565,2025-11-08,20,PayPal,Success,INV-003153
3050,1503,1503,2025-11-08,240,UPI,Success,INV-003050
4245,2095,2095,2025-11-08,20,PayPal,Success,INV-004245
2469,1202,1202,2025-11-08,50,UPI,Success,INV-002469
1949,955,955,2025-11-08,50,PayPal,Success,INV-001949
2507,1227,1227,2025-11-08,20,PayPal,Success,INV-002507
2536,1247,1247,2025-11-08,20,Credit Card,Success,INV-002536
2922,1430,1430,2025-11-08,50,Bank Transfer,Success,INV-002922
594,318,318,2025-11-08,50,PayPal,Success,INV-000594
5789,2906,2906,2025-11-08,20,UPI,Success,INV-005789
5313,2690,2690,2025-11-09,20,Credit Card,Success,INV-005313
4537,2296,2296,2025-11-09,600,UPI,Success,INV-004537
3417,1682,1682,2025-11-09,50,UPI,Success,INV-003417
358,191,191,2025-11-09,20,UPI,Success,INV-000358
5616,2836,2836,2025-11-09,50,PayPal,Success,INV-005616
3336,1629,1629,2025-11-09,20,Credit Card,Success,INV-003336
3440,1695,1695,2025-11-09,20,Bank Transfer,Failed,INV-003440
5735,2874,2874,2025-11-09,20,Credit Card,Success,INV-005735
2475,1204,1204,2025-11-09,50,PayPal,Success,INV-002475
2758,1352,1352,2025-11-09,20,PayPal,Failed,INV-002758
4028,1985,1985,2025-11-09,20,Bank Transfer,Success,INV-004028
5031,2529,2529,2025-11-09,20,Credit Card,Success,INV-005031
5087,2564,2564,2025-11-09,50,UPI,Success,INV-005087
5885,2969,2969,2025-11-09,20,UPI,Success,INV-005885
5499,2769,2769,2025-11-09,20,PayPal,Success,INV-005499
4998,2504,2504,2025-11-09,20,Bank Transfer,Success,INV-004998
1168,609,609,2025-11-09,20,Bank Transfer,Success,INV-001168
1109,577,577,2025-11-09,20,Credit Card,Success,INV-001109
2022,999,999,2025-11-09,50,UPI,Success,INV-002022
5835,2935,2935,2025-11-09,20,Credit Card,Success,INV-005835
1500,759,759,2025-11-09,50,PayPal,Success,INV-001500
1327,688,688,2025-11-09,50,PayPal,Success,INV-001327
2304,1104,1104,2025-11-09,50,Bank Transfer,Success,INV-002304
1571,798,798,2025-11-09,20,PayPal,Success,INV-001571
525,289,289,2025-11-09,20,Credit Card,Success,INV-000525
3911,1931,1931,2025-11-09,20,UPI,Success,INV-003911
3250,1603,1603,2025-11-09,20,PayPal,Success,INV-003250
2186,1058,1058,2025-11-09,20,Credit Card,Success,INV-002186
3248,1600,1600,2025-11-09,50,UPI,Success,INV-003248
3919,1935,1935,2025-11-09,20,Credit Card,Success,INV-003919
619,329,329,2025-11-09,50,UPI,Success,INV-000619
713,382,382,2025-11-09,50,PayPal,Success,INV-000713
2671,1310,1310,2025-11-10,20,PayPal,Success,INV-002671
4119,2034,2034,2025-11-10,50,UPI,Success,INV-004119
2370,1134,1134,2025-11-10,20,PayPal,Success,INV-002370
4453,2216,2216,2025-11-10,50,Bank Transfer,Success,INV-004453
1744,865,865,2025-11-10,20,Credit Card,Success,INV-001744
214,94,94,2025-11-10,50,Bank Transfer,Failed,INV-000214
180,78,78,2025-11-10,50,UPI,Success,INV-000180
4450,2215,2215,2025-11-10,20,Credit Card,Failed,INV-004450
1591,807,807,2025-11-10,50,UPI,Success,INV-001591
1323,684,684,2025-11-10,20,PayPal,Success,INV-001323
3775,1855,1855,2025-11-10,20,Bank Transfer,Success,INV-003775
134,48,48,2025-11-10,20,PayPal,Success,INV-000134
4783,2398,2398,2025-11-10,50,Bank Transfer,Success,INV-004783
5456,2745,2745,2025-11-10,20,PayPal,Success,INV-005456
5425,2723,2723,2025-11-10,50,UPI,Success,INV-005425
2797,1371,1371,2025-11-10,20,Bank Transfer,Success,INV-002797
1458,738,738,2025-11-10,20,Bank Transfer,Success,INV-001458
1613,813,813,2025-11-10,20,PayPal,Success,INV-001613
1494,757,757,2025-11-10,20,PayPal,Success,INV-001494
2346,1123,1123,2025-11-10,50,Credit Card,Success,INV-002346
2729,1341,1341,2025-11-10,20,PayPal,Success,INV-002729
1249,639,639,2025-11-10,50,PayPal,Success,INV-001249
795,440,440,2025-11-10,50,Bank Transfer,Success,INV-000795
2599,1282,1282,2025-11-10,20,PayPal,Success,INV-002599
456,263,263,2025-11-10,20,PayPal,Success,INV-000456
2044,1005,1005,2025-11-10,50,UPI,Success,INV-002044
1668,842,842,2025-11-10,50,UPI,Success,INV-001668
4179,2063,2063,2025-11-11,20,UPI,Success,INV-004179
2420,1174,1174,2025-11-11,20,PayPal,Success,INV-002420
2699,1333,1333,2025-11-11,50,PayPal,Success,INV-002699
4091,2027,2027,2025-11-11,20,Credit Card,Success,INV-004091
260,119,119,2025-11-11,50,UPI,Success,INV-000260
1081,568,568,2025-11-11,20,Bank Transfer,Success,INV-001081
3069,1514,1514,2025-11-11,20,PayPal,Success,INV-003069
3913,1934,1934,2025-11-11,20,Credit Card,Success,INV-003913
283,136,136,2025-11-11,20,Bank Transfer,Success,INV-000283
3644,1797,1797,2025-11-11,20,Bank Transfer,Success,INV-003644
3029,1498,1498,2025-11-11,20,Credit Card,Success,INV-003029
4384,2183,2183,2025-11-11,20,PayPal,Success,INV-004384
4902,2462,2462,2025-11-11,50,UPI,Success,INV-004902
4345,2163,2163,2025-11-11,50,PayPal,Success,INV-004345
4772,2396,2396,2025-11-11,50,Credit Card,Success,INV-004772
1723,861,861,2025-11-11,50,PayPal,Success,INV-001723
3225,1596,1596,2025-11-11,20,UPI,Success,INV-003225
2457,1197,1197,2025-11-11,20,Bank Transfer,Success,INV-002457
115,37,37,2025-11-11,20,UPI,Success,INV-000115
3262,1606,1606,2025-11-11,20,Credit Card,Success,INV-003262
4674,2347,2347,2025-11-11,20,Bank Transfer,Success,INV-004674
481,275,275,2025-11-11,20,UPI,Success,INV-000481
4075,2016,2016,2025-11-11,50,Bank Transfer,Success,INV-004075
1480,751,751,2025-11-11,20,UPI,Success,INV-001480
5033,2533,2533,2025-11-11,600,UPI,Success,INV-005033
2112,1031,1031,2025-11-11,20,PayPal,Success,INV-002112
905,487,487,2025-11-11,50,PayPal,Success,INV-000905
4746,2386,2386,2025-11-11,50,UPI,Success,INV-004746
2436,1181,1181,2025-11-11,20,PayPal,Success,INV-002436
4317,2139,2139,2025-11-12,50,Credit Card,Success,INV-004317
227,99,99,2025-11-12,20,UPI,Success,INV-000227
3652,1798,1798,2025-11-12,20,Bank Transfer,Success,INV-003652
1951,957,957,2025-11-12,50,UPI,Success,INV-001951
2954,1446,1446,2025-11-12,20,Bank Transfer,Failed,INV-002954
105,35,35,2025-11-12,20,Credit Card,Success,INV-000105
2969,1454,1454,2025-11-12,20,Credit Card,Success,INV-002969
5872,2966,2966,2025-11-12,50,UPI,Success,INV-005872
2558,1260,1260,2025-11-12,20,Credit Card,Failed,INV-002558
2998,1472,1472,2025-11-12,20,Credit Card,Success,INV-002998
560,299,299,2025-11-12,20,PayPal,Success,INV-000560
1936,942,942,2025-11-12,50,PayPal,Success,INV-001936
3203,1589,1589,2025-11-12,50,Credit Card,Success,INV-003203
1868,907,907,2025-11-12,20,PayPal,Success,INV-001868
3143,1564,1564,2025-11-12,50,UPI,Success,INV-003143
1632,822,822,2025-11-12,50,UPI,Success,INV-001632
5327,2697,2697,2025-11-12,50,Credit Card,Success,INV-005327
4502,2264,2264,2025-11-12,20,Bank Transfer,Success,INV-004502
757,406,406,2025-11-12,20,PayPal,Success,INV-000757
5661,2846,2846,2025-11-12,20,UPI,Success,INV-005661
1444,728,728,2025-11-12,20,Bank Transfer,Success,INV-001444
5766,2893,2893,2025-11-12,20,UPI,Success,INV-005766
4688,2361,2361,2025-11-12,50,Bank Transfer,Success,INV-004688
1715,858,858,2025-11-12,50,Credit Card,Success,INV-001715
4037,1997,1997,2025-11-12,50,Credit Card,Success,INV-004037
2449,1196,1196,2025-11-12,20,UPI,Success,INV-002449
1741,864,864,2025-11-12,20,UPI,Success,INV-001741
2830,1382,1382,2025-11-12,20,Credit Card,Success,INV-002830
3187,1574,1574,2025-11-12,50,Credit Card,Success,INV-003187
5381,2708,2708,2025-11-12,50,PayPal,Success,INV-005381
2778,1366,1366,2025-11-12,20,PayPal,Success,INV-002778
237,104,104,2025-11-12,20,PayPal,Success,INV-000237
4552,2300,2300,2025-11-12,20,Bank Transfer,Success,INV-004552
2477,1205,1205,2025-11-12,20,Bank Transfer,Success,INV-002477
1284,660,660,2025-11-12,20,UPI,Success,INV-001284
4878,2450,2450,2025-11-12,20,PayPal,Success,INV-004878
3464,1706,1706,2025-11-12,20,UPI,Success,INV-003464
3184,1571,1571,2025-11-13,50,UPI,Success,INV-003184
5181,2620,2620,2025-11-13,50,PayPal,Success,INV-005181
1472,744,744,2025-11-13,50,UPI,Success,INV-001472
3058,1512,1512,2025-11-13,20,Credit Card,Success,INV-003058
1298,667,667,2025-11-13,20,PayPal,Success,INV-001298
1511,762,762,2025-11-13,50,Credit Card,Success,INV-001511
4662,2344,2344,2025-11-13,50,PayPal,Success,INV-004662
2857,1402,1402,2025-11-13,20,PayPal,Success,INV-002857
5280,2664,2664,2025-11-13,20,Credit Card,Success,INV-005280
2293,1103,1103,2025-11-13,50,UPI,Success,INV-002293
5446,2734,2734,2025-11-13,50,PayPal,Success,INV-005446
4900,2461,2461,2025-11-13,20,Bank Transfer,Success,INV-004900
3084,1527,1527,2025-11-13,50,PayPal,Success,INV-003084
4738,2379,2379,2025-11-13,600,Credit Card,Success,INV-004738
2824,1380,1380,2025-11-13,20,PayPal,Success,INV-002824
5563,2815,2815,2025-11-13,20,PayPal,Success,INV-005563
1139,594,594,2025-11-13,20,Bank Transfer,Success,INV-001139
5810,2918,2918,2025-11-13,50,PayPal,Success,INV-005810
2383,1151,1151,2025-11-13,20,PayPal,Success,INV-002383
300,158,158,2025-11-13,20,Bank Transfer,Success,INV-000300
980,515,515,2025-11-13,50,UPI,Success,INV-000980
4559,2302,2302,2025-11-13,20,UPI,Success,INV-004559
4529,2287,2287,2025-11-13,50,Bank Transfer,Success,INV-004529
5779,2905,2905,2025-11-13,50,Credit Card,Success,INV-005779
5752,2882,2882,2025-11-13,20,PayPal,Success,INV-005752
155,68,68,2025-11-13,20,Credit Card,Success,INV-000155
569,300,300,2025-11-13,20,PayPal,Failed,INV-000569
5657,2843,2843,2025-11-13,20,PayPal,Success,INV-005657
5925,2988,2988,2025-11-13,240,UPI,Success,INV-005925
4125,2036,2036,2025-11-13,20,UPI,Success,INV-004125
5073,2557,2557,2025-11-13,20,Credit Card,Failed,INV-005073
3850,1899,1899,2025-11-14,50,PayPal,Success,INV-003850
747,402,402,2025-11-14,20,Bank Transfer,Success,INV-000747
5418,2720,2720,2025-11-14,50,PayPal,Success,INV-005418
3821,1881,1881,2025-11-14,20,Credit Card,Success,INV-003821
3361,1650,1650,2025-11-14,20,Bank Transfer,Success,INV-003361
1377,703,703,2025-11-14,20,PayPal,Success,INV-001377
3405,1677,1677,2025-11-14,20,Bank Transfer,Success,INV-003405
3804,1867,1867,2025-11-14,20,Credit Card,Success,INV-003804
4540,2299,2299,2025-11-14,20,PayPal,Success,INV-004540
2247,1077,1077,2025-11-14,20,UPI,Success,INV-002247
1426,721,721,2025-11-14,50,PayPal,Success,INV-001426
2393,1153,1153,2025-11-14,20,Bank Transfer,Success,INV-002393
2621,1293,1293,2025-11-14,20,Credit Card,Success,INV-002621
2396,1160,1160,2025-11-14,50,Bank Transfer,Success,INV-002396
4301,2124,2124,2025-11-14,20,Credit Card,Success,INV-004301
52,16,16,2025-11-14,50,Bank Transfer,Success,INV-000052
5923,2987,2987,2025-11-14,20,UPI,Success,INV-005923
140,53,53,2025-11-14,20,PayPal,Success,INV-000140
1819,892,892,2025-11-14,50,UPI,Failed,INV-001819
5844,2943,2943,2025-11-14,20,UPI,Failed,INV-005844
1796,886,886,2025-11-14,20,Credit Card,Success,INV-001796
668,365,365,2025-11-14,50,PayPal,Success,INV-000668
4389,2184,2184,2025-11-14,50,Credit Card,Success,INV-004389
4424,2205,2205,2025-11-14,20,UPI,Success,INV-004424
1664,841,841,2025-11-14,50,Credit Card,Success,INV-001664
509,286,286,2025-11-14,20,PayPal,Success,INV-000509
2605,1283,1283,2025-11-14,50,Bank Transfer,Success,INV-002605
3212,1590,1590,2025-11-14,50,Bank Transfer,Success,INV-003212
922,491,491,2025-11-14,50,Credit Card,Success,INV-000922
4468,2225,2225,2025-11-14,50,Credit Card,Success,INV-004468
2592,1276,1276,2025-11-14,50,PayPal,Success,INV-002592
1314,677,677,2025-11-14,20,PayPal,Success,INV-001314
5362,2703,2703,2025-11-14,20,Bank Transfer,Success,INV-005362
3697,1824,1824,2025-11-14,20,Credit Card,Success,INV-003697
2675,1319,1319,2025-11-14,20,Credit Card,Success,INV-002675
1071,567,567,2025-11-14,20,Bank Transfer,Success,INV-001071
1200,620,620,2025-11-14,20,UPI,Success,INV-001200
203,90,90,2025-11-15,50,Credit Card,Success,INV-000203
5402,2716,2716,2025-11-15,240,Bank Transfer,Success,INV-005402
2280,1100,1100,2025-11-15,20,Bank Transfer,Success,INV-002280
5233,2647,2647,2025-11-15,50,Bank Transfer,Failed,INV-005233
2032,1002,1002,2025-11-15,20,PayPal,Success,INV-002032
997,522,522,2025-11-15,20,UPI,Success,INV-000997
1598,808,808,2025-11-15,50,PayPal,Success,INV-001598
3018,1493,1493,2025-11-15,20,PayPal,Success,INV-003018
3957,1945,1945,2025-11-15,50,Bank Transfer,Success,INV-003957
4604,2317,2317,2025-11-15,50,PayPal,Success,INV-004604
762,419,419,2025-11-15,50,Credit Card,Success,INV-000762
270,132,132,2025-11-15,50,UPI,Success,INV-000270
4190,2066,2066,2025-11-15,20,Credit Card,Failed,INV-004190
2406,1165,1165,2025-11-15,20,Bank Transfer,Success,INV-002406
3938,1937,1937,2025-11-15,20,Credit Card,Success,INV-003938
319,163,163,2025-11-15,20,Bank Transfer,Success,INV-000319
4315,2137,2137,2025-11-15,20,Credit Card,Success,INV-004315
3883,1925,1925,2025-11-15,20,PayPal,Success,INV-003883
1884,910,910,2025-11-15,20,Credit Card,Success,INV-001884
962,503,503,2025-11-15,20,PayPal,Success,INV-000962
2133,1039,1039,2025-11-15,50,Credit Card,Success,INV-002133
5522,2783,2783,2025-11-15,50,Credit Card,Success,INV-005522
4025,1984,1984,2025-11-15,20,Credit Card,Success,INV-004025
5680,2852,2852,2025-11-15,20,UPI,Success,INV-005680
4017,1976,1976,2025-11-15,20,Credit Card,Success,INV-004017
4791,2400,2400,2025-11-15,50,UPI,Success,INV-004791
4963,2483,2483,2025-11-16,50,PayPal,Success,INV-004963
4500,2261,2261,2025-11-16,50,PayPal,Success,INV-004500
1832,898,898,2025-11-16,50,Bank Transfer,Success,INV-001832
1894,917,917,2025-11-16,20,Credit Card,Success,INV-001894
4375,2180,2180,2025-11-16,20,Bank Transfer,Success,INV-004375
239,106,106,2025-11-16,240,Bank Transfer,Success,INV-000239
1268,651,651,2025-11-16,20,Bank Transfer,Success,INV-001268
5575,2817,2817,2025-11-16,20,Credit Card,Success,INV-005575
605,324,324,2025-11-16,20,UPI,Failed,INV-000605
5160,2602,2602,2025-11-16,20,PayPal,Success,INV-005160
392,218,218,2025-11-16,20,UPI,Success,INV-000392
3389,1669,1669,2025-11-16,50,UPI,Success,INV-003389
3329,1626,1626,2025-11-16,20,Credit Card,Success,INV-003329
4524,2280,2280,2025-11-16,50,Bank Transfer,Success,INV-004524
4015,1971,1971,2025-11-16,20,UPI,Success,INV-004015
5701,2857,2857,2025-11-16,20,Bank Transfer,Success,INV-005701
3535,1750,1750,2025-11-16,20,Credit Card,Success,INV-003535
3359,1649,1649,2025-11-16,20,Bank Transfer,Success,INV-003359
3845,1889,1889,2025-11-16,20,Bank Transfer,Success,INV-003845
1271,653,653,2025-11-16,20,Bank Transfer,Success,INV-001271
2982,1467,1467,2025-11-16,50,Bank Transfer,Success,INV-002982
2624,1296,1296,2025-11-17,20,UPI,Success,INV-002624
5333,2698,2698,2025-11-17,20,Credit Card,Success,INV-005333
2155,1051,1051,2025-11-17,20,Bank Transfer,Success,INV-002155
382,210,210,2025-11-17,20,Bank Transfer,Success,INV-000382
395,219,219,2025-11-17,50,PayPal,Failed,INV-000395
5800,2909,2909,2025-11-17,20,UPI,Success,INV-005800
3682,1816,1816,2025-11-17,20,Credit Card,Success,INV-003682
2080,1022,1022,2025-11-17,50,Credit Card,Success,INV-002080
639,345,345,2025-11-17,20,UPI,Success,INV-000639
5697,2855,2855,2025-11-17,50,Credit Card,Success,INV-005697
4715,2368,2368,2025-11-17,20,Bank Transfer,Success,INV-004715
1908,932,932,2025-11-17,20,Bank Transfer,Success,INV-001908
2499,1217,1217,2025-11-17,20,Bank Transfer,Success,INV-002499
3871,1922,1922,2025-11-17,20,UPI,Success,INV-003871
2210,1066,1066,2025-11-17,20,PayPal,Success,INV-002210
3457,1702,1702,2025-11-17,20,UPI,Success,INV-003457
773,435,435,2025-11-17,20,PayPal,Success,INV-000773
721,387,387,2025-11-17,50,UPI,Success,INV-000721
4364,2171,2171,2025-11-17,20,Credit Card,Success,INV-004364
2491,1216,1216,2025-11-17,20,Bank Transfer,Success,INV-002491
1303,671,671,2025-11-18,50,UPI,Success,INV-001303
492,282,282,2025-11-18,50,PayPal,Success,INV-000492
1977,976,976,2025-11-18,20,Credit Card,Success,INV-001977
2091,1024,1024,2025-11-18,20,Credit Card,Success,INV-002091
3829,1882,1882,2025-11-18,50,Bank Transfer,Success,INV-003829
5593,2829,2829,2025-11-18,20,Bank Transfer,Success,INV-005593
295,149,149,2025-11-18,20,UPI,Success,INV-000295
1659,835,835,2025-11-18,20,Credit Card,Success,INV-001659
854,464,464,2025-11-18,20,Credit Card,Success,INV-000854
5296,2682,2682,2025-11-18,50,Bank Transfer,Success,INV-005296
4034,1994,1994,2025-11-18,20,Bank Transfer,Success,INV-004034
1995,981,981,2025-11-18,20,Credit Card,Success,INV-001995
4533,2290,2290,2025-11-18,20,PayPal,Success,INV-004533
5206,2635,2635,2025-11-18,50,UPI,Success,INV-005206
3104,1545,1545,2025-11-18,20,Credit Card,Success,INV-003104
888,476,476,2025-11-18,50,Credit Card,Success,INV-000888
5773,2897,2897,2025-11-18,50,Bank Transfer,Success,INV-005773
5485,2755,2755,2025-11-18,20,Credit Card,Success,INV-005485
4981,2490,2490,2025-11-18,20,PayPal,Success,INV-004981
5914,2980,2980,2025-11-18,50,UPI,Failed,INV-005914
4355,2168,2168,2025-11-18,20,Credit Card,Success,INV-004355
4910,2465,2465,2025-11-18,20,Bank Transfer,Success,INV-004910
5343,2700,2700,2025-11-18,50,Credit Card,Success,INV-005343
2376,1147,1147,2025-11-18,20,Credit Card,Success,INV-002376
1574,800,800,2025-11-18,50,Bank Transfer,Success,INV-001574
2336,1121,1121,2025-11-18,50,PayPal,Success,INV-002336
1807,891,891,2025-11-18,20,Credit Card,Success,INV-001807
797,442,442,2025-11-18,20,Bank Transfer,Success,INV-000797
1916,936,936,2025-11-18,50,Bank Transfer,Success,INV-001916
673,366,366,2025-11-18,20,Credit Card,Success,INV-000673
1180,616,616,2025-11-18,20,PayPal,Success,INV-001180
5510,2775,2775,2025-11-18,20,Bank Transfer,Success,INV-005510
4148,2044,2044,2025-11-18,50,Credit Card,Success,INV-004148
1150,603,603,2025-11-19,20,PayPal,Success,INV-001150
229,102,102,2025-11-19,50,Credit Card,Failed,INV-000229
36,10,10,2025-11-19,50,PayPal,Success,INV-000036
3584,1776,1776,2025-11-19,50,PayPal,Success,INV-003584
4414,2191,2191,2025-11-19,50,Credit Card,Success,INV-004414
5267,2657,2657,2025-11-19,20,Bank Transfer,Success,INV-005267
2898,1414,1414,2025-11-19,20,Credit Card,Success,INV-002898
3594,1779,1779,2025-11-19,20,PayPal,Success,INV-003594
1971,972,972,2025-11-19,20,Bank Transfer,Success,INV-001971
194,87,87,2025-11-19,20,Credit Card,Success,INV-000194
3543,1753,1753,2025-11-19,20,UPI,Success,INV-003543
3529,1746,1746,2025-11-19,20,PayPal,Success,INV-003529
1095,575,575,2025-11-19,20,UPI,Failed,INV-001095
5866,2961,2961,2025-11-19,50,UPI,Success,INV-005866
3436,1689,1689,2025-11-19,20,Credit Card,Success,INV-003436
2114,1036,1036,2025-11-19,20,Credit Card,Success,INV-002114
2764,1361,1361,2025-11-19,20,UPI,Success,INV-002764
3306,1623,1623,2025-11-19,50,UPI,Success,INV-003306
733,396,396,2025-11-19,20,Bank Transfer,Success,INV-000733
5069,2553,2553,2025-11-19,50,UPI,Success,INV-005069
5584,2823,2823,2025-11-19,20,PayPal,Success,INV-005584
806,447,447,2025-11-19,20,Credit Card,Success,INV-000806
2812,1379,1379,2025-11-19,20,UPI,Success,INV-002812
1567,795,795,2025-11-19,20,PayPal,Success,INV-001567
1288,661,661,2025-11-19,50,Credit Card,Success,INV-001288
5117,2580,2580,2025-11-19,20,Credit Card,Success,INV-005117
2426,1176,1176,2025-11-19,20,Credit Card,Success,INV-002426
1036,549,549,2025-11-19,20,PayPal,Success,INV-001036
3564,1763,1763,2025-11-19,20,UPI,Success,INV-003564
3794,1859,1859,2025-11-19,20,UPI,Success,INV-003794
2711,1337,1337,2025-11-19,50,Credit Card,Success,INV-002711
3751,1839,1839,2025-11-19,20,Bank Transfer,Success,INV-003751
3098,1542,1542,2025-11-19,50,PayPal,Success,INV-003098
2836,1389,1389,2025-11-19,20,Bank Transfer,Success,INV-002836
5253,2652,2652,2025-11-20,20,Credit Card,Success,INV-005253
3004,1488,1488,2025-11-20,20,UPI,Success,INV-003004
446,262,262,2025-11-20,20,Credit Card,Success,INV-000446
3000,1474,1474,2025-11-20,20,Bank Transfer,Success,INV-003000
4277,2106,2106,2025-11-20,20,Bank Transfer,Success,INV-004277
2555,1259,1259,2025-11-20,50,UPI,Success,INV-002555
5831,2926,2926,2025-11-20,20,UPI,Success,INV-005831
2198,1060,1060,2025-11-20,20,UPI,Success,INV-002198
5609,2834,2834,2025-11-20,20,Bank Transfer,Success,INV-005609
1406,715,715,2025-11-20,20,UPI,Success,INV-001406
2962,1452,1452,2025-11-20,20,Credit Card,Success,INV-002962
4695,2362,2362,2025-11-20,20,Credit Card,Success,INV-004695
3834,1884,1884,2025-11-20,20,PayPal,Success,INV-003834
4222,2086,2086,2025-11-20,50,UPI,Success,INV-004222
5257,2655,2655,2025-11-20,50,Credit Card,Success,INV-005257
311,161,161,2025-11-20,20,PayPal,Success,INV-000311
476,274,274,2025-11-20,20,Credit Card,Success,INV-000476
3377,1667,1667,2025-11-20,20,PayPal,Success,INV-003377
2007,985,985,2025-11-20,20,Bank Transfer,Success,INV-002007
3077,1523,1523,2025-11-20,20,UPI,Success,INV-003077
3624,1792,1792,2025-11-20,600,Credit Card,Success,INV-003624
865,465,465,2025-11-20,20,Bank Transfer,Success,INV-000865
4756,2389,2389,2025-11-20,20,UPI,Success,INV-004756
4767,2391,2391,2025-11-20,20,Credit Card,Success,INV-004767
380,206,206,2025-11-20,20,PayPal,Success,INV-000380
1033,548,548,2025-11-20,20,UPI,Success,INV-001033
2182,1056,1056,2025-11-20,50,PayPal,Failed,INV-002182
279,133,133,2025-11-20,20,PayPal,Success,INV-000279
595,320,320,2025-11-20,20,Credit Card,Success,INV-000595
2900,1420,1420,2025-11-20,240,Bank Transfer,Success,INV-002900
2051,1008,1008,2025-11-20,50,Bank Transfer,Success,INV-002051
2636,1298,1298,2025-11-20,20,Credit Card,Success,INV-002636
3553,1755,1755,2025-11-20,20,UPI,Success,INV-003553
5465,2746,2746,2025-11-21,20,Credit Card,Success,INV-005465
68,21,21,2025-11-21,240,UPI,Failed,INV-000068
1308,675,675,2025-11-21,20,Bank Transfer,Success,INV-001308
2502,1224,1224,2025-11-21,20,PayPal,Success,INV-002502
1418,718,718,2025-11-21,20,Credit Card,Success,INV-001418
710,380,380,2025-11-21,50,Bank Transfer,Success,INV-000710
3982,1965,1965,2025-11-21,50,Bank Transfer,Success,INV-003982
2749,1348,1348,2025-11-21,20,PayPal,Success,INV-002749
5162,2606,2606,2025-11-21,20,Credit Card,Success,INV-005162
1645,831,831,2025-11-21,50,PayPal,Failed,INV-001645
3176,1567,1567,2025-11-21,20,Bank Transfer,Success,INV-003176
520,287,287,2025-11-21,20,PayPal,Success,INV-000520
5053,2537,2537,2025-11-21,20,Credit Card,Success,INV-005053
5095,2570,2570,2025-11-21,20,Credit Card,Success,INV-005095
5517,2779,2779,2025-11-21,50,PayPal,Success,INV-005517
4021,1980,1980,2025-11-21,20,UPI,Success,INV-004021
662,363,363,2025-11-21,20,PayPal,Success,INV-000662
1842,901,901,2025-11-21,20,Credit Card,Success,INV-001842
1856,905,905,2025-11-21,50,UPI,Success,INV-001856
4420,2200,2200,2025-11-21,20,UPI,Success,INV-004420
789,439,439,2025-11-21,50,UPI,Success,INV-000789
1239,635,635,2025-11-21,20,UPI,Success,INV-001239
2227,1072,1072,2025-11-22,20,Credit Card,Success,INV-002227
2667,1308,1308,2025-11-22,50,UPI,Success,INV-002667
5135,2597,2597,2025-11-22,20,UPI,Success,INV-005135
2123,1037,1037,2025-11-22,20,UPI,Success,INV-002123
4984,2491,2491,2025-11-22,20,Credit Card,Success,INV-004984
4950,2478,2478,2025-11-22,50,Credit Card,Success,INV-004950
3452,1696,1696,2025-11-22,20,Bank Transfer,Success,INV-003452
5532,2784,2784,2025-11-22,20,Credit Card,Success,INV-005532
4743,2384,2384,2025-11-22,50,PayPal,Success,INV-004743
3291,1618,1618,2025-11-22,50,Credit Card,Success,INV-003291
3813,1869,1869,2025-11-22,20,UPI,Success,INV-003813
1448,734,734,2025-11-22,20,PayPal,Success,INV-001448
340,173,173,2025-11-22,20,UPI,Success,INV-000340
3420,1685,1685,2025-11-22,50,Credit Card,Success,INV-003420
2528,1243,1243,2025-11-22,50,Bank Transfer,Success,INV-002528
3095,1541,1541,2025-11-22,50,Credit Card,Failed,INV-003095
1256,646,646,2025-11-22,20,Bank Transfer,Success,INV-001256
5289,2666,2666,2025-11-22,20,Credit Card,Failed,INV-005289
1551,793,793,2025-11-22,20,Credit Card,Success,INV-001551
72,23,23,2025-11-22,20,Bank Transfer,Success,INV-000072
5551,2800,2800,2025-11-22,20,PayPal,Success,INV-005551
253,108,108,2025-11-22,20,Bank Transfer,Success,INV-000253
1007,523,523,2025-11-22,50,Bank Transfer,Success,INV-001007
4330,2154,2154,2025-11-22,20,UPI,Success,INV-004330
15,3,3,2025-11-22,50,Credit Card,Success,INV-000015
3053,1508,1508,2025-11-22,20,Credit Card,Success,INV-003053
741,400,400,2025-11-22,20,Bank Transfer,Success,INV-000741
4293,2123,2123,2025-11-22,20,Bank Transfer,Success,INV-004293
1018,536,536,2025-11-22,240,Bank Transfer,Success,INV-001018
3622,1788,1788,2025-11-22,20,Bank Transfer,Success,INV-003622
4850,2440,2440,2025-11-22,50,Credit Card,Success,INV-004850
884,471,471,2025-11-23,20,PayPal,Success,INV-000884
3252,1604,1604,2025-11-23,20,Credit Card,Success,INV-003252
3318,1625,1625,2025-11-23,20,PayPal,Success,INV-003318
3341,1631,1631,2025-11-23,50,PayPal,Success,INV-003341
2041,1004,1004,2025-11-23,20,PayPal,Success,INV-002041
1031,544,544,2025-11-23,50,Credit Card,Success,INV-001031
4058,2011,2011,2025-11-23,20,Credit Card,Success,INV-004058
3674,1815,1815,2025-11-23,20,PayPal,Success,INV-003674
5492,2768,2768,2025-11-23,50,UPI,Success,INV-005492
4971,2486,2486,2025-11-23,50,Bank Transfer,Success,INV-004971
632,342,342,2025-11-23,50,UPI,Success,INV-000632
3874,1923,1923,2025-11-23,50,UPI,Success,INV-003874
1352,692,692,2025-11-23,20,Credit Card,Success,INV-001352
5508,2774,2774,2025-11-23,20,UPI,Success,INV-005508
5400,2715,2715,2025-11-23,20,PayPal,Success,INV-005400
2658,1307,1307,2025-11-23,20,UPI,Success,INV-002658
4789,2399,2399,2025-11-23,20,Credit Card,Success,INV-004789
5903,2979,2979,2025-11-23,50,Bank Transfer,Success,INV-005903
1778,883,883,2025-11-23,20,PayPal,Success,INV-001778
2489,1214,1214,2025-11-23,20,UPI,Success,INV-002489
4804,2415,2415,2025-11-23,20,Credit Card,Success,INV-004804
4201,2068,2068,2025-11-23,50,Bank Transfer,Success,INV-004201
3048,1502,1502,2025-11-23,20,Credit Card,Success,INV-003048
2942,1445,1445,2025-11-23,50,Bank Transfer,Success,INV-002942
2904,1421,1421,2025-11-23,20,Credit Card,Success,INV-002904
2875,1408,1408,2025-11-23,50,UPI,Success,INV-002875
1093,574,574,2025-11-24,50,PayPal,Success,INV-001093
4830,2430,2430,2025-11-24,20,UPI,Success,INV-004830
3893,1927,1927,2025-11-24,50,PayPal,Success,INV-003893
2738,1343,1343,2025-11-24,20,PayPal,Success,INV-002738
4475,2234,2234,2025-11-24,20,Credit Card,Success,INV-004475
1747,867,867,2025-11-24,50,UPI,Success,INV-001747
2354,1129,1129,2025-11-24,240,Bank Transfer,Success,INV-002354
2414,1171,1171,2025-11-24,50,Credit Card,Success,INV-002414
2162,1052,1052,2025-11-24,50,UPI,Success,INV-002162
1542,781,781,2025-11-24,20,Bank Transfer,Success,INV-001542
4922,2469,2469,2025-11-24,20,Bank Transfer,Success,INV-004922
1710,856,856,2025-11-24,50,Credit Card,Success,INV-001710
5145,2598,2598,2025-11-24,20,Credit Card,Success,INV-005145
1522,764,764,2025-11-24,50,Bank Transfer,Success,INV-001522
1484,753,753,2025-11-24,50,PayPal,Success,INV-001484
1386,705,705,2025-11-24,20,UPI,Success,INV-001386
1687,854,854,2025-11-24,20,Credit Card,Success,INV-001687
1718,859,859,2025-11-24,20,Credit Card,Success,INV-001718
3485,1722,1722,2025-11-25,20,PayPal,Success,INV-003485
874,469,469,2025-11-25,50,Credit Card,Success,INV-000874
1626,819,819,2025-11-25,20,Credit Card,Success,INV-001626
5677,2851,2851,2025-11-25,50,PayPal,Success,INV-005677
2549,1252,1252,2025-11-25,20,Credit Card,Success,INV-002549
3164,1566,1566,2025-11-25,50,PayPal,Success,INV-003164
1649,834,834,2025-11-25,50,UPI,Success,INV-001649
3511,1740,1740,2025-11-25,20,Credit Card,Success,INV-003511
1698,855,855,2025-11-25,20,Credit Card,Success,INV-001698
1368,701,701,2025-11-25,20,Credit Card,Success,INV-001368
4799,2405,2405,2025-11-25,20,UPI,Success,INV-004799
4173,2062,2062,2025-11-25,50,PayPal,Success,INV-004173
4206,2071,2071,2025-11-25,50,Credit Card,Success,INV-004206
3929,1936,1936,2025-11-25,20,PayPal,Success,INV-003929
5806,2916,2916,2025-11-26,20,Bank Transfer,Success,INV-005806
4287,2112,2112,2025-11-26,20,Bank Transfer,Success,INV-004287
88,28,28,2025-11-26,20,UPI,Success,INV-000088
2519,1231,1231,2025-11-26,20,PayPal,Success,INV-002519
4462,2220,2220,2025-11-26,20,Bank Transfer,Success,INV-004462
5645,2842,2842,2025-11-26,50,UPI,Success,INV-005645
5641,2841,2841,2025-11-26,20,PayPal,Failed,INV-005641
4012,1968,1968,2025-11-26,20,Bank Transfer,Success,INV-004012
4109,2033,2033,2025-11-26,50,UPI,Success,INV-004109
2013,991,991,2025-11-26,50,UPI,Success,INV-002013
1,1,1,2025-11-26,50,Credit Card,Success,INV-000001
2268,1095,1095,2025-11-26,600,Credit Card,Success,INV-002268
1209,623,623,2025-11-26,20,Credit Card,Success,INV-001209
1358,697,697,2025-11-26,50,Bank Transfer,Success,INV-001358
4616,2318,2318,2025-11-26,20,PayPal,Success,INV-004616
1112,578,578,2025-11-26,20,Bank Transfer,Success,INV-001112
4892,2460,2460,2025-11-26,20,UPI,Success,INV-004892
2746,1347,1347,2025-11-26,20,PayPal,Success,INV-002746
3088,1529,1529,2025-11-26,20,PayPal,Success,INV-003088
3041,1499,1499,2025-11-26,20,Bank Transfer,Success,INV-003041
938,498,498,2025-11-26,20,UPI,Success,INV-000938
4886,2458,2458,2025-11-27,50,Bank Transfer,Success,INV-004886
3113,1547,1547,2025-11-27,20,Credit Card,Success,INV-003113
2931,1443,1443,2025-11-27,20,UPI,Success,INV-002931
4167,2055,2055,2025-11-27,50,Credit Card,Success,INV-004167
247,107,107,2025-11-27,20,Bank Transfer,Success,INV-000247
5369,2706,2706,2025-11-27,20,PayPal,Success,INV-005369
2584,1270,1270,2025-11-27,20,Bank Transfer,Success,INV-002584
5406,2719,2719,2025-11-27,50,UPI,Success,INV-005406
3355,1642,1642,2025-11-27,50,Credit Card,Success,INV-003355
4340,2159,2159,2025-11-27,50,Bank Transfer,Success,INV-004340
5045,2535,2535,2025-11-27,50,UPI,Success,INV-005045
3469,1710,1710,2025-11-27,50,Bank Transfer,Success,INV-003469
548,298,298,2025-11-27,50,Credit Card,Success,INV-000548
675,367,367,2025-11-27,20,Bank Transfer,Success,INV-000675
439,255,255,2025-11-27,20,Credit Card,Success,INV-000439
3952,1941,1941,2025-11-27,50,PayPal,Success,INV-003952
3523,1741,1741,2025-11-27,20,PayPal,Success,INV-003523
3993,1966,1966,2025-11-27,20,Bank Transfer,Success,INV-003993
2332,1120,1120,2025-11-27,20,PayPal,Success,INV-002332
2760,1359,1359,2025-11-27,600,PayPal,Success,INV-002760
3709,1830,1830,2025-11-27,20,UPI,Success,INV-003709
2650,1302,1302,2025-11-27,20,UPI,Success,INV-002650
537,291,291,2025-11-27,20,PayPal,Success,INV-000537
1790,885,885,2025-11-28,20,Credit Card,Success,INV-001790
1055,561,561,2025-11-28,20,Credit Card,Success,INV-001055
5174,2609,2609,2025-11-28,20,Bank Transfer,Success,INV-005174
1891,916,916,2025-11-28,20,UPI,Success,INV-001891
1983,978,978,2025-11-28,20,Bank Transfer,Success,INV-001983
1756,869,869,2025-11-28,20,Credit Card,Success,INV-001756
398,223,223,2025-11-28,20,Bank Transfer,Success,INV-000398
5157,2600,2600,2025-11-28,20,Credit Card,Failed,INV-005157
188,84,84,2025-11-28,50,Credit Card,Success,INV-000188
2172,1053,1053,2025-11-28,50,Bank Transfer,Success,INV-002172
5747,2880,2880,2025-11-28,20,PayPal,Success,INV-005747
386,216,216,2025-11-28,20,UPI,Success,INV-000386
5768,2894,2894,2025-11-28,20,PayPal,Success,INV-005768
826,456,456,2025-11-28,50,UPI,Success,INV-000826
464,264,264,2025-11-28,50,PayPal,Success,INV-000464
1104,576,576,2025-11-28,20,Bank Transfer,Success,INV-001104
926,492,492,2025-11-28,20,UPI,Success,INV-000926
4309,2135,2135,2025-11-28,50,PayPal,Success,INV-004309
4822,2420,2420,2025-11-28,20,UPI,Failed,INV-004822
4858,2441,2441,2025-11-28,20,PayPal,Success,INV-004858
4070,2013,2013,2025-11-28,50,Bank Transfer,Success,INV-004070
4727,2371,2371,2025-11-28,20,PayPal,Success,INV-004727
3140,1563,1563,2025-11-28,20,PayPal,Success,INV-003140
4395,2185,2185,2025-11-28,50,PayPal,Success,INV-004395
4372,2179,2179,2025-11-28,50,Credit Card,Success,INV-004372
4130,2040,2040,2025-11-28,20,PayPal,Success,INV-004130
2791,1369,1369,2025-11-28,20,Bank Transfer,Success,INV-002791
3859,1910,1910,2025-11-28,20,Bank Transfer,Success,INV-003859
3274,1614,1614,2025-11-28,20,UPI,Success,INV-003274
3869,1918,1918,2025-11-28,50,Bank Transfer,Success,INV-003869
3344,1635,1635,2025-11-28,50,Bank Transfer,Success,INV-003344
3526,1745,1745,2025-11-28,240,Credit Card,Success,INV-003526
2638,1301,1301,2025-11-28,20,Bank Transfer,Success,INV-002638
4220,2080,2080,2025-11-28,50,Bank Transfer,Success,INV-004220
4872,2446,2446,2025-11-28,50,Bank Transfer,Failed,INV-004872
3576,1772,1772,2025-11-29,50,UPI,Success,INV-003576
5476,2753,2753,2025-11-29,50,UPI,Success,INV-005476
5691,2854,2854,2025-11-29,20,UPI,Success,INV-005691
3903,1928,1928,2025-11-29,50,Credit Card,Success,INV-003903
2611,1287,1287,2025-11-29,50,Credit Card,Success,INV-002611
4447,2214,2214,2025-11-29,20,UPI,Success,INV-004447
2885,1409,1409,2025-11-29,50,UPI,Success,INV-002885
5108,2577,2577,2025-11-29,50,UPI,Success,INV-005108
5429,2726,2726,2025-11-29,20,Bank Transfer,Success,INV-005429
4083,2024,2024,2025-11-29,50,PayPal,Success,INV-004083
5944,2994,2994,2025-11-29,20,UPI,Success,INV-005944
977,514,514,2025-11-29,20,Credit Card,Success,INV-000977
777,438,438,2025-11-29,50,Bank Transfer,Success,INV-000777
5434,2733,2733,2025-11-29,50,Credit Card,Success,INV-005434
4477,2240,2240,2025-11-29,240,PayPal,Success,INV-004477
5833,2933,2933,2025-11-29,20,Bank Transfer,Success,INV-005833
5241,2648,2648,2025-11-30,20,Credit Card,Success,INV-005241
199,89,89,2025-11-30,20,PayPal,Success,INV-000199
4635,2335,2335,2025-11-30,50,Bank Transfer,Success,INV-004635
3013,1490,1490,2025-11-30,50,Bank Transfer,Success,INV-003013
913,488,488,2025-11-30,20,UPI,Failed,INV-000913
1635,827,827,2025-11-30,20,UPI,Success,INV-001635
4591,2308,2308,2025-11-30,20,Credit Card,Success,INV-004591
4436,2211,2211,2025-11-30,20,Credit Card,Success,INV-004436
4002,1967,1967,2025-11-30,50,UPI,Failed,INV-004002
3757,1843,1843,2025-11-30,20,PayPal,Success,INV-003757
1679,851,851,2025-11-30,20,UPI,Success,INV-001679
2097,1027,1027,2025-11-30,20,PayPal,Success,INV-002097
4920,2468,2468,2025-11-30,20,Bank Transfer,Success,INV-004920
1019,538,538,2025-11-30,20,PayPal,Success,INV-001019
5304,2685,2685,2025-11-30,50,PayPal,Success,INV-005304
4512,2266,2266,2025-11-30,20,PayPal,Success,INV-004512
1608,809,809,2025-11-30,20,UPI,Success,INV-001608
2910,1424,1424,2025-11-30,20,PayPal,Success,INV-002910
678,368,368,2025-11-30,50,Credit Card,Success,INV-000678
4654,2340,2340,2025-11-30,20,UPI,Success,INV-004654
3300,1620,1620,2025-11-30,50,PayPal,Success,INV-003300
28,9,9,2025-11-30,20,UPI,Success,INV-000028
1549,791,791,2025-11-30,20,Credit Card,Success,INV-001549
647,358,358,2025-11-30,50,Credit Card,Success,INV-000647
2542,1251,1251,2025-11-30,20,Credit Card,Success,INV-002542
2461,1198,1198,2025-11-30,50,UPI,Success,INV-002461
698,371,371,2025-11-30,20,UPI,Success,INV-000698
1463,743,743,2025-11-30,50,UPI,Success,INV-001463
1583,802,802,2025-11-30,50,Credit Card,Success,INV-001583
5198,2632,2632,2025-11-30,20,Credit Card,Success,INV-005198
4273,2101,2101,2025-11-30,50,PayPal,Success,INV-004273
3493,1725,1725,2025-11-30,20,Credit Card,Success,INV-003493
3236,1599,1599,2025-11-30,50,PayPal,Success,INV-003236
2980,1460,1460,2025-12-01,20,Credit Card,Success,INV-002980
4583,2306,2306,2025-12-01,50,PayPal,Success,INV-004583
2259,1090,1090,2025-12-01,50,Credit Card,Success,INV-002259
3663,1801,1801,2025-12-01,20,Bank Transfer,Success,INV-003663
5115,2579,2579,2025-12-01,20,Bank Transfer,Success,INV-005115
1535,768,768,2025-12-01,50,UPI,Success,INV-001535
3501,1733,1733,2025-12-01,20,Bank Transfer,Success,INV-003501
369,192,192,2025-12-01,50,PayPal,Success,INV-000369
5758,2884,2884,2025-12-01,20,UPI,Success,INV-005758
3600,1781,1781,2025-12-01,50,Bank Transfer,Success,INV-003600
4685,2357,2357,2025-12-01,20,Credit Card,Success,INV-004685
5431,2729,2729,2025-12-01,50,UPI,Success,INV-005431
410,224,224,2025-12-01,50,PayPal,Success,INV-000410
429,243,243,2025-12-01,50,Bank Transfer,Success,INV-000429
844,462,462,2025-12-01,20,Credit Card,Success,INV-000844
2138,1041,1041,2025-12-01,20,Bank Transfer,Success,INV-002138
471,273,273,2025-12-01,50,Bank Transfer,Success,INV-000471
13,2,2,2025-12-01,20,UPI,Success,INV-000013
2009,988,988,2025-12-01,240,Credit Card,Success,INV-002009
5544,2794,2794,2025-12-01,20,Credit Card,Success,INV-005544
2579,1268,1268,2025-12-01,50,UPI,Success,INV-002579
1219,628,628,2025-12-01,20,Credit Card,Success,INV-001219
4238,2094,2094,2025-12-01,20,PayPal,Success,INV-004238
5225,2645,2645,2025-12-01,20,PayPal,Failed,INV-005225
2724,1339,1339,2025-12-01,20,PayPal,Success,INV-002724
3532,1749,1749,2025-12-01,20,Bank Transfer,Success,INV-003532
2657,1306,1306,2025-12-01,20,Bank Transfer,Success,INV-002657
701,372,372,2025-12-01,20,Credit Card,Success,INV-000701
3977,1964,1964,2025-12-01,20,UPI,Success,INV-003977
956,502,502,2025-12-02,20,UPI,Success,INV-000956
127,38,38,2025-12-02,20,Bank Transfer,Success,INV-000127
377,197,197,2025-12-02,50,PayPal,Success,INV-000377
892,477,477,2025-12-02,50,PayPal,Success,INV-000892
1768,873,873,2025-12-02,20,Credit Card,Success,INV-001768
1128,592,592,2025-12-02,50,PayPal,Success,INV-001128
5920,2984,2984,2025-12-02,50,Bank Transfer,Success,INV-005920
344,180,180,2025-12-02,20,Bank Transfer,Success,INV-000344
2841,1397,1397,2025-12-02,50,Bank Transfer,Success,INV-002841
1191,619,619,2025-12-02,20,UPI,Success,INV-001191
3125,1559,1559,2025-12-02,50,PayPal,Success,INV-003125
162,69,69,2025-12-02,20,Bank Transfer,Success,INV-000162
2566,1262,1262,2025-12-02,20,Credit Card,Success,INV-002566
5896,2975,2975,2025-12-02,20,UPI,Success,INV-005896
5037,2534,2534,2025-12-02,20,Credit Card,Success,INV-005037
770,430,430,2025-12-02,20,UPI,Success,INV-000770
3090,1532,1532,2025-12-02,20,PayPal,Success,INV-003090
1954,965,965,2025-12-02,50,Credit Card,Success,INV-001954
4795,2402,2402,2025-12-02,20,Credit Card,Success,INV-004795
150,63,63,2025-12-02,50,UPI,Success,INV-000150
2850,1398,1398,2025-12-03,20,Bank Transfer,Success,INV-002850
4042,1999,1999,2025-12-03,50,PayPal,Success,INV-004042
426,242,242,2025-12-03,20,UPI,Success,INV-000426
5248,2651,2651,2025-12-03,50,UPI,Success,INV-005248
839,457,457,2025-12-03,20,PayPal,Failed,INV-000839
24,8,8,2025-12-03,50,Bank Transfer,Success,INV-000024
1231,630,630,2025-12-03,20,UPI,Success,INV-001231
1854,904,904,2025-12-03,50,PayPal,Success,INV-001854
4940,2477,2477,2025-12-03,20,UPI,Success,INV-004940
5133,2590,2590,2025-12-03,50,UPI,Success,INV-005133
3606,1784,1784,2025-12-03,20,Credit Card,Success,INV-003606
3618,1786,1786,2025-12-03,20,Credit Card,Success,INV-003618
82,26,26,2025-12-03,50,PayPal,Success,INV-000082
1735,862,862,2025-12-03,20,UPI,Success,INV-001735
3972,1953,1953,2025-12-03,20,UPI,Success,INV-003972
1293,666,666,2025-12-03,20,Credit Card,Success,INV-001293
5671,2850,2850,2025-12-03,50,Credit Card,Success,INV-005671
2872,1406,1406,2025-12-03,50,Bank Transfer,Success,INV-002872
45,14,14,2025-12-03,20,Credit Card,Success,INV-000045
4338,2157,2157,2025-12-03,50,PayPal,Success,INV-004338
5820,2923,2923,2025-12-03,20,Bank Transfer,Success,INV-005820
5513,2776,2776,2025-12-03,20,PayPal,Success,INV-005513
506,285,285,2025-12-03,20,Bank Transfer,Success,INV-000506
3282,1616,1616,2025-12-03,20,PayPal,Success,INV-003282
3590,1778,1778,2025-12-03,50,PayPal,Success,INV-003590
3739,1833,1833,2025-12-03,20,UPI,Success,INV-003739
951,500,500,2025-12-03,20,PayPal,Success,INV-000951
4801,2408,2408,2025-12-03,240,PayPal,Success,INV-004801
5690,2853,2853,2025-12-04,50,PayPal,Success,INV-005690
1963,968,968,2025-12-04,20,UPI,Success,INV-001963
4487,2249,2249,2025-12-04,50,Bank Transfer,Success,INV-004487
2937,1444,1444,2025-12-04,50,UPI,Success,INV-002937
3093,1538,1538,2025-12-04,20,Credit Card,Success,INV-003093
3477,1711,1711,2025-12-04,20,Bank Transfer,Success,INV-003477
5354,2702,2702,2025-12-04,20,PayPal,Failed,INV-005354
1628,820,820,2025-12-04,50,PayPal,Success,INV-001628
4633,2333,2333,2025-12-04,50,Bank Transfer,Success,INV-004633
2353,1124,1124,2025-12-04,20,PayPal,Success,INV-002353
4142,2042,2042,2025-12-04,50,UPI,Success,INV-004142
1311,676,676,2025-12-04,50,Bank Transfer,Success,INV-001311
2327,1116,1116,2025-12-04,20,PayPal,Success,INV-002327
1674,847,847,2025-12-04,20,Bank Transfer,Success,INV-001674
3631,1794,1794,2025-12-04,50,Credit Card,Success,INV-003631
1339,690,690,2025-12-04,50,Bank Transfer,Success,INV-001339
1015,524,524,2025-12-04,20,Credit Card,Success,INV-001015
5421,2722,2722,2025-12-04,20,PayPal,Success,INV-005421
5541,2793,2793,2025-12-04,20,PayPal,Failed,INV-005541
1498,758,758,2025-12-05,20,Bank Transfer,Success,INV-001498
3428,1687,1687,2025-12-05,20,PayPal,Success,INV-003428
5716,2864,2864,2025-12-05,20,PayPal,Success,INV-005716
5708,2863,2863,2025-12-05,20,Credit Card,Success,INV-005708
1533,765,765,2025-12-05,20,UPI,Success,INV-001533
626,333,333,2025-12-05,50,Bank Transfer,Success,INV-000626
1439,722,722,2025-12-05,20,Credit Card,Success,INV-001439
1561,794,794,2025-12-05,20,PayPal,Success,INV-001561
761,414,414,2025-12-05,20,PayPal,Success,INV-000761
4737,2376,2376,2025-12-05,20,PayPal,Success,INV-004737
4742,2381,2381,2025-12-05,50,PayPal,Failed,INV-004742
2993,1470,1470,2025-12-05,50,Credit Card,Success,INV-002993
3196,1579,1579,2025-12-05,20,PayPal,Success,INV-003196
3137,1561,1561,2025-12-05,20,Bank Transfer,Success,INV-003137
4473,2227,2227,2025-12-05,20,Bank Transfer,Success,INV-004473
1040,556,556,2025-12-05,50,UPI,Success,INV-001040
3687,1817,1817,2025-12-05,20,Bank Transfer,Success,INV-003687
5606,2833,2833,2025-12-05,20,UPI,Success,INV-005606
1824,894,894,2025-12-05,20,PayPal,Success,INV-001824
5626,2837,2837,2025-12-05,50,UPI,Success,INV-005626
5010,2510,2510,2025-12-05,20,Credit Card,Success,INV-005010
4645,2337,2337,2025-12-05,50,UPI,Success,INV-004645
5130,2588,2588,2025-12-05,20,UPI,Success,INV-005130
4155,2048,2048,2025-12-05,50,Credit Card,Success,INV-004155
2109,1028,1028,2025-12-05,20,Credit Card,Success,INV-002109
4443,2213,2213,2025-12-05,50,PayPal,Success,INV-004443
4397,2186,2186,2025-12-05,20,PayPal,Success,INV-004397
5015,2516,2516,2025-12-05,50,Credit Card,Success,INV-005015
5921,2985,2985,2025-12-05,20,UPI,Success,INV-005921
5936,2992,2992,2025-12-05,50,PayPal,Success,INV-005936
66,19,19,2025-12-05,50,Credit Card,Success,INV-000066
4435,2206,2206,2025-12-05,20,Credit Card,Success,INV-004435
2058,1010,1010,2025-12-05,20,Credit Card,Success,INV-002058
3975,1956,1956,2025-12-05,50,UPI,Failed,INV-003975
4408,2187,2187,2025-12-05,20,Bank Transfer,Success,INV-004408
2312,1105,1105,2025-12-05,50,Bank Transfer,Success,INV-002312
2243,1076,1076,2025-12-05,20,UPI,Success,INV-002243
136,50,50,2025-12-05,50,UPI,Success,INV-000136
97,30,30,2025-12-05,50,PayPal,Success,INV-000097
4036,1995,1995,2025-12-05,50,Bank Transfer,Success,INV-004036
4105,2030,2030,2025-12-05,20,UPI,Success,INV-004105
5192,2625,2625,2025-12-05,20,PayPal,Success,INV-005192
611,327,327,2025-12-05,20,Credit Card,Success,INV-000611
5059,2541,2541,2025-12-05,20,Bank Transfer,Success,INV-005059
4254,2096,2096,2025-12-05,50,UPI,Success,INV-004254
3781,1856,1856,2025-12-06,20,UPI,Success,INV-003781
4838,2434,2434,2025-12-06,50,Credit Card,Success,INV-004838
3639,1795,1795,2025-12-06,50,Bank Transfer,Success,INV-003639
4518,2279,2279,2025-12-06,20,Credit Card,Success,INV-004518
423,237,237,2025-12-06,20,Credit Card,Success,INV-000423
2685,1324,1324,2025-12-06,20,PayPal,Success,INV-002685
1396,707,707,2025-12-06,50,UPI,Success,INV-001396
5323,2696,2696,2025-12-06,20,Bank Transfer,Success,INV-005323
257,110,110,2025-12-06,50,Credit Card,Success,INV-000257
1092,573,573,2025-12-06,20,PayPal,Success,INV-001092
4494,2253,2253,2025-12-06,20,PayPal,Success,INV-004494
5127,2581,2581,2025-12-06,20,UPI,Success,INV-005127
5211,2636,2636,2025-12-06,20,PayPal,Success,INV-005211
5187,2621,2621,2025-12-06,20,Credit Card,Success,INV-005187
3967,1949,1949,2025-12-06,50,UPI,Success,INV-003967
2366,1133,1133,2025-12-06,20,UPI,Success,INV-002366
3670,1814,1814,2025-12-06,20,UPI,Success,INV-003670
3665,1806,1806,2025-12-06,20,UPI,Success,INV-003665
4847,2435,2435,2025-12-06,20,UPI,Success,INV-004847
5220,2644,2644,2025-12-06,50,PayPal,Success,INV-005220
4677,2352,2352,2025-12-06,20,Credit Card,Failed,INV-004677
2960,1447,1447,2025-12-06,50,UPI,Success,INV-002960
540,292,292,2025-12-06,50,UPI,Success,INV-000540
5864,2952,2952,2025-12-06,50,Credit Card,Success,INV-005864
4265,2098,2098,2025-12-06,50,PayPal,Success,INV-004265
4053,2006,2006,2025-12-07,50,Bank Transfer,Success,INV-004053
3705,1826,1826,2025-12-07,20,PayPal,Failed,INV-003705
1046,560,560,2025-12-07,20,UPI,Success,INV-001046
4918,2467,2467,2025-12-07,50,Credit Card,Success,INV-004918
1068,563,563,2025-12-07,20,Bank Transfer,Success,INV-001068
2799,1374,1374,2025-12-07,240,Bank Transfer,Success,INV-002799
4348,2165,2165,2025-12-07,20,PayPal,Success,INV-004348
5026,2522,2522,2025-12-07,50,UPI,Success,INV-005026
5557,2805,2805,2025-12-07,20,Credit Card,Success,INV-005557
1091,572,572,2025-12-07,50,UPI,Success,INV-001091
2887,1413,1413,2025-12-07,600,PayPal,Success,INV-002887
5891,2974,2974,2025-12-07,20,Bank Transfer,Success,INV-005891
1538,769,769,2025-12-07,50,Credit Card,Success,INV-001538
5916,2982,2982,2025-12-07,600,UPI,Success,INV-005916
5851,2948,2948,2025-12-07,50,PayPal,Success,INV-005851
2070,1019,1019,2025-12-07,20,UPI,Success,INV-002070
749,405,405,2025-12-07,20,Credit Card,Success,INV-000749
691,369,369,2025-12-07,50,Credit Card,Success,INV-000691
5536,2789,2789,2025-12-07,20,UPI,Success,INV-005536
3572,1771,1771,2025-12-07,20,UPI,Success,INV-003572
585,317,317,2025-12-07,50,PayPal,Success,INV-000585
2552,1253,1253,2025-12-07,50,PayPal,Success,INV-002552
4931,2473,2473,2025-12-07,20,PayPal,Success,INV-004931
2218,1071,1071,2025-12-08,20,UPI,Success,INV-002218
2313,1106,1106,2025-12-08,240,PayPal,Success,INV-002313
1122,585,585,2025-12-08,20,Credit Card,Success,INV-001122
5521,2781,2781,2025-12-08,20,Credit Card,Success,INV-005521
3154,1565,1565,2025-12-08,20,Credit Card,Success,INV-003154
1159,608,608,2025-12-08,20,UPI,Success,INV-001159
2470,1202,1202,2025-12-08,50,Bank Transfer,Success,INV-002470
2373,1135,1135,2025-12-08,20,Credit Card,Success,INV-002373
1212,626,626,2025-12-08,50,Bank Transfer,Success,INV-001212
1625,818,818,2025-12-08,20,UPI,Success,INV-001625
4246,2095,2095,2025-12-08,20,Credit Card,Success,INV-004246
1545,789,789,2025-12-08,50,Bank Transfer,Success,INV-001545
4255,2097,2097,2025-12-08,240,Credit Card,Success,INV-004255
2267,1093,1093,2025-12-08,20,UPI,Success,INV-002267
4620,2328,2328,2025-12-08,50,Bank Transfer,Success,INV-004620
4733,2372,2372,2025-12-08,20,Credit Card,Success,INV-004733
3721,1831,1831,2025-12-08,50,UPI,Success,INV-003721
4566,2303,2303,2025-12-08,50,PayPal,Success,INV-004566
4322,2150,2150,2025-12-08,600,UPI,Success,INV-004322
2508,1227,1227,2025-12-08,20,Credit Card,Success,INV-002508
1873,908,908,2025-12-08,50,UPI,Success,INV-001873
820,454,454,2025-12-08,50,Bank Transfer,Success,INV-000820
2867,1403,1403,2025-12-08,20,Bank Transfer,Failed,INV-002867
2537,1247,1247,2025-12-08,20,Bank Transfer,Success,INV-002537
5790,2906,2906,2025-12-08,20,UPI,Success,INV-005790
3798,1863,1863,2025-12-08,50,PayPal,Success,INV-003798
1950,955,955,2025-12-08,50,Credit Card,Success,INV-001950
4488,2250,2250,2025-12-08,600,Bank Transfer,Success,INV-004488
2807,1376,1376,2025-12-08,20,Bank Transfer,Success,INV-002807
3371,1658,1658,2025-12-08,20,PayPal,Success,INV-003371
4706,2363,2363,2025-12-08,50,UPI,Success,INV-004706
970,506,506,2025-12-08,20,Bank Transfer,Success,INV-000970
2919,1427,1427,2025-12-08,20,Bank Transfer,Success,INV-002919
5727,2867,2867,2025-12-08,20,Bank Transfer,Success,INV-005727
600,321,321,2025-12-08,20,Credit Card,Success,INV-000600
3765,1845,1845,2025-12-08,20,PayPal,Success,INV-003765
2923,1430,1430,2025-12-08,50,Credit Card,Success,INV-002923
4029,1985,1985,2025-12-09,20,Bank Transfer,Success,INV-004029
3249,1600,1600,2025-12-09,50,PayPal,Success,INV-003249
2023,999,999,2025-12-09,50,Bank Transfer,Success,INV-002023
3251,1603,1603,2025-12-09,20,Bank Transfer,Success,INV-003251
1572,798,798,2025-12-09,20,PayPal,Success,INV-001572
1169,609,609,2025-12-09,20,Bank Transfer,Success,INV-001169
714,382,382,2025-12-09,50,PayPal,Success,INV-000714
3441,1695,1695,2025-12-09,20,UPI,Success,INV-003441
526,289,289,2025-12-09,20,PayPal,Success,INV-000526
5736,2874,2874,2025-12-09,20,PayPal,Success,INV-005736
5500,2769,2769,2025-12-09,20,PayPal,Success,INV-005500
466,269,269,2025-12-09,50,Credit Card,Success,INV-000466
3920,1935,1935,2025-12-09,20,Credit Card,Success,INV-003920
3337,1629,1629,2025-12-09,20,PayPal,Success,INV-003337
3912,1931,1931,2025-12-09,20,Bank Transfer,Success,INV-003912
5886,2969,2969,2025-12-09,20,Bank Transfer,Success,INV-005886
1110,577,577,2025-12-09,20,Bank Transfer,Success,INV-001110
4999,2504,2504,2025-12-09,20,Credit Card,Success,INV-004999
3943,1939,1939,2025-12-09,20,UPI,Success,INV-003943
2476,1204,1204,2025-12-09,50,PayPal,Success,INV-002476
3418,1682,1682,2025-12-09,50,Credit Card,Success,INV-003418
1328,688,688,2025-12-09,50,PayPal,Success,INV-001328
281,134,134,2025-12-09,20,Credit Card,Success,INV-000281
1501,759,759,2025-12-09,50,Credit Card,Success,INV-001501
5617,2836,2836,2025-12-09,50,Bank Transfer,Success,INV-005617
620,329,329,2025-12-09,50,Credit Card,Success,INV-000620
2759,1352,1352,2025-12-09,20,UPI,Success,INV-002759
2187,1058,1058,2025-12-09,20,Bank Transfer,Success,INV-002187
2305,1104,1104,2025-12-09,50,UPI,Success,INV-002305
5314,2690,2690,2025-12-09,20,Bank Transfer,Success,INV-005314
5032,2529,2529,2025-12-09,20,Credit Card,Success,INV-005032
5088,2564,2564,2025-12-09,50,UPI,Success,INV-005088
359,191,191,2025-12-09,20,PayPal,Success,INV-000359
5836,2935,2935,2025-12-09,20,UPI,Success,INV-005836
1745,865,865,2025-12-10,20,Credit Card,Success,INV-001745
181,78,78,2025-12-10,50,PayPal,Success,INV-000181
5487,2757,2757,2025-12-10,50,Credit Card,Success,INV-005487
1250,639,639,2025-12-10,50,Bank Transfer,Success,INV-001250
2045,1005,1005,2025-12-10,50,Bank Transfer,Success,INV-002045
1592,807,807,2025-12-10,50,Credit Card,Success,INV-001592
3776,1855,1855,2025-12-10,20,Bank Transfer,Success,INV-003776
1495,757,757,2025-12-10,20,Credit Card,Success,INV-001495
2798,1371,1371,2025-12-10,20,Bank Transfer,Success,INV-002798
2600,1282,1282,2025-12-10,20,Credit Card,Success,INV-002600
135,48,48,2025-12-10,20,Bank Transfer,Success,INV-000135
1669,842,842,2025-12-10,50,Credit Card,Success,INV-001669
215,94,94,2025-12-10,50,PayPal,Success,INV-000215
5457,2745,2745,2025-12-10,20,PayPal,Success,INV-005457
796,440,440,2025-12-10,50,UPI,Success,INV-000796
2347,1123,1123,2025-12-10,50,UPI,Success,INV-002347
5771,2896,2896,2025-12-10,50,UPI,Success,INV-005771
2144,1044,1044,2025-12-10,20,Bank Transfer,Success,INV-002144
5426,2723,2723,2025-12-10,50,Credit Card,Success,INV-005426
4120,2034,2034,2025-12-10,50,UPI,Success,INV-004120
1614,813,813,2025-12-10,20,Credit Card,Success,INV-001614
457,263,263,2025-12-10,20,PayPal,Success,INV-000457
2672,1310,1310,2025-12-10,20,Bank Transfer,Success,INV-002672
4784,2398,2398,2025-12-10,50,PayPal,Success,INV-004784
1324,684,684,2025-12-10,20,Bank Transfer,Success,INV-001324
2371,1134,1134,2025-12-10,20,PayPal,Success,INV-002371
4451,2215,2215,2025-12-10,20,Bank Transfer,Success,INV-004451
4454,2216,2216,2025-12-10,50,PayPal,Success,INV-004454
2730,1341,1341,2025-12-10,20,PayPal,Success,INV-002730
2458,1197,1197,2025-12-11,20,Bank Transfer,Success,INV-002458
4675,2347,2347,2025-12-11,20,UPI,Success,INV-004675
3263,1606,1606,2025-12-11,20,PayPal,Success,INV-003263
1481,751,751,2025-12-11,20,Credit Card,Success,INV-001481
4385,2183,2183,2025-12-11,20,Credit Card,Success,INV-004385
4076,2016,2016,2025-12-11,50,Credit Card,Success,INV-004076
4422,2201,2201,2025-12-11,50,Bank Transfer,Success,INV-004422
4903,2462,2462,2025-12-11,50,PayPal,Success,INV-004903
906,487,487,2025-12-11,50,PayPal,Success,INV-000906
3030,1498,1498,2025-12-11,20,UPI,Success,INV-003030
2113,1031,1031,2025-12-11,20,Bank Transfer,Success,INV-002113
3070,1514,1514,2025-12-11,20,PayPal,Success,INV-003070
3645,1797,1797,2025-12-11,20,Bank Transfer,Success,INV-003645
4092,2027,2027,2025-12-11,20,PayPal,Success,INV-004092
1724,861,861,2025-12-11,50,Credit Card,Success,INV-001724
5659,2844,2844,2025-12-11,20,UPI,Success,INV-005659
1082,568,568,2025-12-11,20,UPI,Success,INV-001082
261,119,119,2025-12-11,50,PayPal,Success,INV-000261
284,136,136,2025-12-11,20,UPI,Success,INV-000284
2700,1333,1333,2025-12-11,50,UPI,Success,INV-002700
2437,1181,1181,2025-12-11,20,Bank Transfer,Success,INV-002437
116,37,37,2025-12-11,20,Bank Transfer,Success,INV-000116
2421,1174,1174,2025-12-11,20,Credit Card,Success,INV-002421
3226,1596,1596,2025-12-11,20,UPI,Success,INV-003226
4773,2396,2396,2025-12-11,50,Credit Card,Success,INV-004773
4346,2163,2163,2025-12-11,50,Bank Transfer,Failed,INV-004346
4180,2063,2063,2025-12-11,20,Credit Card,Success,INV-004180
3914,1934,1934,2025-12-11,20,Bank Transfer,Success,INV-003914
4747,2386,2386,2025-12-11,50,Credit Card,Success,INV-004747
482,275,275,2025-12-11,20,Credit Card,Success,INV-000482
758,406,406,2025-12-12,20,Credit Card,Success,INV-000758
4503,2264,2264,2025-12-12,20,Bank Transfer,Success,INV-004503
5767,2893,2893,2025-12-12,20,UPI,Success,INV-005767
5662,2846,2846,2025-12-12,20,PayPal,Success,INV-005662
4318,2139,2139,2025-12-12,50,Credit Card,Success,INV-004318
4689,2361,2361,2025-12-12,50,UPI,Success,INV-004689
561,299,299,2025-12-12,20,Bank Transfer,Failed,INV-000561
106,35,35,2025-12-12,20,PayPal,Success,INV-000106
4323,2151,2151,2025-12-12,240,PayPal,Failed,INV-004323
4553,2300,2300,2025-12-12,20,Bank Transfer,Success,INV-004553
4072,2015,2015,2025-12-12,50,Bank Transfer,Success,INV-004072
1285,660,660,2025-12-12,20,PayPal,Failed,INV-001285
3653,1798,1798,2025-12-12,20,Bank Transfer,Success,INV-003653
238,104,104,2025-12-12,20,Bank Transfer,Success,INV-000238
228,99,99,2025-12-12,20,Bank Transfer,Success,INV-000228
5873,2966,2966,2025-12-12,50,PayPal,Success,INV-005873
4038,1997,1997,2025-12-12,50,Credit Card,Success,INV-004038
1445,728,728,2025-12-12,20,PayPal,Success,INV-001445
3465,1706,1706,2025-12-12,20,UPI,Success,INV-003465
4879,2450,2450,2025-12-12,20,UPI,Success,INV-004879
2831,1382,1382,2025-12-12,20,Bank Transfer,Success,INV-002831
3204,1589,1589,2025-12-12,50,Credit Card,Success,INV-003204
3188,1574,1574,2025-12-12,50,Bank Transfer,Success,INV-003188
2955,1446,1446,2025-12-12,20,Bank Transfer,Success,INV-002955
1952,957,957,2025-12-12,50,Credit Card,Success,INV-001952
1633,822,822,2025-12-12,50,UPI,Success,INV-001633
2779,1366,1366,2025-12-12,20,PayPal,Success,INV-002779
2970,1454,1454,2025-12-12,20,PayPal,Success,INV-002970
3144,1564,1564,2025-12-12,50,PayPal,Success,INV-003144
2999,1472,1472,2025-12-12,20,Bank Transfer,Success,INV-002999
5328,2697,2697,2025-12-12,50,Credit Card,Success,INV-005328
1869,907,907,2025-12-12,20,Credit Card,Success,INV-001869
3051,1505,1505,2025-12-12,240,UPI,Failed,INV-003051
1742,864,864,2025-12-12,20,PayPal,Success,INV-001742
1937,942,942,2025-12-12,50,PayPal,Success,INV-001937
5382,2708,2708,2025-12-12,50,PayPal,Success,INV-005382
1716,858,858,2025-12-12,50,Credit Card,Success,INV-001716
2478,1205,1205,2025-12-12,20,PayPal,Success,INV-002478
2559,1260,1260,2025-12-12,20,Bank Transfer,Success,INV-002559
2450,1196,1196,2025-12-12,20,Bank Transfer,Success,INV-002450
1473,744,744,2025-12-13,50,Credit Card,Success,INV-001473
5811,2918,2918,2025-12-13,50,UPI,Success,INV-005811
1299,667,667,2025-12-13,20,UPI,Success,INV-001299
4901,2461,2461,2025-12-13,20,UPI,Success,INV-004901
2825,1380,1380,2025-12-13,20,Credit Card,Success,INV-002825
5780,2905,2905,2025-12-13,50,Bank Transfer,Success,INV-005780
2858,1402,1402,2025-12-13,20,Bank Transfer,Success,INV-002858
5753,2882,2882,2025-12-13,20,Bank Transfer,Success,INV-005753
570,300,300,2025-12-13,20,UPI,Success,INV-000570
5182,2620,2620,2025-12-13,50,PayPal,Success,INV-005182
2398,1163,1163,2025-12-13,600,PayPal,Success,INV-002398
3185,1571,1571,2025-12-13,50,Bank Transfer,Success,INV-003185
2016,995,995,2025-12-13,20,PayPal,Success,INV-002016
4986,2493,2493,2025-12-13,20,Credit Card,Success,INV-004986
1634,826,826,2025-12-13,20,UPI,Failed,INV-001634
5658,2843,2843,2025-12-13,20,UPI,Success,INV-005658
4619,2324,2324,2025-12-13,20,Credit Card,Success,INV-004619
1140,594,594,2025-12-13,20,Bank Transfer,Success,INV-001140
4530,2287,2287,2025-12-13,50,Bank Transfer,Success,INV-004530
4560,2302,2302,2025-12-13,20,Bank Transfer,Success,INV-004560
3059,1512,1512,2025-12-13,20,UPI,Success,INV-003059
981,515,515,2025-12-13,50,Credit Card,Success,INV-000981
5281,2664,2664,2025-12-13,20,UPI,Success,INV-005281
3085,1527,1527,2025-12-13,50,UPI,Success,INV-003085
5564,2815,2815,2025-12-13,20,PayPal,Success,INV-005564
381,209,209,2025-12-13,20,Credit Card,Success,INV-000381
4663,2344,2344,2025-12-13,50,PayPal,Success,INV-004663
2523,1239,1239,2025-12-13,20,Bank Transfer,Success,INV-002523
4126,2036,2036,2025-12-13,20,UPI,Success,INV-004126
1512,762,762,2025-12-13,50,UPI,Success,INV-001512
5447,2734,2734,2025-12-13,50,PayPal,Success,INV-005447
5074,2557,2557,2025-12-13,20,Bank Transfer,Success,INV-005074
156,68,68,2025-12-13,20,PayPal,Success,INV-000156
301,158,158,2025-12-13,20,Bank Transfer,Success,INV-000301
2384,1151,1151,2025-12-13,20,PayPal,Failed,INV-002384
2294,1103,1103,2025-12-13,50,UPI,Success,INV-002294
2676,1319,1319,2025-12-14,20,Bank Transfer,Failed,INV-002676
1820,892,892,2025-12-14,50,Credit Card,Success,INV-001820
285,138,138,2025-12-14,50,Bank Transfer,Success,INV-000285
1665,841,841,2025-12-14,50,Bank Transfer,Success,INV-001665
2606,1283,1283,2025-12-14,50,Bank Transfer,Success,INV-002606
4469,2225,2225,2025-12-14,50,PayPal,Success,INV-004469
923,491,491,2025-12-14,50,PayPal,Success,INV-000923
4302,2124,2124,2025-12-14,20,Bank Transfer,Success,INV-004302
3406,1677,1677,2025-12-14,20,PayPal,Success,INV-003406
669,365,365,2025-12-14,50,Credit Card,Success,INV-000669
1201,620,620,2025-12-14,20,Credit Card,Success,INV-001201
4541,2299,2299,2025-12-14,20,UPI,Success,INV-004541
2593,1276,1276,2025-12-14,50,PayPal,Success,INV-002593
5845,2943,2943,2025-12-14,20,Credit Card,Success,INV-005845
1427,721,721,2025-12-14,50,UPI,Success,INV-001427
3805,1867,1867,2025-12-14,20,Bank Transfer,Success,INV-003805
1378,703,703,2025-12-14,20,Bank Transfer,Success,INV-001378
3822,1881,1881,2025-12-14,20,UPI,Success,INV-003822
4390,2184,2184,2025-12-14,50,Credit Card,Success,INV-004390
3213,1590,1590,2025-12-14,50,Bank Transfer,Success,INV-003213
3362,1650,1650,2025-12-14,20,Credit Card,Success,INV-003362
322,171,171,2025-12-14,20,Bank Transfer,Success,INV-000322
2397,1160,1160,2025-12-14,50,Credit Card,Success,INV-002397
5467,2751,2751,2025-12-14,20,Bank Transfer,Success,INV-005467
3454,1698,1698,2025-12-14,50,UPI,Failed,INV-003454
4904,2463,2463,2025-12-14,240,UPI,Success,INV-004904
1315,677,677,2025-12-14,20,PayPal,Success,INV-001315
2622,1293,1293,2025-12-14,20,Credit Card,Success,INV-002622
4425,2205,2205,2025-12-14,20,Credit Card,Failed,INV-004425
748,402,402,2025-12-14,20,PayPal,Success,INV-000748
2394,1153,1153,2025-12-14,20,Credit Card,Success,INV-002394
141,53,53,2025-12-14,20,UPI,Success,INV-000141
3698,1824,1824,2025-12-14,20,Bank Transfer,Success,INV-003698
3851,1899,1899,2025-12-14,50,UPI,Success,INV-003851
5924,2987,2987,2025-12-14,20,UPI,Success,INV-005924
510,286,286,2025-12-14,20,PayPal,Success,INV-000510
1797,886,886,2025-12-14,20,Credit Card,Success,INV-001797
1072,567,567,2025-12-14,20,PayPal,Success,INV-001072
53,16,16,2025-12-14,50,Bank Transfer,Success,INV-000053
2248,1077,1077,2025-12-14,20,UPI,Success,INV-002248
5419,2720,2720,2025-12-14,50,Bank Transfer,Success,INV-005419
4191,2066,2066,2025-12-15,20,UPI,Success,INV-004191
2407,1165,1165,2025-12-15,20,PayPal,Success,INV-002407
963,503,503,2025-12-15,20,UPI,Success,INV-000963
204,90,90,2025-12-15,50,UPI,Success,INV-000204
4605,2317,2317,2025-12-15,50,Credit Card,Success,INV-004605
998,522,522,2025-12-15,20,PayPal,Success,INV-000998
4316,2137,2137,2025-12-15,20,Bank Transfer,Success,INV-004316
4792,2400,2400,2025-12-15,50,UPI,Success,INV-004792
3019,1493,1493,2025-12-15,20,UPI,Success,INV-003019
5523,2783,2783,2025-12-15,50,UPI,Success,INV-005523
3884,1925,1925,2025-12-15,20,Bank Transfer,Success,INV-003884
1599,808,808,2025-12-15,50,Bank Transfer,Success,INV-001599
320,163,163,2025-12-15,20,Bank Transfer,Success,INV-000320
431,254,254,2025-12-15,20,Credit Card,Success,INV-000431
2134,1039,1039,2025-12-15,50,UPI,Success,INV-002134
4026,1984,1984,2025-12-15,20,PayPal,Success,INV-004026
4018,1976,1976,2025-12-15,20,PayPal,Success,INV-004018
2281,1100,1100,2025-12-15,20,PayPal,Success,INV-002281
3496,1729,1729,2025-12-15,600,PayPal,Success,INV-003496
2053,1009,1009,2025-12-15,20,PayPal,Success,INV-002053
1885,910,910,2025-12-15,20,UPI,Success,INV-001885
2033,1002,1002,2025-12-15,20,PayPal,Success,INV-002033
3939,1937,1937,2025-12-15,20,UPI,Success,INV-003939
3958,1945,1945,2025-12-15,50,Bank Transfer,Success,INV-003958
5681,2852,2852,2025-12-15,20,Bank Transfer,Success,INV-005681
271,132,132,2025-12-15,50,UPI,Success,INV-000271
5234,2647,2647,2025-12-15,50,PayPal,Success,INV-005234
763,419,419,2025-12-15,50,Bank Transfer,Success,INV-000763
1833,898,898,2025-12-16,50,PayPal,Success,INV-001833
2188,1059,1059,2025-12-16,20,Credit Card,Success,INV-002188
4376,2180,2180,2025-12-16,20,PayPal,Success,INV-004376
393,218,218,2025-12-16,20,Bank Transfer,Success,INV-000393
1895,917,917,2025-12-16,20,Bank Transfer,Success,INV-001895
5576,2817,2817,2025-12-16,20,Bank Transfer,Success,INV-005576
2983,1467,1467,2025-12-16,50,UPI,Success,INV-002983
4525,2280,2280,2025-12-16,50,PayPal,Success,INV-004525
5702,2857,2857,2025-12-16,20,UPI,Success,INV-005702
4964,2483,2483,2025-12-16,50,PayPal,Success,INV-004964
4016,1971,1971,2025-12-16,20,UPI,Success,INV-004016
2062,1015,1015,2025-12-16,20,PayPal,Failed,INV-002062
3330,1626,1626,2025-12-16,20,Bank Transfer,Success,INV-003330
606,324,324,2025-12-16,20,PayPal,Success,INV-000606
4077,2020,2020,2025-12-16,600,UPI,Success,INV-004077
5161,2602,2602,2025-12-16,20,UPI,Success,INV-005161
3846,1889,1889,2025-12-16,20,UPI,Success,INV-003846
4501,2261,2261,2025-12-16,50,UPI,Success,INV-004501
1474,747,747,2025-12-16,600,Credit Card,Success,INV-001474
3360,1649,1649,2025-12-16,20,UPI,Success,INV-003360
3390,1669,1669,2025-12-16,50,Bank Transfer,Success,INV-003390
3536,1750,1750,2025-12-16,20,Bank Transfer,Success,INV-003536
1272,653,653,2025-12-16,20,UPI,Success,INV-001272
1269,651,651,2025-12-16,20,Credit Card,Success,INV-001269
722,387,387,2025-12-17,50,PayPal,Success,INV-000722
383,210,210,2025-12-17,20,UPI,Success,INV-000383
3683,1816,1816,2025-12-17,20,Bank Transfer,Success,INV-003683
2211,1066,1066,2025-12-17,20,UPI,Success,INV-002211
1909,932,932,2025-12-17,20,Bank Transfer,Success,INV-001909
2156,1051,1051,2025-12-17,20,UPI,Success,INV-002156
2492,1216,1216,2025-12-17,20,Credit Card,Success,INV-002492
5698,2855,2855,2025-12-17,50,Bank Transfer,Success,INV-005698
4716,2368,2368,2025-12-17,20,Credit Card,Success,INV-004716
1953,963,963,2025-12-17,240,UPI,Success,INV-001953
2500,1217,1217,2025-12-17,20,Credit Card,Success,INV-002500
4365,2171,2171,2025-12-17,20,UPI,Success,INV-004365
5334,2698,2698,2025-12-17,20,UPI,Success,INV-005334
3872,1922,1922,2025-12-17,20,Bank Transfer,Success,INV-003872
3458,1702,1702,2025-12-17,20,Credit Card,Success,INV-003458
5801,2909,2909,2025-12-17,20,Credit Card,Success,INV-005801
2625,1296,1296,2025-12-17,20,Credit Card,Success,INV-002625
2081,1022,1022,2025-12-17,50,Bank Transfer,Success,INV-002081
774,435,435,2025-12-17,20,PayPal,Failed,INV-000774
640,345,345,2025-12-17,20,UPI,Success,INV-000640
3555,1761,1761,2025-12-17,50,UPI,Success,INV-003555
396,219,219,2025-12-17,50,PayPal,Failed,INV-000396
296,149,149,2025-12-18,20,Bank Transfer,Success,INV-000296
4320,2144,2144,2025-12-18,240,PayPal,Failed,INV-004320
1917,936,936,2025-12-18,50,UPI,Success,INV-001917
1978,976,976,2025-12-18,20,Credit Card,Success,INV-001978
1660,835,835,2025-12-18,20,Credit Card,Success,INV-001660
4911,2465,2465,2025-12-18,20,PayPal,Success,INV-004911
5915,2980,2980,2025-12-18,50,Credit Card,Success,INV-005915
1181,616,616,2025-12-18,20,Bank Transfer,Success,INV-001181
4534,2290,2290,2025-12-18,20,Credit Card,Success,INV-004534
855,464,464,2025-12-18,20,Bank Transfer,Success,INV-000855
4035,1994,1994,2025-12-18,20,Credit Card,Failed,INV-004035
5511,2775,2775,2025-12-18,20,PayPal,Success,INV-005511
1304,671,671,2025-12-18,50,PayPal,Success,INV-001304
3264,1609,1609,2025-12-18,240,Credit Card,Success,INV-003264
3567,1768,1768,2025-12-18,50,Bank Transfer,Success,INV-003567
798,442,442,2025-12-18,20,PayPal,Success,INV-000798
889,476,476,2025-12-18,50,Credit Card,Success,INV-000889
674,366,366,2025-12-18,20,PayPal,Success,INV-000674
3830,1882,1882,2025-12-18,50,PayPal,Success,INV-003830
5774,2897,2897,2025-12-18,50,UPI,Success,INV-005774
1575,800,800,2025-12-18,50,Credit Card,Success,INV-001575
2337,1121,1121,2025-12-18,50,Credit Card,Success,INV-002337
2377,1147,1147,2025-12-18,20,UPI,Success,INV-002377
2092,1024,1024,2025-12-18,20,Credit Card,Success,INV-002092
5594,2829,2829,2025-12-18,20,Credit Card,Success,INV-005594
1996,981,981,2025-12-18,20,PayPal,Success,INV-001996
5486,2755,2755,2025-12-18,20,Bank Transfer,Success,INV-005486
5207,2635,2635,2025-12-18,50,PayPal,Success,INV-005207
4356,2168,2168,2025-12-18,20,UPI,Success,INV-004356
3105,1545,1545,2025-12-18,20,PayPal,Success,INV-003105
493,282,282,2025-12-18,50,PayPal,Success,INV-000493
5297,2682,2682,2025-12-18,50,Bank Transfer,Success,INV-005297
4982,2490,2490,2025-12-18,20,PayPal,Success,INV-004982
1808,891,891,2025-12-18,20,PayPal,Failed,INV-001808
5344,2700,2700,2025-12-18,50,Bank Transfer,Success,INV-005344
4149,2044,2044,2025-12-18,50,Credit Card,Success,INV-004149
807,447,447,2025-12-19,20,Credit Card,Success,INV-000807
37,10,10,2025-12-19,50,Bank Transfer,Success,INV-000037
195,87,87,2025-12-19,20,Credit Card,Success,INV-000195
3565,1763,1763,2025-12-19,20,PayPal,Success,INV-003565
1289,661,661,2025-12-19,50,UPI,Success,INV-001289
734,396,396,2025-12-19,20,Bank Transfer,Success,INV-000734
1151,603,603,2025-12-19,20,Credit Card,Success,INV-001151
3307,1623,1623,2025-12-19,50,UPI,Success,INV-003307
2899,1414,1414,2025-12-19,20,PayPal,Success,INV-002899
2427,1176,1176,2025-12-19,20,Bank Transfer,Success,INV-002427
2813,1379,1379,2025-12-19,20,Credit Card,Success,INV-002813
4415,2191,2191,2025-12-19,50,Credit Card,Success,INV-004415
1037,549,549,2025-12-19,20,PayPal,Success,INV-001037
5867,2961,2961,2025-12-19,50,Credit Card,Success,INV-005867
3752,1839,1839,2025-12-19,20,PayPal,Success,INV-003752
5585,2823,2823,2025-12-19,20,Bank Transfer,Success,INV-005585
2115,1036,1036,2025-12-19,20,Bank Transfer,Failed,INV-002115
5268,2657,2657,2025-12-19,20,PayPal,Success,INV-005268
2837,1389,1389,2025-12-19,20,Bank Transfer,Success,INV-002837
3544,1753,1753,2025-12-19,20,Credit Card,Success,INV-003544
2765,1361,1361,2025-12-19,20,UPI,Success,INV-002765
1096,575,575,2025-12-19,20,UPI,Success,INV-001096
2712,1337,1337,2025-12-19,50,Credit Card,Success,INV-002712
3795,1859,1859,2025-12-19,20,UPI,Success,INV-003795
3099,1542,1542,2025-12-19,50,Bank Transfer,Success,INV-003099
3595,1779,1779,2025-12-19,20,PayPal,Success,INV-003595
1972,972,972,2025-12-19,20,PayPal,Success,INV-001972
1568,795,795,2025-12-19,20,PayPal,Success,INV-001568
5118,2580,2580,2025-12-19,20,Credit Card,Success,INV-005118
67,20,20,2025-12-19,50,Bank Transfer,Success,INV-000067
3530,1746,1746,2025-12-19,20,Credit Card,Success,INV-003530
230,102,102,2025-12-19,50,PayPal,Success,INV-000230
3585,1776,1776,2025-12-19,50,PayPal,Success,INV-003585
3437,1689,1689,2025-12-19,20,Bank Transfer,Success,INV-003437
2556,1259,1259,2025-12-20,50,Bank Transfer,Success,INV-002556
4278,2106,2106,2025-12-20,20,Credit Card,Success,INV-004278
2963,1452,1452,2025-12-20,20,Credit Card,Success,INV-002963
477,274,274,2025-12-20,20,Bank Transfer,Success,INV-000477
4757,2389,2389,2025-12-20,20,UPI,Success,INV-004757
2008,985,985,2025-12-20,20,PayPal,Success,INV-002008
1459,741,741,2025-12-20,20,Bank Transfer,Success,INV-001459
447,262,262,2025-12-20,20,UPI,Success,INV-000447
4696,2362,2362,2025-12-20,20,UPI,Success,INV-004696
5832,2926,2926,2025-12-20,20,Credit Card,Success,INV-005832
312,161,161,2025-12-20,20,UPI,Success,INV-000312
5258,2655,2655,2025-12-20,50,UPI,Success,INV-005258
2183,1056,1056,2025-12-20,50,Credit Card,Success,INV-002183
5106,2572,2572,2025-12-20,20,Credit Card,Success,INV-005106
5610,2834,2834,2025-12-20,20,Bank Transfer,Success,INV-005610
280,133,133,2025-12-20,20,UPI,Success,INV-000280
4768,2391,2391,2025-12-20,20,Credit Card,Success,INV-004768
2316,1110,1110,2025-12-20,240,PayPal,Success,INV-002316
3378,1667,1667,2025-12-20,20,UPI,Success,INV-003378
2637,1298,1298,2025-12-20,20,UPI,Success,INV-002637
1034,548,548,2025-12-20,20,PayPal,Success,INV-001034
3078,1523,1523,2025-12-20,20,UPI,Success,INV-003078
4223,2086,2086,2025-12-20,50,PayPal,Success,INV-004223
1407,715,715,2025-12-20,20,Credit Card,Success,INV-001407
2702,1335,1335,2025-12-20,20,UPI,Success,INV-002702
866,465,465,2025-12-20,20,UPI,Success,INV-000866
2052,1008,1008,2025-12-20,50,Bank Transfer,Success,INV-002052
3001,1474,1474,2025-12-20,20,UPI,Success,INV-003001
5254,2652,2652,2025-12-20,20,UPI,Success,INV-005254
3005,1488,1488,2025-12-20,20,PayPal,Success,INV-003005
2199,1060,1060,2025-12-20,20,Credit Card,Success,INV-002199
3835,1884,1884,2025-12-20,20,UPI,Success,INV-003835
3554,1755,1755,2025-12-20,20,Credit Card,Success,INV-003554
4514,2267,2267,2025-12-20,20,UPI,Success,INV-004514
596,320,320,2025-12-20,20,Credit Card,Success,INV-000596
4421,2200,2200,2025-12-21,20,UPI,Success,INV-004421
663,363,363,2025-12-21,20,UPI,Success,INV-000663
5163,2606,2606,2025-12-21,20,PayPal,Success,INV-005163
790,439,439,2025-12-21,50,Credit Card,Success,INV-000790
1646,831,831,2025-12-21,50,UPI,Success,INV-001646
5518,2779,2779,2025-12-21,50,Bank Transfer,Success,INV-005518
3983,1965,1965,2025-12-21,50,Credit Card,Success,INV-003983
1240,635,635,2025-12-21,20,UPI,Success,INV-001240
5054,2537,2537,2025-12-21,20,PayPal,Success,INV-005054
1419,718,718,2025-12-21,20,PayPal,Success,INV-001419
5096,2570,2570,2025-12-21,20,Credit Card,Success,INV-005096
521,287,287,2025-12-21,20,Credit Card,Success,INV-000521
3537,1752,1752,2025-12-21,50,Credit Card,Success,INV-003537
4022,1980,1980,2025-12-21,20,Credit Card,Success,INV-004022
2750,1348,1348,2025-12-21,20,UPI,Success,INV-002750
711,380,380,2025-12-21,50,PayPal,Success,INV-000711
2503,1224,1224,2025-12-21,20,Credit Card,Success,INV-002503
1309,675,675,2025-12-21,20,UPI,Success,INV-001309
1857,905,905,2025-12-21,50,Credit Card,Success,INV-001857
1843,901,901,2025-12-21,20,Bank Transfer,Success,INV-001843
5466,2746,2746,2025-12-21,20,PayPal,Success,INV-005466
3177,1567,1567,2025-12-21,20,UPI,Success,INV-003177
4985,2491,2491,2025-12-22,20,UPI,Success,INV-004985
1552,793,793,2025-12-22,20,Credit Card,Success,INV-001552
341,173,173,2025-12-22,20,PayPal,Success,INV-000341
73,23,23,2025-12-22,20,UPI,Success,INV-000073
3453,1696,1696,2025-12-22,20,UPI,Success,INV-003453
5136,2597,2597,2025-12-22,20,UPI,Success,INV-005136
3421,1685,1685,2025-12-22,50,Bank Transfer,Success,INV-003421
1257,646,646,2025-12-22,20,Bank Transfer,Success,INV-001257
4744,2384,2384,2025-12-22,50,UPI,Success,INV-004744
3292,1618,1618,2025-12-22,50,PayPal,Success,INV-003292
2668,1308,1308,2025-12-22,50,UPI,Success,INV-002668
4951,2478,2478,2025-12-22,50,Bank Transfer,Success,INV-004951
4331,2154,2154,2025-12-22,20,Credit Card,Success,INV-004331
254,108,108,2025-12-22,20,Bank Transfer,Success,INV-000254
4023,1981,1981,2025-12-22,240,UPI,Success,INV-004023
2124,1037,1037,2025-12-22,20,PayPal,Success,INV-002124
2228,1072,1072,2025-12-22,20,Credit Card,Success,INV-002228
1449,734,734,2025-12-22,20,UPI,Success,INV-001449
16,3,3,2025-12-22,50,PayPal,Success,INV-000016
2529,1243,1243,2025-12-22,50,Bank Transfer,Success,INV-002529
5290,2666,2666,2025-12-22,20,Credit Card,Success,INV-005290
3054,1508,1508,2025-12-22,20,UPI,Success,INV-003054
3096,1541,1541,2025-12-22,50,Credit Card,Success,INV-003096
742,400,400,2025-12-22,20,PayPal,Success,INV-000742
4294,2123,2123,2025-12-22,20,UPI,Success,INV-004294
5553,2801,2801,2025-12-22,600,Credit Card,Success,INV-005553
4851,2440,2440,2025-12-22,50,Bank Transfer,Success,INV-004851
5552,2800,2800,2025-12-22,20,Bank Transfer,Success,INV-005552
1450,737,737,2025-12-22,50,Credit Card,Success,INV-001450
5533,2784,2784,2025-12-22,20,PayPal,Success,INV-005533
3623,1788,1788,2025-12-22,20,PayPal,Success,INV-003623
1008,523,523,2025-12-22,50,Credit Card,Success,INV-001008
3814,1869,1869,2025-12-22,20,Bank Transfer,Failed,INV-003814
3049,1502,1502,2025-12-23,20,Credit Card,Success,INV-003049
1897,929,929,2025-12-23,20,UPI,Success,INV-001897
5493,2768,2768,2025-12-23,50,Credit Card,Success,INV-005493
3675,1815,1815,2025-12-23,20,Credit Card,Failed,INV-003675
4202,2068,2068,2025-12-23,50,UPI,Success,INV-004202
1353,692,692,2025-12-23,20,PayPal,Success,INV-001353
2943,1445,1445,2025-12-23,50,UPI,Success,INV-002943
4805,2415,2415,2025-12-23,20,PayPal,Success,INV-004805
2659,1307,1307,2025-12-23,20,UPI,Success,INV-002659
3875,1923,1923,2025-12-23,50,PayPal,Success,INV-003875
1032,544,544,2025-12-23,50,UPI,Success,INV-001032
2490,1214,1214,2025-12-23,20,Bank Transfer,Success,INV-002490
5401,2715,2715,2025-12-23,20,UPI,Success,INV-005401
5509,2774,2774,2025-12-23,20,UPI,Success,INV-005509
4059,2011,2011,2025-12-23,20,Credit Card,Success,INV-004059
1779,883,883,2025-12-23,20,UPI,Success,INV-001779
633,342,342,2025-12-23,50,UPI,Success,INV-000633
3342,1631,1631,2025-12-23,50,UPI,Success,INV-003342
4972,2486,2486,2025-12-23,50,Bank Transfer,Success,INV-004972
3253,1604,1604,2025-12-23,20,Bank Transfer,Success,INV-003253
885,471,471,2025-12-23,20,Credit Card,Success,INV-000885
3319,1625,1625,2025-12-23,20,Credit Card,Success,INV-003319
5904,2979,2979,2025-12-23,50,UPI,Success,INV-005904
2905,1421,1421,2025-12-23,20,PayPal,Success,INV-002905
2042,1004,1004,2025-12-23,20,Credit Card,Failed,INV-002042
2876,1408,1408,2025-12-23,50,UPI,Success,INV-002876
4790,2399,2399,2025-12-23,20,Bank Transfer,Success,INV-004790
1940,952,952,2025-12-24,50,Credit Card,Success,INV-001940
1543,781,781,2025-12-24,20,Bank Transfer,Success,INV-001543
4831,2430,2430,2025-12-24,20,Bank Transfer,Success,INV-004831
4923,2469,2469,2025-12-24,20,Bank Transfer,Success,INV-004923
1485,753,753,2025-12-24,50,Credit Card,Failed,INV-001485
3815,1878,1878,2025-12-24,20,PayPal,Success,INV-003815
1523,764,764,2025-12-24,50,UPI,Success,INV-001523
2739,1343,1343,2025-12-24,20,Credit Card,Success,INV-002739
5146,2598,2598,2025-12-24,20,Bank Transfer,Success,INV-005146
2163,1052,1052,2025-12-24,50,Credit Card,Success,INV-002163
1688,854,854,2025-12-24,20,Bank Transfer,Success,INV-001688
3894,1927,1927,2025-12-24,50,UPI,Success,INV-003894
1719,859,859,2025-12-24,20,Bank Transfer,Failed,INV-001719
1711,856,856,2025-12-24,50,UPI,Success,INV-001711
2415,1171,1171,2025-12-24,50,Bank Transfer,Success,INV-002415
2873,1407,1407,2025-12-24,50,UPI,Success,INV-002873
4476,2234,2234,2025-12-24,20,UPI,Success,INV-004476
1748,867,867,2025-12-24,50,Bank Transfer,Success,INV-001748
5874,2968,2968,2025-12-24,20,Bank Transfer,Success,INV-005874
1094,574,574,2025-12-24,50,Credit Card,Success,INV-001094
1387,705,705,2025-12-24,20,Credit Card,Success,INV-001387
2550,1252,1252,2025-12-25,20,UPI,Success,INV-002550
3512,1740,1740,2025-12-25,20,Credit Card,Success,INV-003512
1650,834,834,2025-12-25,50,PayPal,Success,INV-001650
1699,855,855,2025-12-25,20,Credit Card,Success,INV-001699
4207,2071,2071,2025-12-25,50,Credit Card,Success,INV-004207
3486,1722,1722,2025-12-25,20,UPI,Success,INV-003486
4800,2405,2405,2025-12-25,20,UPI,Success,INV-004800
5678,2851,2851,2025-12-25,50,PayPal,Success,INV-005678
4174,2062,2062,2025-12-25,50,UPI,Success,INV-004174
1627,819,819,2025-12-25,20,PayPal,Success,INV-001627
1369,701,701,2025-12-25,20,UPI,Success,INV-001369
982,516,516,2025-12-25,600,UPI,Success,INV-000982
3930,1936,1936,2025-12-25,20,Bank Transfer,Success,INV-003930
875,469,469,2025-12-25,50,UPI,Success,INV-000875
3373,1663,1663,2025-12-25,240,PayPal,Success,INV-003373
3165,1566,1566,2025-12-25,50,UPI,Success,INV-003165
3089,1529,1529,2025-12-26,20,Credit Card,Success,INV-003089
939,498,498,2025-12-26,20,Credit Card,Success,INV-000939
1113,578,578,2025-12-26,20,PayPal,Success,INV-001113
2747,1347,1347,2025-12-26,20,PayPal,Success,INV-002747
2614,1291,1291,2025-12-26,20,UPI,Success,INV-002614
2520,1231,1231,2025-12-26,20,PayPal,Success,INV-002520
1359,697,697,2025-12-26,50,PayPal,Success,INV-001359
4110,2033,2033,2025-12-26,50,UPI,Success,INV-004110
2,1,1,2025-12-26,50,UPI,Success,INV-000002
3042,1499,1499,2025-12-26,20,UPI,Success,INV-003042
4288,2112,2112,2025-12-26,20,PayPal,Success,INV-004288
1210,623,623,2025-12-26,20,Bank Transfer,Success,INV-001210
4617,2318,2318,2025-12-26,20,Credit Card,Success,INV-004617
5807,2916,2916,2025-12-26,20,Bank Transfer,Success,INV-005807
5646,2842,2842,2025-12-26,50,Credit Card,Success,INV-005646
4013,1968,1968,2025-12-26,20,PayPal,Success,INV-004013
54,17,17,2025-12-26,50,Bank Transfer,Success,INV-000054
4893,2460,2460,2025-12-26,20,UPI,Success,INV-004893
642,348,348,2025-12-26,240,Bank Transfer,Success,INV-000642
5642,2841,2841,2025-12-26,20,Bank Transfer,Failed,INV-005642
2014,991,991,2025-12-26,50,Bank Transfer,Failed,INV-002014
89,28,28,2025-12-26,20,UPI,Success,INV-000089
2932,1443,1443,2025-12-27,20,Credit Card,Success,INV-002932
248,107,107,2025-12-27,20,PayPal,Success,INV-000248
3114,1547,1547,2025-12-27,20,Bank Transfer,Success,INV-003114
3470,1710,1710,2025-12-27,50,PayPal,Failed,INV-003470
440,255,255,2025-12-27,20,Bank Transfer,Success,INV-000440
5370,2706,2706,2025-12-27,20,Bank Transfer,Success,INV-005370
2651,1302,1302,2025-12-27,20,Bank Transfer,Success,INV-002651
4168,2055,2055,2025-12-27,50,Credit Card,Success,INV-004168
5407,2719,2719,2025-12-27,50,PayPal,Success,INV-005407
3710,1830,1830,2025-12-27,20,PayPal,Success,INV-003710
2333,1120,1120,2025-12-27,20,PayPal,Success,INV-002333
676,367,367,2025-12-27,20,Credit Card,Success,INV-000676
549,298,298,2025-12-27,50,Bank Transfer,Success,INV-000549
3953,1941,1941,2025-12-27,50,Credit Card,Success,INV-003953
4887,2458,2458,2025-12-27,50,UPI,Success,INV-004887
538,291,291,2025-12-27,20,PayPal,Success,INV-000538
2585,1270,1270,2025-12-27,20,PayPal,Success,INV-002585
5046,2535,2535,2025-12-27,50,UPI,Success,INV-005046
4341,2159,2159,2025-12-27,50,Credit Card,Success,INV-004341
3524,1741,1741,2025-12-27,20,Credit Card,Success,INV-003524
3994,1966,1966,2025-12-27,20,Bank Transfer,Success,INV-003994
1984,978,978,2025-12-28,20,Credit Card,Success,INV-001984
5175,2609,2609,2025-12-28,20,PayPal,Success,INV-005175
2639,1301,1301,2025-12-28,20,Bank Transfer,Success,INV-002639
189,84,84,2025-12-28,50,Credit Card,Success,INV-000189
1757,869,869,2025-12-28,20,UPI,Success,INV-001757
4859,2441,2441,2025-12-28,20,Credit Card,Failed,INV-004859
5769,2894,2894,2025-12-28,20,PayPal,Success,INV-005769
5748,2880,2880,2025-12-28,20,Bank Transfer,Success,INV-005748
5158,2600,2600,2025-12-28,20,UPI,Success,INV-005158
4221,2080,2080,2025-12-28,50,PayPal,Success,INV-004221
1056,561,561,2025-12-28,20,Credit Card,Success,INV-001056
1769,874,874,2025-12-28,20,UPI,Success,INV-001769
827,456,456,2025-12-28,50,PayPal,Success,INV-000827
4823,2420,2420,2025-12-28,20,PayPal,Success,INV-004823
4396,2185,2185,2025-12-28,50,Bank Transfer,Success,INV-004396
4071,2013,2013,2025-12-28,50,Bank Transfer,Success,INV-004071
927,492,492,2025-12-28,20,Credit Card,Success,INV-000927
4873,2446,2446,2025-12-28,50,UPI,Success,INV-004873
387,216,216,2025-12-28,20,UPI,Success,INV-000387
3275,1614,1614,2025-12-28,20,Credit Card,Success,INV-003275
4310,2135,2135,2025-12-28,50,Credit Card,Success,INV-004310
2792,1369,1369,2025-12-28,20,Credit Card,Success,INV-002792
1892,916,916,2025-12-28,20,PayPal,Success,INV-001892
399,223,223,2025-12-28,20,Credit Card,Success,INV-000399
3860,1910,1910,2025-12-28,20,PayPal,Success,INV-003860
2173,1053,1053,2025-12-28,50,PayPal,Success,INV-002173
3345,1635,1635,2025-12-28,50,PayPal,Success,INV-003345
1105,576,576,2025-12-28,20,PayPal,Success,INV-001105
4728,2371,2371,2025-12-28,20,Credit Card,Success,INV-004728
1791,885,885,2025-12-28,20,UPI,Success,INV-001791
4131,2040,2040,2025-12-28,20,UPI,Success,INV-004131
3870,1918,1918,2025-12-28,50,Bank Transfer,Success,INV-003870
465,264,264,2025-12-28,50,UPI,Success,INV-000465
3141,1563,1563,2025-12-28,20,Bank Transfer,Success,INV-003141
2612,1287,1287,2025-12-29,50,PayPal,Success,INV-002612
2059,1011,1011,2025-12-29,20,Bank Transfer,Success,INV-002059
2886,1409,1409,2025-12-29,50,PayPal,Success,INV-002886
3796,1862,1862,2025-12-29,240,UPI,Success,INV-003796
4084,2024,2024,2025-12-29,50,PayPal,Success,INV-004084
4279,2110,2110,2025-12-29,240,UPI,Success,INV-004279
3577,1772,1772,2025-12-29,50,PayPal,Success,INV-003577
3904,1928,1928,2025-12-29,50,Bank Transfer,Success,INV-003904
5834,2933,2933,2025-12-29,20,UPI,Success,INV-005834
5430,2726,2726,2025-12-29,20,Credit Card,Success,INV-005430
4448,2214,2214,2025-12-29,20,PayPal,Success,INV-004448
5435,2733,2733,2025-12-29,50,UPI,Success,INV-005435
778,438,438,2025-12-29,50,Bank Transfer,Success,INV-000778
483,279,279,2025-12-29,20,PayPal,Success,INV-000483
978,514,514,2025-12-29,20,Credit Card,Success,INV-000978
5945,2994,2994,2025-12-29,20,PayPal,Success,INV-005945
5477,2753,2753,2025-12-29,50,Bank Transfer,Success,INV-005477
5692,2854,2854,2025-12-29,20,Bank Transfer,Success,INV-005692
5109,2577,2577,2025-12-29,50,Bank Transfer,Success,INV-005109
5028,2524,2524,2025-12-29,240,Bank Transfer,Success,INV-005028
2543,1251,1251,2025-12-30,20,Bank Transfer,Success,INV-002543
29,9,9,2025-12-30,20,PayPal,Success,INV-000029
4274,2101,2101,2025-12-30,50,Bank Transfer,Success,INV-004274
4592,2308,2308,2025-12-30,20,Credit Card,Success,INV-004592
1464,743,743,2025-12-30,50,UPI,Failed,INV-001464
1020,538,538,2025-12-30,20,Credit Card,Success,INV-001020
1680,851,851,2025-12-30,20,Bank Transfer,Success,INV-001680
3758,1843,1843,2025-12-30,20,PayPal,Success,INV-003758
914,488,488,2025-12-30,20,Bank Transfer,Success,INV-000914
3014,1490,1490,2025-12-30,50,PayPal,Success,INV-003014
4515,2270,2270,2025-12-30,20,PayPal,Success,INV-004515
4513,2266,2266,2025-12-30,20,Bank Transfer,Success,INV-004513
5242,2648,2648,2025-12-30,20,UPI,Success,INV-005242
1636,827,827,2025-12-30,20,Bank Transfer,Success,INV-001636
699,371,371,2025-12-30,20,UPI,Success,INV-000699
679,368,368,2025-12-30,50,Bank Transfer,Success,INV-000679
2462,1198,1198,2025-12-30,50,UPI,Success,INV-002462
4636,2335,2335,2025-12-30,50,PayPal,Success,INV-004636
5199,2632,2632,2025-12-30,20,PayPal,Success,INV-005199
648,358,358,2025-12-30,50,UPI,Success,INV-000648
1609,809,809,2025-12-30,20,PayPal,Success,INV-001609
3301,1620,1620,2025-12-30,50,Bank Transfer,Success,INV-003301
200,89,89,2025-12-30,20,Bank Transfer,Success,INV-000200
4921,2468,2468,2025-12-30,20,Bank Transfer,Success,INV-004921
1550,791,791,2025-12-30,20,Credit Card,Success,INV-001550
2911,1424,1424,2025-12-30,20,UPI,Success,INV-002911
4655,2340,2340,2025-12-30,20,Bank Transfer,Success,INV-004655
4003,1967,1967,2025-12-30,50,Credit Card,Success,INV-004003
4437,2211,2211,2025-12-30,20,Credit Card,Success,INV-004437
2098,1027,1027,2025-12-30,20,Bank Transfer,Success,INV-002098
5305,2685,2685,2025-12-30,50,PayPal,Success,INV-005305
1584,802,802,2025-12-30,50,UPI,Success,INV-001584
3494,1725,1725,2025-12-30,20,UPI,Success,INV-003494
3237,1599,1599,2025-12-30,50,Bank Transfer,Success,INV-003237
5770,2895,2895,2025-12-31,20,Bank Transfer,Success,INV-005770
1440,723,723,2025-12-31,20,PayPal,Success,INV-001440
5291,2676,2676,2025-12-31,50,UPI,Success,INV-005291
2521,1233,1233,2025-12-31,240,Bank Transfer,Success,INV-002521
1844,902,902,2025-12-31,240,PayPal,Success,INV-001844
