subscription_id,user_id,plan_type,billing_cycle,monthly_price,start_date,end_date,renewal_count,status,auto_renew
1,1,Pro,Monthly,50,2025-11-26,,8,Active,Yes
2,2,Basic,Monthly,20,2025-02-01,,1,Active,Yes
3,3,Pro,Monthly,50,2025-10-22,,5,Active,Yes
4,4,Free,,0,2025-07-25,,0,Active,No
5,5,Free,,0,2025-05-28,2025-08-12,0,Cancelled,No
6,6,Pro,Annual,50,2025-04-07,2025-12-07,7,Cancelled,Yes
7,7,Free,,0,2025-08-12,,0,Active,No
8,8,Pro,Monthly,50,2025-06-03,,4,Active,No
9,9,Basic,Monthly,20,2025-08-31,,1,Active,Yes
10,10,Pro,Monthly,50,2025-05-19,,8,Active,Yes
11,11,Free,,0,2025-01-18,,0,Active,No
12,12,Free,,0,2025-03-01,,0,Active,No
13,13,Free,,0,2025-12-07,,0,Active,No
14,14,Basic,Monthly,20,2025-05-03,,3,Active,Yes
15,15,Free,,0,2025-11-10,,0,Active,No
16,16,Pro,Monthly,50,2025-05-14,,1,Active,Yes
17,17,Pro,Monthly,50,2025-12-26,,3,Active,No
18,18,Free,,0,2025-04-27,,0,Active,No
19,19,Pro,Monthly,50,2025-01-05,,4,Active,Yes
20,20,Pro,Monthly,50,2025-12-19,2026-09-18,9,Cancelled,Yes
21,21,Basic,Annual,20,2025-11-21,,9,Active,Yes
22,22,Free,,0,2025-09-19,,0,Active,No
23,23,Basic,Monthly,20,2025-08-22,,0,Active,Yes
24,24,Free,,0,2025-01-19,2025-02-19,0,Cancelled,No
25,25,Free,,0,2025-07-05,,0,Active,No
26,26,Pro,Monthly,50,2025-04-03,,5,Active,No
27,27,Free,,0,2025-12-30,,0,Active,No
28,28,Basic,Monthly,20,2025-06-26,,3,Active,Yes
29,29,Free,,0,2025-06-26,,0,Active,No
30,30,Pro,Monthly,50,2025-05-05,,7,Active,Yes
31,31,Free,,0,2025-09-05,,0,Active,No
32,32,Free,,0,2025-07-12,,0,Active,No
33,33,Basic,Annual,20,2025-04-02,,2,Active,Yes
34,34,Pro,Monthly,50,2025-04-16,2025-06-30,10,Cancelled,Yes
35,35,Basic,Monthly,20,2025-08-12,,6,Active,Yes
36,36,Free,,0,2025-07-25,,0,Active,No
37,37,Basic,Monthly,20,2025-03-11,,1,Active,No
38,38,Basic,Monthly,20,2025-02-02,,10,Active,Yes
39,39,Free,,0,2025-07-11,,0,Active,No
40,40,Free,,0,2025-06-06,,0,Active,No
41,41,Free,,0,2025-05-03,,0,Active,No
42,42,Free,,0,2025-10-12,,0,Active,No
43,43,Free,,0,2025-04-06,,0,Active,No
44,44,Free,,0,2025-07-15,,0,Active,No
45,45,Free,,0,2025-01-29,2025-03-30,0,Cancelled,No
46,46,Basic,Annual,20,2025-01-15,,7,Active,Yes
47,47,Free,,0,2025-09-26,,0,Active,No
48,48,Basic,Monthly,20,2025-06-10,,4,Active,Yes
49,49,Free,,0,2025-03-09,,0,Active,No
50,50,Pro,Monthly,50,2025-12-05,,4,Active,Yes
51,51,Free,,0,2025-07-18,,0,Active,No
52,52,Free,,0,2025-02-03,,0,Active,No
53,53,Basic,Monthly,20,2025-08-14,,7,Active,Yes
54,54,Free,,0,2025-06-05,,0,Active,No
55,55,Free,,0,2025-10-29,2026-02-27,0,Cancelled,No
56,56,Free,,0,2025-07-11,2026-04-10,0,Cancelled,No
57,57,Free,,0,2025-10-07,,0,Active,No
58,58,Free,,0,2025-11-19,,0,Active,No
59,59,Basic,Monthly,20,2025-03-23,2025-07-05,6,Cancelled,No
60,60,Free,,0,2025-01-23,2025-09-01,0,Cancelled,No
61,61,Free,,0,2025-07-14,2025-10-30,0,Cancelled,No
62,62,Free,,0,2025-01-02,,0,Active,No
63,63,Pro,Monthly,50,2025-08-02,,8,Active,No
64,64,Pro,Annual,50,2025-05-30,,2,Active,Yes
65,65,Free,,0,2025-01-09,,0,Active,No
66,66,Pro,Annual,50,2025-05-10,,6,Active,Yes
67,67,Free,,0,2025-11-18,,0,Active,No
68,68,Basic,Monthly,20,2025-09-13,2026-03-26,0,Cancelled,Yes
69,69,Basic,Monthly,20,2025-07-02,,2,Active,Yes
70,70,Free,,0,2025-04-09,,0,Active,No
71,71,Free,,0,2025-09-30,,0,Active,No
72,72,Free,,0,2025-08-20,,0,Active,No
73,73,Free,,0,2025-11-11,,0,Active,No
74,74,Free,,0,2025-11-05,,0,Active,No
75,75,Free,,0,2025-06-08,2025-09-20,0,Cancelled,No
76,76,Pro,Monthly,50,2025-03-22,2025-09-30,0,Cancelled,Yes
77,77,Free,,0,2025-03-28,,0,Active,No
78,78,Pro,Monthly,50,2025-01-10,,5,Active,No
79,79,Free,,0,2025-09-07,2025-12-05,0,Cancelled,No
80,80,Free,,0,2025-10-12,,0,Active,No
81,81,Free,,0,2025-02-04,,0,Active,No
82,82,Free,,0,2025-08-06,,0,Active,No
83,83,Basic,Monthly,20,2025-07-01,2025-08-08,9,Cancelled,No
84,84,Pro,Monthly,50,2025-07-28,,3,Active,Yes
85,85,Free,,0,2025-03-13,,0,Active,No
86,86,Free,,0,2025-04-21,,0,Active,No
87,87,Basic,Monthly,20,2025-07-19,,4,Active,Yes
88,88,Free,,0,2025-10-22,2026-04-29,0,Cancelled,No
89,89,Basic,Monthly,20,2025-08-30,2026-05-11,0,Cancelled,No
90,90,Pro,Monthly,50,2025-09-15,2026-04-10,9,Cancelled,Yes
91,91,Free,,0,2025-08-22,,0,Active,No
92,92,Free,,0,2025-12-11,,0,Active,No
93,93,Free,,0,2025-01-20,2025-10-21,0,Cancelled,No
94,94,Pro,Monthly,50,2025-02-10,,10,Active,Yes
95,95,Free,,0,2025-01-03,2025-03-10,0,Cancelled,No
96,96,Free,,0,2025-06-10,,0,Active,No
97,97,Basic,Annual,20,2025-06-10,,0,Active,Yes
98,98,Free,,0,2025-10-31,,0,Active,No
99,99,Basic,Monthly,20,2025-01-12,,5,Active,Yes
100,100,Free,,0,2025-08-14,,0,Active,No
101,101,Free,,0,2025-04-26,,0,Active,No
102,102,Pro,Monthly,50,2025-11-19,,2,Active,No
103,103,Basic,Annual,20,2025-09-22,2026-07-14,2,Cancelled,Yes
104,104,Basic,Monthly,20,2025-06-12,,8,Active,Yes
105,105,Free,,0,2025-06-28,,0,Active,No
106,106,Basic,Annual,20,2025-11-16,,4,Active,No
107,107,Basic,Monthly,20,2025-04-27,,9,Active,Yes
108,108,Basic,Monthly,20,2025-07-22,,9,Active,No
109,109,Free,,0,2025-09-19,,0,Active,No
110,110,Pro,Monthly,50,2025-10-06,2026-02-22,6,Cancelled,Yes
111,111,Pro,Annual,50,2025-01-31,,2,Active,Yes
112,112,Free,,0,2025-04-14,,0,Active,No
113,113,Free,,0,2025-05-26,,0,Active,No
114,114,Free,,0,2025-07-16,,0,Active,No
115,115,Free,,0,2025-10-06,,0,Active,No
116,116,Free,,0,2025-08-14,,0,Active,No
117,117,Free,,0,2025-08-25,2026-05-24,0,Cancelled,No
118,118,Free,,0,2025-08-16,,0,Active,No
119,119,Pro,Monthly,50,2025-10-11,,4,Active,Yes
120,120,Free,,0,2025-07-10,,0,Active,No
121,121,Free,,0,2025-12-09,,0,Active,No
122,122,Free,,0,2025-06-02,,0,Active,No
123,123,Free,,0,2025-07-23,2026-01-20,0,Cancelled,No
124,124,Basic,Annual,20,2025-08-08,2025-10-27,0,Cancelled,Yes
125,125,Free,,0,2025-09-14,,0,Active,No
126,126,Free,,0,2025-10-15,,0,Active,No
127,127,Free,,0,2025-12-24,,0,Active,No
128,128,Free,,0,2025-05-24,,0,Active,No
129,129,Free,,0,2025-06-05,,0,Active,No
130,130,Free,,0,2025-11-26,,0,Active,No
131,131,Free,,0,2025-12-02,,0,Active,No
132,132,Pro,Monthly,50,2025-04-15,,1,Active,No
133,133,Basic,Monthly,20,2025-04-20,,9,Active,Yes
134,134,Basic,Monthly,20,2025-12-09,,3,Active,Yes
135,135,Pro,Annual,50,2025-01-28,2025-11-02,2,Cancelled,Yes
136,136,Basic,Monthly,20,2025-11-11,,9,Active,Yes
137,137,Free,,0,2025-03-02,,0,Active,No
138,138,Pro,Monthly,50,2025-12-14,,0,Active,Yes
139,139,Free,,0,2025-04-25,,0,Active,No
140,140,Free,,0,2025-11-26,2026-08-22,0,Cancelled,No
141,141,Free,,0,2025-04-12,,0,Active,No
142,142,Free,,0,2025-06-01,,0,Active,No
143,143,Free,,0,2025-03-12,,0,Active,No
144,144,Free,,0,2025-07-26,,0,Active,No
145,145,Free,,0,2025-11-13,2026-02-19,0,Cancelled,No
146,146,Free,,0,2025-10-18,,0,Active,No
147,147,Free,,0,2025-09-20,,0,Active,No
148,148,Pro,Annual,50,2025-05-20,,6,Active,No
149,149,Basic,Monthly,20,2025-03-18,,1,Active,Yes
150,150,Free,,0,2025-11-09,,0,Active,No
151,151,Free,,0,2025-11-23,,0,Active,No
152,152,Free,,0,2025-12-25,,0,Active,No
153,153,Free,,0,2025-12-12,,0,Active,No
154,154,Free,,0,2025-06-15,,0,Active,No
155,155,Free,,0,2025-05-03,,0,Active,No
156,156,Free,,0,2025-06-16,,0,Active,No
157,157,Free,,0,2025-07-10,,0,Active,No
158,158,Basic,Monthly,20,2025-08-13,,5,Active,No
159,159,Free,,0,2025-12-19,,0,Active,No
160,160,Free,,0,2025-01-21,2025-09-29,0,Cancelled,No
161,161,Basic,Monthly,20,2025-02-20,,6,Active,Yes
162,162,Free,,0,2025-02-16,,0,Active,No
163,163,Basic,Monthly,20,2025-05-15,2025-12-16,1,Cancelled,No
164,164,Free,,0,2025-03-20,,0,Active,No
165,165,Free,,0,2025-05-14,,0,Active,No
166,166,Free,,0,2025-08-02,2025-09-15,0,Cancelled,No
167,167,Free,,0,2025-01-30,,0,Active,No
168,168,Free,,0,2025-03-02,2025-06-24,0,Cancelled,No
169,169,Free,,0,2025-09-04,2026-05-18,0,Cancelled,No
170,170,Basic,Annual,20,2025-06-15,,10,Active,Yes
171,171,Basic,Monthly,20,2025-12-14,,4,Active,Yes
172,172,Basic,Monthly,20,2025-01-31,2025-11-09,2,Cancelled,Yes
173,173,Basic,Monthly,20,2025-04-22,,0,Active,No
174,174,Free,,0,2025-06-04,,0,Active,No
175,175,Free,,0,2025-06-20,2026-01-09,0,Cancelled,No
176,176,Free,,0,2025-06-19,,0,Active,No
177,177,Free,,0,2025-12-27,,0,Active,No
178,178,Free,,0,2025-01-10,,0,Active,No
179,179,Free,,0,2025-11-09,,0,Active,No
180,180,Basic,Monthly,20,2025-10-02,2026-06-14,7,Cancelled,No
181,181,Free,,0,2025-08-20,,0,Active,No
182,182,Free,,0,2025-06-22,2026-01-31,0,Cancelled,No
183,183,Free,,0,2025-06-12,,0,Active,No
184,184,Free,,0,2025-01-14,,0,Active,No
185,185,Free,,0,2025-11-28,,0,Active,No
186,186,Free,,0,2025-06-11,,0,Active,No
187,187,Free,,0,2025-02-07,,0,Active,No
188,188,Basic,Annual,20,2025-04-30,,9,Active,Yes
189,189,Free,,0,2025-12-14,,0,Active,No
190,190,Pro,Monthly,50,2025-01-12,2025-10-07,1,Cancelled,Yes
191,191,Basic,Monthly,20,2025-08-09,,5,Active,Yes
192,192,Pro,Monthly,50,2025-03-01,,3,Active,No
193,193,Basic,Annual,20,2025-10-28,2026-07-27,7,Cancelled,Yes
194,194,Basic,Monthly,20,2025-04-09,2025-07-08,3,Cancelled,Yes
195,195,Free,,0,2025-11-25,,0,Active,No
196,196,Free,,0,2025-11-29,,0,Active,No
197,197,Pro,Monthly,50,2025-09-02,,5,Active,Yes
198,198,Free,,0,2025-12-07,,0,Active,No
199,199,Free,,0,2025-03-10,,0,Active,No
200,200,Free,,0,2025-06-18,,0,Active,No
201,201,Free,,0,2025-07-12,,0,Active,No
202,202,Free,,0,2025-03-22,,0,Active,No
203,203,Free,,0,2025-11-21,,0,Active,No
204,204,Free,,0,2025-05-07,,0,Active,No
205,205,Free,,0,2025-02-16,2025-10-16,0,Cancelled,No
206,206,Basic,Monthly,20,2025-09-20,2025-11-22,2,Cancelled,No
207,207,Free,,0,2025-03-22,,0,Active,No
208,208,Free,,0,2025-10-27,,0,Active,No
209,209,Basic,Monthly,20,2025-12-13,,5,Active,Yes
210,210,Basic,Monthly,20,2025-11-17,,5,Active,Yes
211,211,Free,,0,2025-10-10,,0,Active,No
212,212,Free,,0,2025-01-07,,0,Active,No
213,213,Free,,0,2025-01-29,,0,Active,No
214,214,Basic,Annual,20,2025-07-18,,9,Active,Yes
215,215,Free,,0,2025-01-10,,0,Active,No
216,216,Basic,Monthly,20,2025-10-28,,4,Active,Yes
217,217,Pro,Annual,50,2025-07-24,,6,Active,No
218,218,Basic,Monthly,20,2025-08-16,2026-04-15,10,Cancelled,Yes
219,219,Pro,Monthly,50,2025-10-17,,6,Active,Yes
220,220,Free,,0,2025-03-17,,0,Active,No
221,221,Free,,0,2025-03-01,,0,Active,No
222,222,Free,,0,2025-02-04,,0,Active,No
223,223,Basic,Monthly,20,2025-10-28,2026-08-05,6,Cancelled,Yes
224,224,Pro,Monthly,50,2025-02-01,,3,Active,No
225,225,Free,,0,2025-10-24,2026-03-16,0,Cancelled,No
226,226,Basic,Annual,20,2025-05-07,,2,Active,Yes
227,227,Free,,0,2025-11-30,2026-05-04,0,Cancelled,No
228,228,Free,,0,2025-10-30,,0,Active,No
229,229,Free,,0,2025-06-09,,0,Active,No
230,230,Pro,Annual,50,2025-03-17,,8,Active,Yes
231,231,Basic,Annual,20,2025-05-10,,4,Active,Yes
232,232,Pro,Annual,50,2025-02-24,2025-05-08,10,Cancelled,No
233,233,Pro,Monthly,50,2025-02-18,2025-08-08,0,Cancelled,Yes
234,234,Free,,0,2025-09-01,,0,Active,No
235,235,Free,,0,2025-08-14,2026-05-03,0,Cancelled,No
236,236,Free,,0,2025-05-17,,0,Active,No
237,237,Basic,Monthly,20,2025-10-06,2026-06-19,6,Cancelled,Yes
238,238,Free,,0,2025-02-23,,0,Active,No
239,239,Free,,0,2025-03-13,,0,Active,No
240,240,Free,,0,2025-05-15,,0,Active,No
241,241,Basic,Annual,20,2025-02-05,,7,Active,Yes
242,242,Basic,Monthly,20,2025-11-03,,0,Active,Yes
243,243,Pro,Monthly,50,2025-10-01,,9,Active,Yes
244,244,Free,,0,2025-08-19,,0,Active,No
245,245,Free,,0,2025-05-07,,0,Active,No
246,246,Free,,0,2025-09-10,,0,Active,No
247,247,Free,,0,2025-05-22,,0,Active,No
248,248,Free,,0,2025-05-31,,0,Active,No
249,249,Free,,0,2025-10-29,,0,Active,No
250,250,Free,,0,2025-11-18,2026-09-02,0,Cancelled,No
251,251,Free,,0,2025-09-02,,0,Active,No
252,252,Free,,0,2025-04-13,,0,Active,No
253,253,Pro,Annual,50,2025-04-11,,4,Active,Yes
254,254,Basic,Monthly,20,2025-12-15,,9,Active,Yes
255,255,Basic,Monthly,20,2025-04-27,,3,Active,Yes
256,256,Basic,Annual,20,2025-02-19,,8,Active,Yes
257,257,Free,,0,2025-12-29,2026-03-15,0,Cancelled,No
258,258,Free,,0,2025-08-13,,0,Active,No
259,259,Basic,Annual,20,2025-04-06,,0,Active,No
260,260,Free,,0,2025-10-22,,0,Active,No
261,261,Free,,0,2025-01-22,,0,Active,No
262,262,Basic,Monthly,20,2025-08-20,,6,Active,Yes
263,263,Basic,Monthly,20,2025-03-10,,6,Active,Yes
264,264,Pro,Monthly,50,2025-05-28,,9,Active,No
265,265,Free,,0,2025-01-14,,0,Active,No
266,266,Free,,0,2025-09-30,,0,Active,No
267,267,Free,,0,2025-05-07,,0,Active,No
268,268,Free,,0,2025-12-25,,0,Active,No
269,269,Pro,Monthly,50,2025-12-09,,8,Active,Yes
270,270,Free,,0,2025-06-14,2026-01-14,0,Cancelled,No
271,271,Basic,Annual,20,2025-10-29,,5,Active,Yes
272,272,Free,,0,2025-09-07,,0,Active,No
273,273,Pro,Monthly,50,2025-09-01,,5,Active,Yes
274,274,Basic,Monthly,20,2025-07-20,,6,Active,Yes
275,275,Basic,Monthly,20,2025-08-11,,8,Active,Yes
276,276,Free,,0,2025-10-22,2026-02-28,0,Cancelled,No
277,277,Free,,0,2025-12-21,2026-07-10,0,Cancelled,No
278,278,Free,,0,2025-06-22,,0,Active,No
279,279,Basic,Monthly,20,2025-12-29,,7,Active,Yes
280,280,Free,,0,2025-10-16,,0,Active,No
281,281,Basic,Monthly,20,2025-04-25,2025-08-31,5,Cancelled,Yes
282,282,Pro,Monthly,50,2025-08-18,,4,Active,Yes
283,283,Free,,0,2025-04-24,,0,Active,No
284,284,Basic,Annual,20,2025-05-01,,10,Active,Yes
285,285,Basic,Monthly,20,2025-01-03,,7,Active,Yes
286,286,Basic,Monthly,20,2025-09-14,,5,Active,No
287,287,Basic,Monthly,20,2025-02-21,,8,Active,No
288,288,Free,,0,2025-09-24,,0,Active,No
289,289,Basic,Monthly,20,2025-08-09,,0,Active,No
290,290,Free,,0,2025-02-21,,0,Active,No
291,291,Basic,Monthly,20,2025-01-27,,1,Active,Yes
292,292,Pro,Monthly,50,2025-11-06,,1,Active,No
293,293,Free,,0,2025-12-04,,0,Active,No
294,294,Free,,0,2025-12-13,,0,Active,No
295,295,Free,,0,2025-01-13,,0,Active,No
296,296,Free,,0,2025-09-05,,0,Active,No
297,297,Free,,0,2025-03-17,,0,Active,No
298,298,Pro,Monthly,50,2025-04-27,,5,Active,Yes
299,299,Basic,Monthly,20,2025-01-12,,7,Active,Yes
300,300,Basic,Monthly,20,2025-04-13,,4,Active,Yes
301,301,Free,,0,2025-03-14,,0,Active,No
302,302,Free,,0,2025-12-20,,0,Active,No
303,303,Basic,Monthly,20,2025-04-19,2025-09-06,1,Cancelled,No
304,304,Free,,0,2025-07-24,,0,Active,No
305,305,Free,,0,2025-08-21,,0,Active,No
306,306,Free,,0,2025-11-09,,0,Active,No
307,307,Free,,0,2025-05-26,,0,Active,No
308,308,Free,,0,2025-07-07,,0,Active,No
309,309,Free,,0,2025-04-25,,0,Active,No
310,310,Free,,0,2025-12-20,,0,Active,No
311,311,Free,,0,2025-03-19,,0,Active,No
312,312,Free,,0,2025-11-10,,0,Active,No
313,313,Free,,0,2025-02-13,,0,Active,No
314,314,Free,,0,2025-01-19,,0,Active,No
315,315,Free,,0,2025-09-19,,0,Active,No
316,316,Free,,0,2025-06-16,,0,Active,No
317,317,Pro,Monthly,50,2025-03-07,,8,Active,Yes
318,318,Pro,Monthly,50,2025-03-08,2025-11-10,2,Cancelled,Yes
319,319,Free,,0,2025-12-15,,0,Active,No
320,320,Basic,Monthly,20,2025-11-20,,7,Active,Yes
321,321,Basic,Monthly,20,2025-09-08,,5,Active,Yes
322,322,Free,,0,2025-05-02,,0,Active,No
323,323,Free,,0,2025-12-20,,0,Active,No
324,324,Basic,Monthly,20,2025-07-16,,2,Active,Yes
325,325,Free,,0,2025-01-21,,0,Active,No
326,326,Free,,0,2025-02-04,,0,Active,No
327,327,Basic,Monthly,20,2025-08-05,2026-05-02,2,Cancelled,Yes
328,328,Free,,0,2025-10-01,,0,Active,No
329,329,Pro,Monthly,50,2025-04-09,,8,Active,Yes
330,330,Free,,0,2025-10-14,2026-07-10,0,Cancelled,No
331,331,Free,,0,2025-03-02,,0,Active,No
332,332,Free,,0,2025-06-10,,0,Active,No
333,333,Pro,Monthly,50,2025-07-05,,4,Active,Yes
334,334,Free,,0,2025-09-29,,0,Active,No
335,335,Free,,0,2025-01-02,,0,Active,No
336,336,Free,,0,2025-08-11,,0,Active,No
337,337,Free,,0,2025-12-04,,0,Active,No
338,338,Free,,0,2025-12-09,2026-07-11,0,Cancelled,No
339,339,Free,,0,2025-01-10,,0,Active,No
340,340,Basic,Annual,20,2025-06-20,,4,Active,Yes
341,341,Free,,0,2025-07-30,,0,Active,No
342,342,Pro,Monthly,50,2025-07-23,,1,Active,Yes
343,343,Free,,0,2025-10-24,,0,Active,No
344,344,Free,,0,2025-01-07,,0,Active,No
345,345,Basic,Monthly,20,2025-06-17,,7,Active,No
346,346,Pro,Annual,50,2025-03-13,2025-06-19,5,Cancelled,Yes
347,347,Free,,0,2025-05-19,,0,Active,No
348,348,Basic,Annual,20,2025-12-26,,3,Active,Yes
349,349,Free,,0,2025-11-26,,0,Active,No
350,350,Free,,0,2025-09-22,2026-07-13,0,Cancelled,No
351,351,Free,,0,2025-07-30,2026-02-25,0,Cancelled,No
352,352,Free,,0,2025-01-06,,0,Active,No
353,353,Free,,0,2025-08-09,,0,Active,No
354,354,Free,,0,2025-04-15,,0,Active,No
355,355,Free,,0,2025-01-02,,0,Active,No
356,356,Free,,0,2025-02-01,,0,Active,No
357,357,Free,,0,2025-08-28,2025-10-30,0,Cancelled,No
358,358,Pro,Monthly,50,2025-07-30,,1,Active,Yes
359,359,Basic,Monthly,20,2025-04-01,2025-09-19,5,Cancelled,No
360,360,Free,,0,2025-10-05,,0,Active,No
361,361,Free,,0,2025-05-25,,0,Active,No
362,362,Basic,Annual,20,2025-09-06,,5,Active,Yes
363,363,Basic,Monthly,20,2025-05-21,2026-01-05,8,Cancelled,Yes
364,364,Free,,0,2025-07-25,,0,Active,No
365,365,Pro,Monthly,50,2025-07-14,,7,Active,No
366,366,Basic,Monthly,20,2025-08-18,,3,Active,Yes
367,367,Basic,Monthly,20,2025-11-27,,2,Active,Yes
368,368,Pro,Monthly,50,2025-10-30,2026-02-27,7,Cancelled,Yes
369,369,Pro,Monthly,50,2025-01-07,,1,Active,No
370,370,Free,,0,2025-05-05,2025-08-20,0,Cancelled,No
371,371,Basic,Monthly,20,2025-05-30,,7,Active,No
372,372,Basic,Monthly,20,2025-11-01,,7,Active,No
373,373,Free,,0,2025-07-16,,0,Active,No
374,374,Free,,0,2025-06-02,,0,Active,No
375,375,Free,,0,2025-06-24,2026-02-18,0,Cancelled,No
376,376,Free,,0,2025-07-07,2025-09-02,0,Cancelled,No
377,377,Free,,0,2025-02-12,,0,Active,No
378,378,Free,,0,2025-06-24,,0,Active,No
379,379,Free,,0,2025-05-18,,0,Active,No
380,380,Pro,Monthly,50,2025-03-21,,5,Active,Yes
381,381,Free,,0,2025-10-05,,0,Active,No
382,382,Pro,Monthly,50,2025-10-09,,7,Active,Yes
383,383,Free,,0,2025-12-20,,0,Active,No
384,384,Free,,0,2025-05-13,2025-06-19,0,Cancelled,No
385,385,Free,,0,2025-08-05,,0,Active,No
386,386,Basic,Annual,20,2025-10-19,2025-12-08,10,Cancelled,Yes
387,387,Pro,Monthly,50,2025-06-17,,9,Active,Yes
388,388,Free,,0,2025-11-19,,0,Active,No
389,389,Free,,0,2025-10-24,,0,Active,No
390,390,Free,,0,2025-06-14,,0,Active,No
391,391,Free,,0,2025-01-24,,0,Active,No
392,392,Free,,0,2025-09-30,,0,Active,No
393,393,Free,,0,2025-08-19,,0,Active,No
394,394,Basic,Annual,20,2025-01-08,,1,Active,Yes
395,395,Free,,0,2025-08-19,,0,Active,No
396,396,Basic,Monthly,20,2025-02-19,,5,Active,Yes
397,397,Free,,0,2025-04-20,,0,Active,No
398,398,Basic,Annual,20,2025-08-26,,10,Active,No
399,399,Free,,0,2025-10-26,,0,Active,No
400,400,Basic,Monthly,20,2025-06-22,2026-02-15,7,Cancelled,Yes
401,401,Free,,0,2025-09-17,,0,Active,No
402,402,Basic,Monthly,20,2025-07-14,,0,Active,Yes
403,403,Free,,0,2025-08-23,,0,Active,No
404,404,Free,,0,2025-12-23,,0,Active,No
405,405,Basic,Monthly,20,2025-12-07,2026-09-04,7,Cancelled,Yes
406,406,Basic,Monthly,20,2025-04-12,,3,Active,Yes
407,407,Free,,0,2025-11-22,,0,Active,No
408,408,Free,,0,2025-05-27,,0,Active,No
409,409,Free,,0,2025-02-02,,0,Active,No
410,410,Free,,0,2025-01-10,,0,Active,No
411,411,Free,,0,2025-02-08,2025-07-19,0,Cancelled,No
412,412,Free,,0,2025-09-06,,0,Active,No
413,413,Free,,0,2025-12-31,,0,Active,No
414,414,Basic,Monthly,20,2025-10-05,,10,Active,Yes
415,415,Free,,0,2025-04-15,2025-12-11,0,Cancelled,No
416,416,Free,,0,2025-03-05,,0,Active,No
417,417,Free,,0,2025-05-10,,0,Active,No
418,418,Free,,0,2025-09-05,2026-05-11,0,Cancelled,No
419,419,Pro,Monthly,50,2025-11-15,,5,Active,No
420,420,Free,,0,2025-10-27,,0,Active,No
421,421,Free,,0,2025-03-31,,0,Active,No
422,422,Free,,0,2025-05-11,,0,Active,No
423,423,Free,,0,2025-04-03,,0,Active,No
424,424,Free,,0,2025-07-19,2026-03-16,0,Cancelled,No
425,425,Free,,0,2025-04-29,,0,Active,No
426,426,Free,,0,2025-03-09,,0,Active,No
427,427,Free,,0,2025-06-08,,0,Active,No
428,428,Pro,Annual,50,2025-01-18,,6,Active,Yes
429,429,Free,,0,2025-10-10,,0,Active,No
430,430,Basic,Monthly,20,2025-07-02,,0,Active,Yes
431,431,Free,,0,2025-02-11,,0,Active,No
432,432,Pro,Annual,50,2025-08-09,,0,Active,No
433,433,Free,,0,2025-01-31,,0,Active,No
434,434,Free,,0,2025-04-01,,0,Active,No
435,435,Basic,Monthly,20,2025-10-17,,6,Active,Yes
436,436,Free,,0,2025-05-18,,0,Active,No
437,437,Free,,0,2025-09-28,,0,Active,No
438,438,Pro,Monthly,50,2025-09-29,,8,Active,Yes
439,439,Pro,Monthly,50,2025-01-21,,0,Active,Yes
440,440,Pro,Monthly,50,2025-07-10,,0,Active,No
441,441,Free,,0,2025-12-09,,0,Active,No
442,442,Basic,Monthly,20,2025-11-18,,1,Active,Yes
443,443,Free,,0,2025-09-07,2026-06-23,0,Cancelled,No
444,444,Free,,0,2025-11-06,,0,Active,No
445,445,Free,,0,2025-07-07,,0,Active,No
446,446,Basic,Annual,20,2025-04-16,,1,Active,Yes
447,447,Basic,Monthly,20,2025-05-19,,1,Active,Yes
448,448,Free,,0,2025-06-09,,0,Active,No
449,449,Free,,0,2025-11-17,,0,Active,No
450,450,Free,,0,2025-02-05,,0,Active,No
451,451,Free,,0,2025-12-27,,0,Active,No
452,452,Basic,Annual,20,2025-09-17,2026-07-06,10,Cancelled,Yes
453,453,Free,,0,2025-08-14,,0,Active,No
454,454,Pro,Monthly,50,2025-01-08,,6,Active,No
455,455,Pro,Annual,50,2025-10-23,,5,Active,Yes
456,456,Pro,Monthly,50,2025-07-28,,6,Active,Yes
457,457,Basic,Monthly,20,2025-01-03,,3,Active,No
458,458,Free,,0,2025-01-04,,0,Active,No
459,459,Free,,0,2025-08-31,,0,Active,No
460,460,Free,,0,2025-10-02,,0,Active,No
461,461,Free,,0,2025-07-09,2026-05-01,0,Cancelled,No
462,462,Basic,Monthly,20,2025-08-01,,0,Active,Yes
463,463,Free,,0,2025-05-13,,0,Active,No
464,464,Basic,Monthly,20,2025-02-18,,0,Active,Yes
465,465,Basic,Monthly,20,2025-02-20,,8,Active,No
466,466,Free,,0,2025-08-26,,0,Active,No
467,467,Free,,0,2025-06-04,2025-10-19,0,Cancelled,No
468,468,Free,,0,2025-09-21,,0,Active,No
469,469,Pro,Monthly,50,2025-04-25,,10,Active,Yes
470,470,Free,,0,2025-09-16,,0,Active,No
471,471,Basic,Monthly,20,2025-03-23,,2,Active,Yes
472,472,Free,,0,2025-11-28,,0,Active,No
473,473,Free,,0,2025-03-24,,0,Active,No
474,474,Free,,0,2025-08-30,,0,Active,No
475,475,Pro,Annual,50,2025-01-03,2025-02-15,1,Cancelled,Yes
476,476,Pro,Monthly,50,2025-10-18,2026-05-24,5,Cancelled,Yes
477,477,Pro,Monthly,50,2025-10-02,,2,Active,Yes
478,478,Free,,0,2025-08-08,,0,Active,No
479,479,Free,,0,2025-02-16,,0,Active,No
480,480,Free,,0,2025-03-10,,0,Active,No
481,481,Free,,0,2025-04-24,2025-10-20,0,Cancelled,No
482,482,Basic,Annual,20,2025-10-05,,2,Active,Yes
483,483,Basic,Annual,20,2025-04-14,2025-08-24,6,Cancelled,No
484,484,Free,,0,2025-08-29,2025-12-30,0,Cancelled,No
485,485,Free,,0,2025-06-30,,0,Active,No
486,486,Free,,0,2025-06-30,,0,Active,No
487,487,Pro,Monthly,50,2025-01-11,,5,Active,Yes
488,488,Basic,Monthly,20,2025-05-30,,10,Active,Yes
489,489,Free,,0,2025-12-04,,0,Active,No
490,490,Free,,0,2025-03-07,2025-05-06,0,Cancelled,No
491,491,Pro,Monthly,50,2025-04-14,,7,Active,Yes
492,492,Basic,Monthly,20,2025-09-28,,5,Active,Yes
493,493,Free,,0,2025-07-09,,0,Active,No
494,494,Free,,0,2025-09-04,,0,Active,No
495,495,Free,,0,2025-10-22,2025-12-13,0,Cancelled,No
496,496,Free,,0,2025-08-10,,0,Active,No
497,497,Free,,0,2025-02-23,,0,Active,No
498,498,Basic,Monthly,20,2025-01-26,,2,Active,Yes
499,499,Basic,Annual,20,2025-07-23,,7,Active,Yes
500,500,Basic,Monthly,20,2025-02-03,,0,Active,No
501,501,Free,,0,2025-02-27,2025-11-03,0,Cancelled,No
502,502,Basic,Monthly,20,2025-08-02,,8,Active,No
503,503,Basic,Monthly,20,2025-06-15,,3,Active,Yes
504,504,Free,,0,2025-08-20,,0,Active,No
505,505,Free,,0,2025-08-15,,0,Active,No
506,506,Basic,Monthly,20,2025-06-08,,3,Active,Yes
507,507,Free,,0,2025-03-13,,0,Active,No
508,508,Free,,0,2025-10-23,,0,Active,No
509,509,Free,,0,2025-04-15,,0,Active,No
510,510,Basic,Annual,20,2025-07-29,,4,Active,Yes
511,511,Free,,0,2025-12-25,,0,Active,No
512,512,Free,,0,2025-08-05,2025-09-14,0,Cancelled,No
513,513,Free,,0,2025-12-24,,0,Active,No
514,514,Basic,Monthly,20,2025-06-29,,8,Active,Yes
515,515,Pro,Monthly,50,2025-10-13,,6,Active,No
516,516,Pro,Annual,50,2025-12-25,,1,Active,Yes
517,517,Free,,0,2025-01-27,,0,Active,No
518,518,Free,,0,2025-09-20,,0,Active,No
519,519,Free,,0,2025-10-10,,0,Active,No
520,520,Free,,0,2025-09-16,,0,Active,No
521,521,Basic,Monthly,20,2025-04-06,2025-10-11,1,Cancelled,Yes
522,522,Basic,Monthly,20,2025-04-15,,2,Active,Yes
523,523,Pro,Monthly,50,2025-03-22,,5,Active,Yes
524,524,Basic,Monthly,20,2025-06-04,,8,Active,Yes
525,525,Free,,0,2025-02-08,,0,Active,No
526,526,Free,,0,2025-03-19,2025-06-25,0,Cancelled,No
527,527,Free,,0,2025-09-02,,0,Active,No
528,528,Free,,0,2025-05-16,2025-09-30,0,Cancelled,No
529,529,Free,,0,2025-12-02,,0,Active,No
530,530,Free,,0,2025-05-29,,0,Active,No
531,531,Free,,0,2025-09-04,2026-02-10,0,Cancelled,No
532,532,Free,,0,2025-03-26,2025-11-01,0,Cancelled,No
533,533,Free,,0,2025-06-10,,0,Active,No
534,534,Basic,Annual,20,2025-06-20,,1,Active,Yes
535,535,Pro,Annual,50,2025-08-13,,7,Active,No
536,536,Basic,Annual,20,2025-11-22,,7,Active,No
537,537,Free,,0,2025-05-08,,0,Active,No
538,538,Basic,Monthly,20,2025-11-30,,1,Active,Yes
539,539,Free,,0,2025-08-06,,0,Active,No
540,540,Pro,Annual,50,2025-08-27,2026-01-11,8,Cancelled,Yes
541,541,Free,,0,2025-10-15,,0,Active,No
542,542,Free,,0,2025-10-09,,0,Active,No
543,543,Free,,0,2025-01-24,,0,Active,No
544,544,Pro,Monthly,50,2025-02-23,,4,Active,Yes
545,545,Free,,0,2025-12-13,,0,Active,No
546,546,Free,,0,2025-05-03,,0,Active,No
547,547,Free,,0,2025-02-05,2025-08-10,0,Cancelled,No
548,548,Basic,Monthly,20,2025-11-20,,10,Active,Yes
549,549,Basic,Monthly,20,2025-10-19,,0,Active,Yes
550,550,Free,,0,2025-07-08,,0,Active,No
551,551,Free,,0,2025-12-13,,0,Active,No
552,552,Free,,0,2025-09-06,,0,Active,No
553,553,Basic,Annual,20,2025-08-25,,6,Active,No
554,554,Free,,0,2025-10-14,,0,Active,No
555,555,Free,,0,2025-03-11,,0,Active,No
556,556,Pro,Monthly,50,2025-11-05,2025-12-21,8,Cancelled,Yes
557,557,Free,,0,2025-12-03,2026-06-12,0,Cancelled,No
558,558,Free,,0,2025-06-17,,0,Active,No
559,559,Free,,0,2025-04-24,,0,Active,No
560,560,Basic,Monthly,20,2025-07-07,,1,Active,Yes
561,561,Basic,Monthly,20,2025-03-28,,7,Active,No
562,562,Free,,0,2025-02-11,,0,Active,No
563,563,Basic,Monthly,20,2025-01-07,,10,Active,Yes
564,564,Free,,0,2025-08-25,,0,Active,No
565,565,Free,,0,2025-05-01,,0,Active,No
566,566,Free,,0,2025-07-23,,0,Active,No
567,567,Basic,Monthly,20,2025-09-14,,6,Active,No
568,568,Basic,Monthly,20,2025-03-11,,8,Active,Yes
569,569,Free,,0,2025-09-26,,0,Active,No
570,570,Free,,0,2025-11-08,,0,Active,No
571,571,Free,,0,2025-08-11,,0,Active,No
572,572,Pro,Monthly,50,2025-04-07,,1,Active,Yes
573,573,Basic,Monthly,20,2025-12-06,,1,Active,Yes
574,574,Pro,Monthly,50,2025-11-24,,5,Active,Yes
575,575,Basic,Monthly,20,2025-11-19,,2,Active,No
576,576,Basic,Monthly,20,2025-04-28,,1,Active,No
577,577,Basic,Monthly,20,2025-08-09,,7,Active,Yes
578,578,Basic,Monthly,20,2025-10-26,,8,Active,Yes
579,579,Free,,0,2025-01-12,,0,Active,No
580,580,Free,,0,2025-05-08,2025-09-24,0,Cancelled,No
581,581,Free,,0,2025-06-08,,0,Active,No
582,582,Free,,0,2025-10-19,,0,Active,No
583,583,Free,,0,2025-09-06,,0,Active,No
584,584,Free,,0,2025-02-03,,0,Active,No
585,585,Basic,Monthly,20,2025-04-08,,7,Active,Yes
586,586,Free,,0,2025-03-24,,0,Active,No
587,587,Free,,0,2025-07-04,,0,Active,No
588,588,Free,,0,2025-10-13,,0,Active,No
589,589,Pro,Annual,50,2025-11-06,,2,Active,Yes
590,590,Free,,0,2025-11-03,,0,Active,No
591,591,Free,,0,2025-05-08,,0,Active,No
592,592,Pro,Monthly,50,2025-08-02,,9,Active,Yes
593,593,Free,,0,2025-04-18,2025-12-09,0,Cancelled,No
594,594,Basic,Monthly,20,2025-01-13,,1,Active,Yes
595,595,Free,,0,2025-04-26,,0,Active,No
596,596,Free,,0,2025-11-10,,0,Active,No
597,597,Free,,0,2025-01-14,,0,Active,No
598,598,Pro,Annual,50,2025-11-08,,6,Active,Yes
599,599,Free,,0,2025-08-15,,0,Active,No
600,600,Free,,0,2025-12-18,,0,Active,No
601,601,Free,,0,2025-02-07,,0,Active,No
602,602,Free,,0,2025-03-06,,0,Active,No
603,603,Basic,Monthly,20,2025-03-19,,2,Active,Yes
604,604,Free,,0,2025-04-15,,0,Active,No
605,605,Free,,0,2025-02-05,,0,Active,No
606,606,Free,,0,2025-07-03,,0,Active,No
607,607,Free,,0,2025-03-18,,0,Active,No
608,608,Basic,Monthly,20,2025-05-08,,2,Active,Yes
609,609,Basic,Monthly,20,2025-03-09,,10,Active,Yes
610,610,Free,,0,2025-04-28,,0,Active,No
611,611,Free,,0,2025-11-29,,0,Active,No
612,612,Free,,0,2025-11-09,,0,Active,No
613,613,Free,,0,2025-09-05,,0,Active,No
614,614,Free,,0,2025-01-08,,0,Active,No
615,615,Free,,0,2025-06-19,,0,Active,No
616,616,Basic,Monthly,20,2025-01-18,,1,Active,No
617,617,Free,,0,2025-11-23,,0,Active,No
618,618,Free,,0,2025-05-02,,0,Active,No
619,619,Basic,Monthly,20,2025-03-02,,8,Active,Yes
620,620,Basic,Monthly,20,2025-03-14,,1,Active,Yes
621,621,Free,,0,2025-06-04,,0,Active,No
622,622,Free,,0,2025-06-11,,0,Active,No
623,623,Basic,Monthly,20,2025-04-26,,0,Active,Yes
624,624,Free,,0,2025-03-30,,0,Active,No
625,625,Free,,0,2025-05-31,,0,Active,No
626,626,Pro,Monthly,50,2025-11-08,,1,Active,Yes
627,627,Free,,0,2025-07-31,,0,Active,No
628,628,Basic,Monthly,20,2025-06-01,,0,Active,Yes
629,629,Free,,0,2025-05-30,2026-02-12,0,Cancelled,No
630,630,Basic,Monthly,20,2025-01-03,,2,Active,Yes
631,631,Basic,Monthly,20,2025-08-04,2025-12-02,7,Cancelled,Yes
632,632,Free,,0,2025-09-27,,0,Active,No
633,633,Free,,0,2025-11-16,,0,Active,No
634,634,Free,,0,2025-10-23,,0,Active,No
635,635,Basic,Monthly,20,2025-08-21,,5,Active,Yes
636,636,Free,,0,2025-11-07,,0,Active,No
637,637,Free,,0,2025-12-26,,0,Active,No
638,638,Free,,0,2025-11-12,,0,Active,No
639,639,Pro,Monthly,50,2025-03-10,,4,Active,Yes
640,640,Free,,0,2025-12-18,,0,Active,No
641,641,Free,,0,2025-08-01,2025-12-15,0,Cancelled,No
642,642,Free,,0,2025-05-31,2025-10-20,0,Cancelled,No
643,643,Free,,0,2025-10-31,,0,Active,No
644,644,Free,,0,2025-08-29,,0,Active,No
645,645,Free,,0,2025-12-24,,0,Active,No
646,646,Basic,Monthly,20,2025-06-22,2026-01-17,1,Cancelled,Yes
647,647,Free,,0,2025-08-05,2025-12-29,0,Cancelled,No
648,648,Free,,0,2025-05-22,,0,Active,No
649,649,Free,,0,2025-01-04,2025-10-30,0,Cancelled,No
650,650,Free,,0,2025-08-29,,0,Active,No
651,651,Basic,Monthly,20,2025-01-16,,7,Active,Yes
652,652,Free,,0,2025-07-13,,0,Active,No
653,653,Basic,Monthly,20,2025-10-16,,7,Active,No
654,654,Free,,0,2025-09-23,,0,Active,No
655,655,Basic,Annual,20,2025-04-06,,6,Active,Yes
656,656,Free,,0,2025-05-03,2025-12-28,0,Cancelled,No
657,657,Free,,0,2025-02-26,,0,Active,No
658,658,Free,,0,2025-02-04,2025-04-08,0,Cancelled,No
659,659,Free,,0,2025-06-22,,0,Active,No
660,660,Basic,Monthly,20,2025-01-12,,0,Active,Yes
661,661,Pro,Monthly,50,2025-09-19,,9,Active,Yes
662,662,Free,,0,2025-12-15,2026-02-28,0,Cancelled,No
663,663,Free,,0,2025-12-21,,0,Active,No
664,664,Free,,0,2025-06-13,,0,Active,No
665,665,Free,,0,2025-02-27,,0,Active,No
666,666,Basic,Monthly,20,2025-09-03,,9,Active,Yes
667,667,Basic,Monthly,20,2025-07-13,,9,Active,No
668,668,Free,,0,2025-06-17,,0,Active,No
669,669,Free,,0,2025-04-05,,0,Active,No
670,670,Free,,0,2025-12-30,2026-03-13,0,Cancelled,No
671,671,Pro,Monthly,50,2025-08-18,,4,Active,Yes
672,672,Free,,0,2025-04-10,,0,Active,No
673,673,Pro,Annual,50,2025-06-07,,3,Active,Yes
674,674,Free,,0,2025-02-19,,0,Active,No
675,675,Basic,Monthly,20,2025-09-21,,7,Active,Yes
676,676,Pro,Monthly,50,2025-11-04,,5,Active,Yes
677,677,Basic,Monthly,20,2025-09-14,,8,Active,Yes
678,678,Free,,0,2025-12-12,,0,Active,No
679,679,Free,,0,2025-02-27,,0,Active,No
680,680,Free,,0,2025-09-11,,0,Active,No
681,681,Free,,0,2025-05-01,2025-07-19,0,Cancelled,No
682,682,Free,,0,2025-09-25,2026-07-14,0,Cancelled,No
683,683,Free,,0,2025-04-25,2025-10-16,0,Cancelled,No
684,684,Basic,Monthly,20,2025-04-10,,4,Active,Yes
685,685,Free,,0,2025-05-30,,0,Active,No
686,686,Free,,0,2025-02-03,,0,Active,No
687,687,Free,,0,2025-05-06,,0,Active,No
688,688,Pro,Monthly,50,2025-09-09,2026-01-24,9,Cancelled,Yes
689,689,Free,,0,2025-12-05,,0,Active,No
690,690,Pro,Monthly,50,2025-02-04,,2,Active,Yes
691,691,Basic,Monthly,20,2025-01-01,2025-10-06,3,Cancelled,Yes
692,692,Basic,Monthly,20,2025-09-23,2026-05-21,7,Cancelled,No
693,693,Free,,0,2025-04-05,2025-10-14,0,Cancelled,No
694,694,Free,,0,2025-03-03,2025-05-10,0,Cancelled,No
695,695,Free,,0,2025-12-25,2026-07-24,0,Cancelled,No
696,696,Free,,0,2025-09-08,,0,Active,No
697,697,Pro,Monthly,50,2025-07-26,,7,Active,Yes
698,698,Free,,0,2025-04-16,2025-11-13,0,Cancelled,No
699,699,Free,,0,2025-09-26,2025-12-11,0,Cancelled,No
700,700,Free,,0,2025-01-20,,0,Active,No
701,701,Basic,Monthly,20,2025-03-25,2026-01-10,0,Cancelled,Yes
702,702,Pro,Annual,50,2025-05-23,,4,Active,Yes
703,703,Basic,Monthly,20,2025-05-14,,7,Active,Yes
704,704,Free,,0,2025-12-30,2026-10-25,0,Cancelled,No
705,705,Basic,Monthly,20,2025-04-24,,8,Active,Yes
706,706,Free,,0,2025-08-03,,0,Active,No
707,707,Pro,Monthly,50,2025-04-06,,0,Active,No
708,708,Free,,0,2025-02-18,,0,Active,No
709,709,Free,,0,2025-05-02,2025-11-03,0,Cancelled,No
710,710,Free,,0,2025-02-21,,0,Active,No
711,711,Free,,0,2025-10-01,,0,Active,No
712,712,Free,,0,2025-09-03,,0,Active,No
713,713,Basic,Annual,20,2025-09-21,,4,Active,Yes
714,714,Free,,0,2025-12-27,2026-10-10,0,Cancelled,No
715,715,Basic,Monthly,20,2025-03-20,,2,Active,Yes
716,716,Free,,0,2025-11-02,,0,Active,No
717,717,Free,,0,2025-10-11,2026-04-01,0,Cancelled,No
718,718,Basic,Monthly,20,2025-01-21,,6,Active,Yes
719,719,Free,,0,2025-03-18,,0,Active,No
720,720,Free,,0,2025-07-23,2025-09-20,0,Cancelled,No
721,721,Pro,Monthly,50,2025-05-14,,8,Active,Yes
722,722,Basic,Monthly,20,2025-01-05,,3,Active,Yes
723,723,Basic,Monthly,20,2025-12-31,,0,Active,Yes
724,724,Free,,0,2025-08-28,,0,Active,No
725,725,Free,,0,2025-04-08,,0,Active,No
726,726,Free,,0,2025-09-16,,0,Active,No
727,727,Free,,0,2025-01-07,,0,Active,No
728,728,Basic,Monthly,20,2025-08-12,,9,Active,Yes
729,729,Basic,Annual,20,2025-09-12,,0,Active,Yes
730,730,Free,,0,2025-05-10,,0,Active,No
731,731,Free,,0,2025-07-02,2025-08-23,0,Cancelled,No
732,732,Free,,0,2025-02-07,,0,Active,No
733,733,Free,,0,2025-01-12,,0,Active,No
734,734,Basic,Monthly,20,2025-10-22,,4,Active,Yes
735,735,Free,,0,2025-01-14,,0,Active,No
736,736,Free,,0,2025-01-22,,0,Active,No
737,737,Pro,Monthly,50,2025-12-22,,8,Active,Yes
738,738,Basic,Monthly,20,2025-04-10,2025-12-09,6,Cancelled,Yes
739,739,Free,,0,2025-03-30,,0,Active,No
740,740,Free,,0,2025-07-06,,0,Active,No
741,741,Basic,Monthly,20,2025-12-20,,1,Active,Yes
742,742,Free,,0,2025-05-07,,0,Active,No
743,743,Pro,Monthly,50,2025-08-30,,0,Active,Yes
744,744,Pro,Monthly,50,2025-04-13,,3,Active,Yes
745,745,Free,,0,2025-03-19,,0,Active,No
746,746,Free,,0,2025-12-18,,0,Active,No
747,747,Pro,Annual,50,2025-12-16,,8,Active,Yes
748,748,Pro,Annual,50,2025-06-23,,5,Active,Yes
749,749,Pro,Annual,50,2025-07-04,,5,Active,No
750,750,Basic,Annual,20,2025-02-15,,5,Active,Yes
751,751,Basic,Monthly,20,2025-09-11,2026-02-17,9,Cancelled,Yes
752,752,Free,,0,2025-07-23,,0,Active,No
753,753,Pro,Monthly,50,2025-09-24,,3,Active,Yes
754,754,Free,,0,2025-02-24,,0,Active,No
755,755,Free,,0,2025-12-27,,0,Active,No
756,756,Free,,0,2025-05-31,,0,Active,No
757,757,Basic,Monthly,20,2025-03-10,,1,Active,Yes
758,758,Basic,Monthly,20,2025-10-05,,9,Active,Yes
759,759,Pro,Monthly,50,2025-10-09,,0,Active,Yes
760,760,Free,,0,2025-07-17,,0,Active,No
761,761,Free,,0,2025-01-01,,0,Active,No
762,762,Pro,Monthly,50,2025-02-13,,0,Active,Yes
763,763,Basic,Annual,20,2025-09-01,,0,Active,Yes
764,764,Pro,Monthly,50,2025-03-24,,0,Active,Yes
765,765,Basic,Monthly,20,2025-03-05,,5,Active,Yes
766,766,Free,,0,2025-11-09,,0,Active,No
767,767,Free,,0,2025-09-07,,0,Active,No
768,768,Pro,Monthly,50,2025-11-01,,0,Active,Yes
769,769,Pro,Monthly,50,2025-10-07,,1,Active,Yes
770,770,Basic,Annual,20,2025-09-26,,6,Active,Yes
771,771,Free,,0,2025-09-24,2025-11-25,0,Cancelled,No
772,772,Free,,0,2025-09-13,,0,Active,No
773,773,Free,,0,2025-02-13,2025-12-02,0,Cancelled,No
774,774,Pro,Annual,50,2025-03-10,,6,Active,Yes
775,775,Free,,0,2025-06-06,,0,Active,No
776,776,Free,,0,2025-08-07,,0,Active,No
777,777,Free,,0,2025-10-28,,0,Active,No
778,778,Basic,Annual,20,2025-10-06,,1,Active,No
779,779,Free,,0,2025-09-23,,0,Active,No
780,780,Free,,0,2025-12-22,,0,Active,No
781,781,Basic,Monthly,20,2025-11-24,2026-04-08,6,Cancelled,Yes
782,782,Free,,0,2025-09-12,,0,Active,No
783,783,Free,,0,2025-12-27,,0,Active,No
784,784,Free,,0,2025-02-08,,0,Active,No
785,785,Free,,0,2025-05-07,,0,Active,No
786,786,Free,,0,2025-08-28,,0,Active,No
787,787,Free,,0,2025-10-11,,0,Active,No
788,788,Pro,Annual,50,2025-09-23,2026-01-03,4,Cancelled,No
789,789,Pro,Monthly,50,2025-12-08,,4,Active,No
790,790,Free,,0,2025-11-18,,0,Active,No
791,791,Basic,Monthly,20,2025-08-30,,9,Active,Yes
792,792,Free,,0,2025-02-02,2025-05-07,0,Cancelled,No
793,793,Basic,Monthly,20,2025-11-22,,4,Active,Yes
794,794,Basic,Monthly,20,2025-04-05,,4,Active,Yes
795,795,Basic,Monthly,20,2025-06-19,,8,Active,Yes
796,796,Basic,Annual,20,2025-11-03,2026-05-21,3,Cancelled,Yes
797,797,Free,,0,2025-11-03,,0,Active,No
798,798,Basic,Monthly,20,2025-10-09,2026-04-13,3,Cancelled,Yes
799,799,Free,,0,2025-08-03,,0,Active,No
800,800,Pro,Monthly,50,2025-10-18,,6,Active,No
801,801,Free,,0,2025-02-18,,0,Active,No
802,802,Pro,Monthly,50,2025-04-30,,7,Active,Yes
803,803,Free,,0,2025-08-31,,0,Active,No
804,804,Free,,0,2025-08-08,,0,Active,No
805,805,Free,,0,2025-07-05,,0,Active,No
806,806,Free,,0,2025-10-04,,0,Active,No
807,807,Pro,Monthly,50,2025-05-10,,9,Active,Yes
808,808,Pro,Monthly,50,2025-06-15,2025-12-22,6,Cancelled,Yes
809,809,Basic,Monthly,20,2025-03-31,,9,Active,Yes
810,810,Basic,Annual,20,2025-09-01,,0,Active,Yes
811,811,Free,,0,2025-11-20,,0,Active,No
812,812,Free,,0,2025-11-12,,0,Active,No
813,813,Basic,Monthly,20,2025-09-10,,0,Active,Yes
814,814,Free,,0,2025-04-21,,0,Active,No
815,815,Basic,Annual,20,2025-10-22,,9,Active,Yes
816,816,Free,,0,2025-02-06,,0,Active,No
817,817,Free,,0,2025-02-12,,0,Active,No
818,818,Basic,Monthly,20,2025-03-08,,4,Active,Yes
819,819,Basic,Monthly,20,2025-11-25,,2,Active,No
820,820,Pro,Monthly,50,2025-12-04,,9,Active,Yes
821,821,Free,,0,2025-12-21,,0,Active,No
822,822,Pro,Monthly,50,2025-08-12,,2,Active,No
823,823,Free,,0,2025-11-08,,0,Active,No
824,824,Free,,0,2025-05-07,2025-12-29,0,Cancelled,No
825,825,Free,,0,2025-05-14,,0,Active,No
826,826,Basic,Monthly,20,2025-12-13,,7,Active,Yes
827,827,Basic,Monthly,20,2025-11-30,,0,Active,Yes
828,828,Free,,0,2025-03-27,,0,Active,No
829,829,Free,,0,2025-02-03,,0,Active,No
830,830,Free,,0,2025-02-17,2025-04-09,0,Cancelled,No
831,831,Pro,Monthly,50,2025-03-21,,9,Active,No
832,832,Free,,0,2025-09-15,,0,Active,No
833,833,Free,,0,2025-04-24,,0,Active,No
834,834,Pro,Monthly,50,2025-09-25,,10,Active,No
835,835,Basic,Monthly,20,2025-03-18,,7,Active,Yes
836,836,Free,,0,2025-10-05,,0,Active,No
837,837,Free,,0,2025-02-15,,0,Active,No
838,838,Free,,0,2025-06-06,,0,Active,No
839,839,Free,,0,2025-08-23,,0,Active,No
840,840,Free,,0,2025-11-28,,0,Active,No
841,841,Pro,Monthly,50,2025-08-14,,5,Active,Yes
842,842,Pro,Monthly,50,2025-09-10,,2,Active,No
843,843,Free,,0,2025-05-30,,0,Active,No
844,844,Free,,0,2025-05-25,,0,Active,No
845,845,Free,,0,2025-02-18,2025-04-16,0,Cancelled,No
846,846,Free,,0,2025-09-18,,0,Active,No
847,847,Basic,Monthly,20,2025-08-04,,8,Active,Yes
848,848,Free,,0,2025-06-04,,0,Active,No
849,849,Free,,0,2025-04-02,,0,Active,No
850,850,Basic,Annual,20,2025-04-17,,1,Active,Yes
851,851,Basic,Monthly,20,2025-08-31,,7,Active,Yes
852,852,Free,,0,2025-12-25,,0,Active,No
853,853,Free,,0,2025-08-26,,0,Active,No
854,854,Basic,Monthly,20,2025-05-24,,4,Active,Yes
855,855,Basic,Monthly,20,2025-02-25,,6,Active,Yes
856,856,Pro,Monthly,50,2025-01-24,,6,Active,Yes
857,857,Free,,0,2025-09-24,,0,Active,No
858,858,Pro,Monthly,50,2025-08-12,,0,Active,Yes
859,859,Basic,Monthly,20,2025-10-24,,8,Active,Yes
860,860,Free,,0,2025-05-21,,0,Active,No
861,861,Pro,Monthly,50,2025-08-11,,7,Active,Yes
862,862,Basic,Monthly,20,2025-02-03,,1,Active,Yes
863,863,Free,,0,2025-03-13,,0,Active,No
864,864,Basic,Monthly,20,2025-06-12,,7,Active,Yes
865,865,Basic,Monthly,20,2025-10-10,,8,Active,No
866,866,Free,,0,2025-11-23,,0,Active,No
867,867,Pro,Monthly,50,2025-10-24,,1,Active,Yes
868,868,Basic,Annual,20,2025-04-05,,7,Active,No
869,869,Basic,Monthly,20,2025-05-28,,10,Active,No
870,870,Free,,0,2025-01-08,,0,Active,No
871,871,Free,,0,2025-06-28,,0,Active,No
872,872,Free,,0,2025-12-10,,0,Active,No
873,873,Basic,Monthly,20,2025-02-02,,1,Active,Yes
874,874,Basic,Monthly,20,2025-12-28,,10,Active,Yes
875,875,Free,,0,2025-01-21,,0,Active,No
876,876,Free,,0,2025-03-10,2025-06-15,0,Cancelled,No
877,877,Pro,Annual,50,2025-04-16,,7,Active,No
878,878,Free,,0,2025-09-06,,0,Active,No
879,879,Free,,0,2025-03-27,2025-06-23,0,Cancelled,No
880,880,Free,,0,2025-11-29,,0,Active,No
881,881,Free,,0,2025-07-22,,0,Active,No
882,882,Basic,Monthly,20,2025-01-18,2025-03-12,0,Cancelled,No
883,883,Basic,Monthly,20,2025-06-23,,4,Active,Yes
884,884,Free,,0,2025-10-30,,0,Active,No
885,885,Basic,Monthly,20,2025-01-28,,10,Active,Yes
886,886,Basic,Monthly,20,2025-07-14,,10,Active,Yes
887,887,Free,,0,2025-12-13,,0,Active,No
888,888,Free,,0,2025-10-01,,0,Active,No
889,889,Free,,0,2025-04-21,,0,Active,No
890,890,Free,,0,2025-12-27,,0,Active,No
891,891,Basic,Monthly,20,2025-02-18,,1,Active,Yes
892,892,Pro,Monthly,50,2025-01-14,,6,Active,No
893,893,Free,,0,2025-07-09,,0,Active,No
894,894,Basic,Monthly,20,2025-09-05,,0,Active,Yes
895,895,Free,,0,2025-11-18,,0,Active,No
896,896,Free,,0,2025-01-29,,0,Active,No
897,897,Free,,0,2025-05-23,2025-12-11,0,Cancelled,No
898,898,Pro,Monthly,50,2025-04-16,,1,Active,Yes
899,899,Pro,Monthly,50,2025-07-22,2025-10-04,7,Cancelled,Yes
900,900,Basic,Annual,20,2025-03-21,2025-09-21,8,Cancelled,Yes
901,901,Basic,Monthly,20,2025-07-21,,1,Active,Yes
902,902,Basic,Annual,20,2025-12-31,,8,Active,Yes
903,903,Free,,0,2025-10-20,,0,Active,No
904,904,Pro,Monthly,50,2025-03-03,,6,Active,Yes
905,905,Pro,Monthly,50,2025-10-21,,5,Active,Yes
906,906,Free,,0,2025-01-31,2025-03-10,0,Cancelled,No
907,907,Basic,Monthly,20,2025-01-12,,2,Active,Yes
908,908,Pro,Monthly,50,2025-09-08,,10,Active,Yes
909,909,Free,,0,2025-08-09,,0,Active,No
910,910,Basic,Monthly,20,2025-01-15,,4,Active,Yes
911,911,Free,,0,2025-03-27,,0,Active,No
912,912,Free,,0,2025-09-12,,0,Active,No
913,913,Free,,0,2025-11-13,,0,Active,No
914,914,Free,,0,2025-01-05,,0,Active,No
915,915,Free,,0,2025-11-16,,0,Active,No
916,916,Basic,Monthly,20,2025-06-28,,4,Active,Yes
917,917,Basic,Monthly,20,2025-10-16,,5,Active,Yes
918,918,Free,,0,2025-11-03,,0,Active,No
919,919,Free,,0,2025-02-28,,0,Active,No
920,920,Free,,0,2025-09-21,,0,Active,No
921,921,Free,,0,2025-03-24,,0,Active,No
922,922,Free,,0,2025-03-02,,0,Active,No
923,923,Free,,0,2025-07-14,,0,Active,No
924,924,Free,,0,2025-05-28,,0,Active,No
925,925,Pro,Annual,50,2025-08-27,,1,Active,No
926,926,Free,,0,2025-05-02,,0,Active,No
927,927,Free,,0,2025-10-15,2026-05-24,0,Cancelled,No
928,928,Free,,0,2025-01-21,2025-10-05,0,Cancelled,No
929,929,Basic,Monthly,20,2025-12-23,,1,Active,No
930,930,Pro,Annual,50,2025-04-07,2025-06-30,10,Cancelled,Yes
931,931,Free,,0,2025-02-20,,0,Active,No
932,932,Basic,Monthly,20,2025-02-17,,1,Active,No
933,933,Free,,0,2025-08-30,,0,Active,No
934,934,Free,,0,2025-10-28,2025-12-21,0,Cancelled,No
935,935,Free,,0,2025-12-18,,0,Active,No
936,936,Pro,Monthly,50,2025-05-18,,4,Active,Yes
937,937,Free,,0,2025-03-31,,0,Active,No
938,938,Basic,Monthly,20,2025-06-24,2025-09-23,0,Cancelled,Yes
939,939,Free,,0,2025-01-25,,0,Active,No
940,940,Basic,Annual,20,2025-09-19,,3,Active,Yes
941,941,Basic,Monthly,20,2025-01-08,2025-09-03,10,Cancelled,Yes
942,942,Pro,Monthly,50,2025-05-12,,0,Active,Yes
943,943,Basic,Annual,20,2025-06-24,,0,Active,No
944,944,Free,,0,2025-02-25,,0,Active,No
945,945,Basic,Annual,20,2025-05-20,2026-02-10,7,Cancelled,Yes
946,946,Free,,0,2025-04-30,2025-12-26,0,Cancelled,No
947,947,Free,,0,2025-03-18,,0,Active,No
948,948,Free,,0,2025-01-21,,0,Active,No
949,949,Free,,0,2025-09-01,,0,Active,No
950,950,Free,,0,2025-03-12,,0,Active,No
951,951,Free,,0,2025-12-31,,0,Active,No
952,952,Pro,Monthly,50,2025-12-24,,6,Active,No
953,953,Pro,Annual,50,2025-05-14,,0,Active,Yes
954,954,Free,,0,2025-10-16,,0,Active,No
955,955,Pro,Monthly,50,2025-04-08,,2,Active,Yes
956,956,Free,,0,2025-10-28,,0,Active,No
957,957,Pro,Monthly,50,2025-11-12,,2,Active,Yes
958,958,Free,,0,2025-02-17,,0,Active,No
959,959,Free,,0,2025-07-19,,0,Active,No
960,960,Free,,0,2025-05-31,,0,Active,No
961,961,Free,,0,2025-02-16,,0,Active,No
962,962,Free,,0,2025-09-19,,0,Active,No
963,963,Basic,Annual,20,2025-12-17,,6,Active,Yes
964,964,Free,,0,2025-07-15,,0,Active,No
965,965,Pro,Monthly,50,2025-12-02,,2,Active,Yes
966,966,Free,,0,2025-04-05,2025-10-19,0,Cancelled,No
967,967,Free,,0,2025-08-30,,0,Active,No
968,968,Basic,Monthly,20,2025-04-04,,5,Active,Yes
969,969,Pro,Annual,50,2025-07-23,,6,Active,Yes
970,970,Basic,Annual,20,2025-05-30,,9,Active,Yes
971,971,Pro,Annual,50,2025-07-08,,2,Active,No
972,972,Basic,Monthly,20,2025-07-19,2025-12-24,0,Cancelled,Yes
973,973,Free,,0,2025-08-08,,0,Active,No
974,974,Free,,0,2025-05-15,,0,Active,No
975,975,Free,,0,2025-02-01,2025-08-14,0,Cancelled,No
976,976,Basic,Monthly,20,2025-07-18,,0,Active,Yes
977,977,Free,,0,2025-03-16,,0,Active,No
978,978,Basic,Monthly,20,2025-07-28,,6,Active,Yes
979,979,Pro,Monthly,50,2025-01-13,2025-04-13,2,Cancelled,Yes
980,980,Free,,0,2025-09-04,,0,Active,No
981,981,Basic,Monthly,20,2025-05-18,,4,Active,Yes
982,982,Free,,0,2025-12-09,,0,Active,No
983,983,Free,,0,2025-07-17,2026-05-09,0,Cancelled,No
984,984,Free,,0,2025-04-06,,0,Active,No
985,985,Basic,Monthly,20,2025-01-20,,5,Active,Yes
986,986,Free,,0,2025-02-11,,0,Active,No
987,987,Free,,0,2025-02-13,,0,Active,No
988,988,Basic,Annual,20,2025-12-01,2026-07-05,5,Cancelled,No
989,989,Free,,0,2025-05-11,,0,Active,No
990,990,Free,,0,2025-02-15,2025-10-26,0,Cancelled,No
991,991,Pro,Monthly,50,2025-08-26,,10,Active,Yes
992,992,Free,,0,2025-05-12,,0,Active,No
993,993,Free,,0,2025-04-23,,0,Active,No
994,994,Pro,Annual,50,2025-01-08,,4,Active,Yes
995,995,Basic,Monthly,20,2025-12-13,,0,Active,Yes
996,996,Free,,0,2025-05-13,,0,Active,No
997,997,Free,,0,2025-09-28,,0,Active,No
998,998,Basic,Annual,20,2025-06-01,,2,Active,Yes
999,999,Pro,Monthly,50,2025-07-09,2026-03-23,4,Cancelled,Yes
1000,1000,Free,,0,2025-04-05,,0,Active,No
1001,1001,Free,,0,2025-02-08,2025-06-09,0,Cancelled,No
1002,1002,Basic,Monthly,20,2025-03-15,,7,Active,Yes
1003,1003,Free,,0,2025-03-30,,0,Active,No
1004,1004,Basic,Monthly,20,2025-04-23,,8,Active,Yes
1005,1005,Pro,Monthly,50,2025-10-10,,1,Active,No
1006,1006,Free,,0,2025-11-03,,0,Active,No
1007,1007,Free,,0,2025-10-25,,0,Active,No
1008,1008,Pro,Monthly,50,2025-06-20,,2,Active,No
1009,1009,Basic,Monthly,20,2025-12-15,,4,Active,Yes
1010,1010,Basic,Monthly,20,2025-08-05,2026-04-25,5,Cancelled,Yes
1011,1011,Basic,Monthly,20,2025-12-29,2026-06-01,2,Cancelled,Yes
1012,1012,Free,,0,2025-06-10,,0,Active,No
1013,1013,Basic,Annual,20,2025-06-13,,2,Active,Yes
1014,1014,Pro,Annual,50,2025-04-09,,8,Active,Yes
1015,1015,Basic,Monthly,20,2025-12-16,,9,Active,Yes
1016,1016,Free,,0,2025-12-16,,0,Active,No
1017,1017,Basic,Annual,20,2025-06-09,,2,Active,Yes
1018,1018,Free,,0,2025-08-01,,0,Active,No
1019,1019,Basic,Monthly,20,2025-06-07,,3,Active,Yes
1020,1020,Free,,0,2025-03-02,,0,Active,No
1021,1021,Free,,0,2025-03-02,,0,Active,No
1022,1022,Pro,Monthly,50,2025-02-17,,10,Active,Yes
1023,1023,Free,,0,2025-04-24,,0,Active,No
1024,1024,Basic,Monthly,20,2025-02-18,,2,Active,Yes
1025,1025,Free,,0,2025-07-24,,0,Active,No
1026,1026,Free,,0,2025-11-15,,0,Active,No
1027,1027,Basic,Monthly,20,2025-07-31,,7,Active,Yes
1028,1028,Basic,Monthly,20,2025-02-05,,6,Active,Yes
1029,1029,Free,,0,2025-01-13,2025-09-12,0,Cancelled,No
1030,1030,Free,,0,2025-10-18,,0,Active,No
1031,1031,Basic,Monthly,20,2025-09-11,,2,Active,Yes
1032,1032,Free,,0,2025-01-05,,0,Active,No
1033,1033,Free,,0,2025-04-04,,0,Active,No
1034,1034,Free,,0,2025-02-01,2025-03-12,0,Cancelled,No
1035,1035,Free,,0,2025-03-17,,0,Active,No
1036,1036,Basic,Monthly,20,2025-11-19,,4,Active,Yes
1037,1037,Basic,Monthly,20,2025-04-22,,6,Active,Yes
1038,1038,Basic,Monthly,20,2025-01-18,2025-08-05,4,Cancelled,Yes
1039,1039,Pro,Monthly,50,2025-10-15,,8,Active,Yes
1040,1040,Free,,0,2025-11-07,,0,Active,No
1041,1041,Basic,Monthly,20,2025-09-01,,7,Active,Yes
1042,1042,Free,,0,2025-06-22,,0,Active,No
1043,1043,Pro,Monthly,50,2025-05-08,2025-09-17,9,Cancelled,Yes
1044,1044,Basic,Monthly,20,2025-12-10,,5,Active,Yes
1045,1045,Free,,0,2025-08-10,,0,Active,No
1046,1046,Free,,0,2025-03-03,,0,Active,No
1047,1047,Pro,Annual,50,2025-01-13,2025-10-24,7,Cancelled,No
1048,1048,Free,,0,2025-04-02,2025-05-10,0,Cancelled,No
1049,1049,Free,,0,2025-02-06,,0,Active,No
1050,1050,Free,,0,2025-06-24,,0,Active,No
1051,1051,Basic,Monthly,20,2025-02-17,,6,Active,Yes
1052,1052,Pro,Monthly,50,2025-06-24,,0,Active,Yes
1053,1053,Pro,Monthly,50,2025-03-28,,10,Active,Yes
1054,1054,Free,,0,2025-11-02,,0,Active,No
1055,1055,Free,,0,2025-01-05,,0,Active,No
1056,1056,Pro,Monthly,50,2025-03-20,,3,Active,Yes
1057,1057,Free,,0,2025-05-20,,0,Active,No
1058,1058,Basic,Monthly,20,2025-09-09,,5,Active,Yes
1059,1059,Basic,Monthly,20,2025-12-16,,7,Active,No
1060,1060,Basic,Monthly,20,2025-02-20,,10,Active,Yes
1061,1061,Pro,Annual,50,2025-02-22,,2,Active,Yes
1062,1062,Free,,0,2025-09-03,,0,Active,No
1063,1063,Free,,0,2025-03-12,,0,Active,No
1064,1064,Free,,0,2025-08-11,,0,Active,No
1065,1065,Pro,Monthly,50,2025-02-24,2025-08-17,8,Cancelled,Yes
1066,1066,Basic,Monthly,20,2025-08-17,2026-05-10,3,Cancelled,Yes
1067,1067,Free,,0,2025-04-19,2025-12-31,0,Cancelled,No
1068,1068,Free,,0,2025-12-05,,0,Active,No
1069,1069,Free,,0,2025-08-07,,0,Active,No
1070,1070,Free,,0,2025-12-19,,0,Active,No
1071,1071,Basic,Monthly,20,2025-06-08,,5,Active,Yes
1072,1072,Basic,Monthly,20,2025-03-22,,3,Active,Yes
1073,1073,Free,,0,2025-09-06,,0,Active,No
1074,1074,Pro,Monthly,50,2025-04-07,2025-07-31,10,Cancelled,Yes
1075,1075,Free,,0,2025-05-24,,0,Active,No
1076,1076,Basic,Monthly,20,2025-02-05,,10,Active,Yes
1077,1077,Basic,Monthly,20,2025-08-14,,3,Active,No
1078,1078,Free,,0,2025-03-19,,0,Active,No
1079,1079,Free,,0,2025-09-02,,0,Active,No
1080,1080,Free,,0,2025-09-29,,0,Active,No
1081,1081,Free,,0,2025-02-01,2025-03-23,0,Cancelled,No
1082,1082,Free,,0,2025-02-10,2025-04-07,0,Cancelled,No
1083,1083,Free,,0,2025-06-20,,0,Active,No
1084,1084,Free,,0,2025-05-15,,0,Active,No
1085,1085,Free,,0,2025-06-26,,0,Active,No
1086,1086,Free,,0,2025-12-24,,0,Active,No
1087,1087,Free,,0,2025-02-24,,0,Active,No
1088,1088,Free,,0,2025-03-18,,0,Active,No
1089,1089,Pro,Annual,50,2025-07-14,,3,Active,Yes
1090,1090,Pro,Monthly,50,2025-03-01,,0,Active,Yes
1091,1091,Free,,0,2025-03-21,,0,Active,No
1092,1092,Basic,Annual,20,2025-03-12,,5,Active,Yes
1093,1093,Basic,Monthly,20,2025-06-08,,8,Active,Yes
1094,1094,Free,,0,2025-11-06,,0,Active,No
1095,1095,Pro,Annual,50,2025-11-26,2026-04-26,8,Cancelled,No
1096,1096,Free,,0,2025-02-08,,0,Active,No
1097,1097,Free,,0,2025-06-29,,0,Active,No
1098,1098,Basic,Annual,20,2025-08-20,,4,Active,No
1099,1099,Free,,0,2025-06-05,,0,Active,No
1100,1100,Basic,Monthly,20,2025-01-15,,10,Active,Yes
1101,1101,Basic,Monthly,20,2025-03-10,2025-05-01,3,Cancelled,No
1102,1102,Free,,0,2025-07-13,,0,Active,No
1103,1103,Pro,Monthly,50,2025-02-13,,0,Active,Yes
1104,1104,Pro,Monthly,50,2025-02-09,,0,Active,Yes
1105,1105,Pro,Monthly,50,2025-06-05,,6,Active,Yes
1106,1106,Basic,Annual,20,2025-12-08,,3,Active,Yes
1107,1107,Pro,Annual,50,2025-11-06,2026-03-29,0,Cancelled,Yes
1108,1108,Basic,Annual,20,2025-03-18,,8,Active,Yes
1109,1109,Free,,0,2025-12-15,2026-07-19,0,Cancelled,No
1110,1110,Basic,Annual,20,2025-12-20,,10,Active,Yes
1111,1111,Free,,0,2025-11-30,,0,Active,No
1112,1112,Free,,0,2025-06-16,,0,Active,No
1113,1113,Pro,Annual,50,2025-04-21,,7,Active,Yes
1114,1114,Free,,0,2025-03-16,,0,Active,No
1115,1115,Free,,0,2025-04-15,,0,Active,No
1116,1116,Basic,Monthly,20,2025-03-04,,2,Active,No
1117,1117,Free,,0,2025-02-16,,0,Active,No
1118,1118,Free,,0,2025-07-11,,0,Active,No
1119,1119,Free,,0,2025-12-08,,0,Active,No
1120,1120,Basic,Monthly,20,2025-07-27,,2,Active,Yes
1121,1121,Pro,Monthly,50,2025-09-18,,5,Active,Yes
1122,1122,Free,,0,2025-03-02,,0,Active,No
1123,1123,Pro,Monthly,50,2025-03-10,,10,Active,No
1124,1124,Basic,Monthly,20,2025-07-04,,0,Active,Yes
1125,1125,Free,,0,2025-05-17,,0,Active,No
1126,1126,Free,,0,2025-04-19,,0,Active,No
1127,1127,Free,,0,2025-11-03,,0,Active,No
1128,1128,Free,,0,2025-08-19,,0,Active,No
1129,1129,Basic,Annual,20,2025-11-24,2026-06-17,4,Cancelled,No
1130,1130,Free,,0,2025-11-22,,0,Active,No
1131,1131,Basic,Monthly,20,2025-08-18,2025-11-11,7,Cancelled,Yes
1132,1132,Free,,0,2025-04-02,,0,Active,No
1133,1133,Basic,Monthly,20,2025-04-06,,6,Active,Yes
1134,1134,Basic,Monthly,20,2025-08-10,,1,Active,No
1135,1135,Basic,Monthly,20,2025-11-08,,0,Active,Yes
1136,1136,Free,,0,2025-06-14,,0,Active,No
1137,1137,Basic,Annual,20,2025-05-28,,8,Active,Yes
1138,1138,Free,,0,2025-03-07,,0,Active,No
1139,1139,Free,,0,2025-07-29,,0,Active,No
1140,1140,Free,,0,2025-11-16,,0,Active,No
1141,1141,Free,,0,2025-09-17,,0,Active,No
1142,1142,Free,,0,2025-01-15,,0,Active,No
1143,1143,Free,,0,2025-05-28,2025-10-23,0,Cancelled,No
1144,1144,Free,,0,2025-10-09,,0,Active,No
1145,1145,Free,,0,2025-12-17,,0,Active,No
1146,1146,Free,,0,2025-07-23,,0,Active,No
1147,1147,Basic,Monthly,20,2025-10-18,,5,Active,Yes
1148,1148,Basic,Annual,20,2025-05-18,,0,Active,Yes
1149,1149,Free,,0,2025-07-18,,0,Active,No
1150,1150,Free,,0,2025-03-09,,0,Active,No
1151,1151,Basic,Monthly,20,2025-07-13,,6,Active,Yes
1152,1152,Free,,0,2025-12-29,,0,Active,No
1153,1153,Basic,Monthly,20,2025-03-14,,3,Active,Yes
1154,1154,Free,,0,2025-12-27,,0,Active,No
1155,1155,Free,,0,2025-05-23,,0,Active,No
1156,1156,Free,,0,2025-04-09,,0,Active,No
1157,1157,Free,,0,2025-11-04,,0,Active,No
1158,1158,Free,,0,2025-09-12,,0,Active,No
1159,1159,Free,,0,2025-09-22,,0,Active,No
1160,1160,Pro,Monthly,50,2025-10-14,,7,Active,Yes
1161,1161,Free,,0,2025-09-26,,0,Active,No
1162,1162,Free,,0,2025-08-05,,0,Active,No
1163,1163,Pro,Annual,50,2025-12-13,,5,Active,Yes
1164,1164,Pro,Annual,50,2025-02-02,,3,Active,Yes
1165,1165,Basic,Monthly,20,2025-05-15,,9,Active,Yes
1166,1166,Free,,0,2025-02-25,,0,Active,No
1167,1167,Free,,0,2025-08-17,,0,Active,No
1168,1168,Free,,0,2025-09-07,,0,Active,No
1169,1169,Basic,Monthly,20,2025-01-17,2025-06-08,2,Cancelled,Yes
1170,1170,Free,,0,2025-12-26,,0,Active,No
1171,1171,Pro,Monthly,50,2025-10-24,,9,Active,Yes
1172,1172,Free,,0,2025-12-24,,0,Active,No
1173,1173,Pro,Annual,50,2025-05-09,,2,Active,Yes
1174,1174,Basic,Monthly,20,2025-08-11,,6,Active,Yes
1175,1175,Free,,0,2025-11-09,,0,Active,No
1176,1176,Basic,Monthly,20,2025-07-19,2026-04-05,10,Cancelled,Yes
1177,1177,Free,,0,2025-08-06,,0,Active,No
1178,1178,Free,,0,2025-03-11,,0,Active,No
1179,1179,Free,,0,2025-11-04,,0,Active,No
1180,1180,Free,,0,2025-06-20,,0,Active,No
1181,1181,Basic,Monthly,20,2025-03-11,,5,Active,Yes
1182,1182,Free,,0,2025-03-04,2025-06-19,0,Cancelled,No
1183,1183,Free,,0,2025-07-01,,0,Active,No
1184,1184,Free,,0,2025-01-09,2025-06-23,0,Cancelled,No
1185,1185,Free,,0,2025-09-23,,0,Active,No
1186,1186,Free,,0,2025-06-02,,0,Active,No
1187,1187,Free,,0,2025-02-20,,0,Active,No
1188,1188,Pro,Annual,50,2025-10-18,2026-06-03,3,Cancelled,Yes
1189,1189,Free,,0,2025-01-24,2025-05-05,0,Cancelled,No
1190,1190,Free,,0,2025-07-07,,0,Active,No
1191,1191,Free,,0,2025-08-13,,0,Active,No
1192,1192,Free,,0,2025-05-03,2026-02-07,0,Cancelled,No
1193,1193,Free,,0,2025-07-27,,0,Active,No
1194,1194,Free,,0,2025-02-12,,0,Active,No
1195,1195,Free,,0,2025-05-12,2026-02-11,0,Cancelled,No
1196,1196,Basic,Monthly,20,2025-01-12,,6,Active,Yes
1197,1197,Basic,Monthly,20,2025-05-11,,2,Active,No
1198,1198,Pro,Monthly,50,2025-09-30,,4,Active,Yes
1199,1199,Free,,0,2025-09-08,,0,Active,No
1200,1200,Free,,0,2025-02-10,,0,Active,No
1201,1201,Free,,0,2025-03-29,2025-08-24,0,Cancelled,No
1202,1202,Pro,Monthly,50,2025-05-08,,5,Active,Yes
1203,1203,Free,,0,2025-07-09,,0,Active,No
1204,1204,Pro,Monthly,50,2025-07-09,,7,Active,Yes
1205,1205,Basic,Monthly,20,2025-11-12,,3,Active,Yes
1206,1206,Free,,0,2025-07-22,,0,Active,No
1207,1207,Free,,0,2025-02-05,,0,Active,No
1208,1208,Free,,0,2025-06-19,,0,Active,No
1209,1209,Free,,0,2025-10-30,,0,Active,No
1210,1210,Free,,0,2025-09-16,,0,Active,No
1211,1211,Free,,0,2025-02-03,,0,Active,No
1212,1212,Free,,0,2025-06-13,2025-09-25,0,Cancelled,No
1213,1213,Free,,0,2025-02-21,,0,Active,No
1214,1214,Basic,Monthly,20,2025-01-23,,0,Active,Yes
1215,1215,Free,,0,2025-07-12,2025-08-12,0,Cancelled,No
1216,1216,Basic,Monthly,20,2025-11-17,,3,Active,No
1217,1217,Basic,Monthly,20,2025-05-17,2026-01-13,5,Cancelled,No
1218,1218,Basic,Annual,20,2025-07-12,,9,Active,Yes
1219,1219,Free,,0,2025-03-22,,0,Active,No
1220,1220,Free,,0,2025-11-09,,0,Active,No
1221,1221,Free,,0,2025-08-21,,0,Active,No
1222,1222,Free,,0,2025-04-24,,0,Active,No
1223,1223,Free,,0,2025-06-21,,0,Active,No
1224,1224,Basic,Monthly,20,2025-11-21,,8,Active,Yes
1225,1225,Basic,Annual,20,2025-07-08,,0,Active,Yes
1226,1226,Basic,Annual,20,2025-05-01,,6,Active,No
1227,1227,Basic,Monthly,20,2025-10-08,,8,Active,Yes
1228,1228,Free,,0,2025-12-05,,0,Active,No
1229,1229,Free,,0,2025-11-16,2025-12-16,0,Cancelled,No
1230,1230,Free,,0,2025-08-09,,0,Active,No
1231,1231,Basic,Monthly,20,2025-01-26,,9,Active,Yes
1232,1232,Free,,0,2025-12-25,,0,Active,No
1233,1233,Basic,Annual,20,2025-12-31,,7,Active,Yes
1234,1234,Free,,0,2025-03-08,,0,Active,No
1235,1235,Pro,Annual,50,2025-07-16,,9,Active,Yes
1236,1236,Free,,0,2025-09-26,,0,Active,No
1237,1237,Free,,0,2025-10-23,,0,Active,No
1238,1238,Free,,0,2025-07-24,,0,Active,No
1239,1239,Basic,Monthly,20,2025-12-13,,4,Active,Yes
1240,1240,Free,,0,2025-12-31,,0,Active,No
1241,1241,Pro,Annual,50,2025-07-13,,6,Active,Yes
1242,1242,Free,,0,2025-02-05,,0,Active,No
1243,1243,Pro,Monthly,50,2025-08-22,,6,Active,Yes
1244,1244,Free,,0,2025-03-10,,0,Active,No
1245,1245,Free,,0,2025-04-07,2025-07-18,0,Cancelled,No
1246,1246,Free,,0,2025-03-01,,0,Active,No
1247,1247,Basic,Monthly,20,2025-05-08,,1,Active,Yes
1248,1248,Free,,0,2025-07-18,,0,Active,No
1249,1249,Free,,0,2025-02-08,,0,Active,No
1250,1250,Free,,0,2025-04-20,,0,Active,No
1251,1251,Basic,Monthly,20,2025-07-31,,2,Active,Yes
1252,1252,Basic,Monthly,20,2025-06-25,,0,Active,Yes
1253,1253,Pro,Monthly,50,2025-11-07,,8,Active,No
1254,1254,Free,,0,2025-03-03,,0,Active,No
1255,1255,Free,,0,2025-05-07,,0,Active,No
1256,1256,Free,,0,2025-12-14,,0,Active,No
1257,1257,Free,,0,2025-10-11,,0,Active,No
1258,1258,Free,,0,2025-03-23,,0,Active,No
1259,1259,Pro,Monthly,50,2025-09-20,,9,Active,Yes
1260,1260,Basic,Monthly,20,2025-10-12,,1,Active,No
1261,1261,Free,,0,2025-11-30,,0,Active,No
1262,1262,Basic,Monthly,20,2025-06-02,,2,Active,Yes
1263,1263,Basic,Annual,20,2025-11-08,,0,Active,Yes
1264,1264,Free,,0,2025-02-01,,0,Active,No
1265,1265,Free,,0,2025-12-23,,0,Active,No
1266,1266,Free,,0,2025-06-02,,0,Active,No
1267,1267,Basic,Annual,20,2025-03-23,,7,Active,Yes
1268,1268,Pro,Monthly,50,2025-02-01,,6,Active,No
1269,1269,Free,,0,2025-06-03,,0,Active,No
1270,1270,Basic,Monthly,20,2025-07-27,,7,Active,Yes
1271,1271,Free,,0,2025-09-19,,0,Active,No
1272,1272,Free,,0,2025-02-04,,0,Active,No
1273,1273,Free,,0,2025-11-27,,0,Active,No
1274,1274,Free,,0,2025-09-30,,0,Active,No
1275,1275,Free,,0,2025-02-11,,0,Active,No
1276,1276,Pro,Monthly,50,2025-05-14,,1,Active,No
1277,1277,Free,,0,2025-03-10,2025-12-29,0,Cancelled,No
1278,1278,Basic,Annual,20,2025-07-03,,5,Active,Yes
1279,1279,Free,,0,2025-06-14,,0,Active,No
1280,1280,Free,,0,2025-11-02,2026-02-14,0,Cancelled,No
1281,1281,Free,,0,2025-10-14,,0,Active,No
1282,1282,Basic,Monthly,20,2025-07-10,,6,Active,Yes
1283,1283,Pro,Monthly,50,2025-07-14,,2,Active,Yes
1284,1284,Free,,0,2025-05-16,,0,Active,No
1285,1285,Free,,0,2025-12-03,2026-07-04,0,Cancelled,No
1286,1286,Free,,0,2025-05-05,,0,Active,No
1287,1287,Pro,Monthly,50,2025-07-29,,5,Active,Yes
1288,1288,Free,,0,2025-10-18,,0,Active,No
1289,1289,Free,,0,2025-08-14,,0,Active,No
1290,1290,Basic,Annual,20,2025-04-23,2025-12-23,8,Cancelled,Yes
1291,1291,Basic,Monthly,20,2025-12-26,,3,Active,Yes
1292,1292,Free,,0,2025-10-25,,0,Active,No
1293,1293,Basic,Monthly,20,2025-05-14,,5,Active,Yes
1294,1294,Free,,0,2025-03-05,,0,Active,No
1295,1295,Free,,0,2025-10-30,,0,Active,No
1296,1296,Basic,Monthly,20,2025-10-17,,3,Active,Yes
1297,1297,Free,,0,2025-02-19,,0,Active,No
1298,1298,Basic,Monthly,20,2025-01-20,,8,Active,Yes
1299,1299,Free,,0,2025-04-29,2025-08-09,0,Cancelled,No
1300,1300,Free,,0,2025-09-24,,0,Active,No
1301,1301,Basic,Monthly,20,2025-11-28,,2,Active,Yes
1302,1302,Basic,Monthly,20,2025-01-27,,0,Active,Yes
1303,1303,Basic,Annual,20,2025-09-13,,8,Active,No
1304,1304,Free,,0,2025-12-02,,0,Active,No
1305,1305,Free,,0,2025-04-26,2025-08-04,0,Cancelled,No
1306,1306,Basic,Monthly,20,2025-08-01,,10,Active,Yes
1307,1307,Basic,Monthly,20,2025-11-23,,6,Active,Yes
1308,1308,Pro,Monthly,50,2025-04-22,2026-01-18,3,Cancelled,No
1309,1309,Free,,0,2025-09-06,,0,Active,No
1310,1310,Basic,Monthly,20,2025-09-10,,3,Active,Yes
1311,1311,Free,,0,2025-05-13,,0,Active,No
1312,1312,Free,,0,2025-10-20,2026-05-13,0,Cancelled,No
1313,1313,Free,,0,2025-03-05,2025-08-09,0,Cancelled,No
1314,1314,Free,,0,2025-01-28,,0,Active,No
1315,1315,Free,,0,2025-06-06,,0,Active,No
1316,1316,Free,,0,2025-03-22,,0,Active,No
1317,1317,Free,,0,2025-12-18,,0,Active,No
1318,1318,Free,,0,2025-07-19,,0,Active,No
1319,1319,Basic,Monthly,20,2025-09-14,,9,Active,Yes
1320,1320,Free,,0,2025-10-14,2026-05-01,0,Cancelled,No
1321,1321,Free,,0,2025-10-03,,0,Active,No
1322,1322,Free,,0,2025-04-26,,0,Active,No
1323,1323,Free,,0,2025-03-04,,0,Active,No
1324,1324,Basic,Monthly,20,2025-04-06,,7,Active,No
1325,1325,Pro,Monthly,50,2025-07-13,2025-09-29,3,Cancelled,Yes
1326,1326,Free,,0,2025-11-24,,0,Active,No
1327,1327,Free,,0,2025-09-25,,0,Active,No
1328,1328,Free,,0,2025-11-02,,0,Active,No
1329,1329,Free,,0,2025-08-14,,0,Active,No
1330,1330,Free,,0,2025-08-16,,0,Active,No
1331,1331,Free,,0,2025-04-30,,0,Active,No
1332,1332,Pro,Annual,50,2025-02-22,,9,Active,Yes
1333,1333,Pro,Monthly,50,2025-02-11,,8,Active,No
1334,1334,Basic,Annual,20,2025-01-25,,2,Active,Yes
1335,1335,Basic,Monthly,20,2025-12-20,2026-05-14,0,Cancelled,Yes
1336,1336,Free,,0,2025-10-26,2026-05-21,0,Cancelled,No
1337,1337,Pro,Monthly,50,2025-03-19,,3,Active,Yes
1338,1338,Free,,0,2025-08-17,,0,Active,No
1339,1339,Basic,Monthly,20,2025-01-01,,9,Active,Yes
1340,1340,Free,,0,2025-01-16,,0,Active,No
1341,1341,Basic,Monthly,20,2025-07-10,,8,Active,Yes
1342,1342,Free,,0,2025-07-22,,0,Active,No
1343,1343,Basic,Monthly,20,2025-04-24,,9,Active,No
1344,1344,Free,,0,2025-02-15,,0,Active,No
1345,1345,Free,,0,2025-03-15,,0,Active,No
1346,1346,Free,,0,2025-06-10,,0,Active,No
1347,1347,Basic,Monthly,20,2025-05-26,,4,Active,No
1348,1348,Basic,Monthly,20,2025-10-21,,2,Active,Yes
1349,1349,Free,,0,2025-01-12,2025-04-17,0,Cancelled,No
1350,1350,Free,,0,2025-04-25,,0,Active,No
1351,1351,Free,,0,2025-03-17,,0,Active,No
1352,1352,Basic,Monthly,20,2025-04-09,,0,Active,Yes
1353,1353,Free,,0,2025-05-02,,0,Active,No
1354,1354,Free,,0,2025-01-17,,0,Active,No
1355,1355,Free,,0,2025-09-10,,0,Active,No
1356,1356,Free,,0,2025-04-26,,0,Active,No
1357,1357,Free,,0,2025-08-24,,0,Active,No
1358,1358,Free,,0,2025-02-24,,0,Active,No
1359,1359,Pro,Annual,50,2025-11-27,,0,Active,Yes
1360,1360,Free,,0,2025-08-13,,0,Active,No
1361,1361,Basic,Monthly,20,2025-08-19,,7,Active,Yes
1362,1362,Free,,0,2025-05-07,,0,Active,No
1363,1363,Basic,Monthly,20,2025-01-12,2025-07-18,2,Cancelled,Yes
1364,1364,Free,,0,2025-12-18,,0,Active,No
1365,1365,Free,,0,2025-04-15,2025-06-14,0,Cancelled,No
1366,1366,Basic,Monthly,20,2025-06-12,,1,Active,Yes
1367,1367,Free,,0,2025-04-24,,0,Active,No
1368,1368,Basic,Annual,20,2025-03-04,,0,Active,Yes
1369,1369,Basic,Monthly,20,2025-01-31,,3,Active,Yes
1370,1370,Free,,0,2025-08-24,,0,Active,No
1371,1371,Basic,Monthly,20,2025-07-10,,6,Active,Yes
1372,1372,Free,,0,2025-11-30,2026-09-24,0,Cancelled,No
1373,1373,Free,,0,2025-08-03,2025-11-09,0,Cancelled,No
1374,1374,Basic,Annual,20,2025-12-07,,3,Active,Yes
1375,1375,Free,,0,2025-08-19,2025-10-21,0,Cancelled,No
1376,1376,Basic,Monthly,20,2025-05-08,,2,Active,Yes
1377,1377,Free,,0,2025-02-20,,0,Active,No
1378,1378,Free,,0,2025-11-23,,0,Active,No
1379,1379,Basic,Monthly,20,2025-07-19,,0,Active,Yes
1380,1380,Basic,Monthly,20,2025-01-13,,7,Active,Yes
1381,1381,Free,,0,2025-06-03,,0,Active,No
1382,1382,Basic,Monthly,20,2025-07-12,,5,Active,Yes
1383,1383,Free,,0,2025-01-17,,0,Active,No
1384,1384,Free,,0,2025-07-11,,0,Active,No
1385,1385,Free,,0,2025-08-18,,0,Active,No
1386,1386,Free,,0,2025-05-25,,0,Active,No
1387,1387,Free,,0,2025-05-23,,0,Active,No
1388,1388,Basic,Annual,20,2025-07-10,,1,Active,Yes
1389,1389,Basic,Monthly,20,2025-08-19,,9,Active,No
1390,1390,Free,,0,2025-12-26,,0,Active,No
1391,1391,Free,,0,2025-07-28,,0,Active,No
1392,1392,Free,,0,2025-04-17,,0,Active,No
1393,1393,Free,,0,2025-03-14,,0,Active,No
1394,1394,Free,,0,2025-01-11,,0,Active,No
1395,1395,Free,,0,2025-03-13,,0,Active,No
1396,1396,Free,,0,2025-08-24,,0,Active,No
1397,1397,Pro,Monthly,50,2025-09-02,,3,Active,Yes
1398,1398,Basic,Monthly,20,2025-04-03,,4,Active,Yes
1399,1399,Pro,Monthly,50,2025-02-14,2025-07-28,1,Cancelled,Yes
1400,1400,Free,,0,2025-02-21,2025-05-12,0,Cancelled,No
1401,1401,Free,,0,2025-11-25,,0,Active,No
1402,1402,Basic,Monthly,20,2025-11-13,,2,Active,Yes
1403,1403,Basic,Monthly,20,2025-04-08,,9,Active,No
1404,1404,Free,,0,2025-08-08,2026-04-18,0,Cancelled,No
1405,1405,Free,,0,2025-02-28,,0,Active,No
1406,1406,Pro,Monthly,50,2025-08-03,,6,Active,Yes
1407,1407,Pro,Monthly,50,2025-12-24,,8,Active,Yes
1408,1408,Pro,Monthly,50,2025-10-23,,10,Active,Yes
1409,1409,Pro,Monthly,50,2025-03-29,,6,Active,Yes
1410,1410,Free,,0,2025-06-03,,0,Active,No
1411,1411,Free,,0,2025-05-09,,0,Active,No
1412,1412,Free,,0,2025-04-24,,0,Active,No
1413,1413,Pro,Annual,50,2025-12-07,,2,Active,Yes
1414,1414,Basic,Monthly,20,2025-01-19,,10,Active,Yes
1415,1415,Free,,0,2025-05-06,,0,Active,No
1416,1416,Free,,0,2025-05-21,,0,Active,No
1417,1417,Free,,0,2025-03-30,,0,Active,No
1418,1418,Free,,0,2025-12-19,,0,Active,No
1419,1419,Free,,0,2025-01-20,,0,Active,No
1420,1420,Basic,Annual,20,2025-11-20,,1,Active,Yes
1421,1421,Basic,Monthly,20,2025-08-23,,5,Active,Yes
1422,1422,Free,,0,2025-08-06,,0,Active,No
1423,1423,Free,,0,2025-11-16,,0,Active,No
1424,1424,Basic,Monthly,20,2025-07-31,,0,Active,Yes
1425,1425,Basic,Monthly,20,2025-01-27,2025-04-28,7,Cancelled,No
1426,1426,Free,,0,2025-09-15,,0,Active,No
1427,1427,Basic,Monthly,20,2025-09-08,,3,Active,No
1428,1428,Free,,0,2025-02-01,2025-07-05,0,Cancelled,No
1429,1429,Free,,0,2025-08-06,2025-09-17,0,Cancelled,No
1430,1430,Pro,Monthly,50,2025-09-08,,6,Active,Yes
1431,1431,Pro,Annual,50,2025-05-15,,4,Active,Yes
1432,1432,Free,,0,2025-12-27,2026-07-11,0,Cancelled,No
1433,1433,Free,,0,2025-03-09,,0,Active,No
1434,1434,Free,,0,2025-12-10,,0,Active,No
1435,1435,Free,,0,2025-04-17,,0,Active,No
1436,1436,Free,,0,2025-10-25,,0,Active,No
1437,1437,Pro,Annual,50,2025-08-28,,6,Active,No
1438,1438,Free,,0,2025-05-16,,0,Active,No
1439,1439,Pro,Annual,50,2025-07-09,,3,Active,Yes
1440,1440,Basic,Annual,20,2025-02-04,,6,Active,Yes
1441,1441,Free,,0,2025-04-02,2025-05-20,0,Cancelled,No
1442,1442,Free,,0,2025-05-19,,0,Active,No
1443,1443,Basic,Monthly,20,2025-08-27,,8,Active,Yes
1444,1444,Pro,Monthly,50,2025-08-04,,9,Active,Yes
1445,1445,Pro,Monthly,50,2025-07-23,,3,Active,Yes
1446,1446,Basic,Monthly,20,2025-01-12,,6,Active,Yes
1447,1447,Pro,Monthly,50,2025-08-06,,3,Active,Yes
1448,1448,Free,,0,2025-10-24,,0,Active,No
1449,1449,Free,,0,2025-07-28,,0,Active,No
1450,1450,Free,,0,2025-09-27,,0,Active,No
1451,1451,Free,,0,2025-08-04,,0,Active,No
1452,1452,Basic,Monthly,20,2025-10-20,,7,Active,Yes
1453,1453,Free,,0,2025-09-30,2026-07-14,0,Cancelled,No
1454,1454,Basic,Monthly,20,2025-06-12,,10,Active,Yes
1455,1455,Free,,0,2025-12-12,,0,Active,No
1456,1456,Free,,0,2025-03-24,,0,Active,No
1457,1457,Free,,0,2025-07-14,,0,Active,No
1458,1458,Free,,0,2025-08-13,2025-12-09,0,Cancelled,No
1459,1459,Free,,0,2025-02-03,2025-08-15,0,Cancelled,No
1460,1460,Basic,Monthly,20,2025-03-01,,9,Active,Yes
1461,1461,Free,,0,2025-02-28,,0,Active,No
1462,1462,Free,,0,2025-09-24,,0,Active,No
1463,1463,Free,,0,2025-10-20,,0,Active,No
1464,1464,Free,,0,2025-03-12,,0,Active,No
1465,1465,Free,,0,2025-03-09,,0,Active,No
1466,1466,Basic,Annual,20,2025-10-28,,1,Active,Yes
1467,1467,Pro,Monthly,50,2025-11-16,2026-06-22,0,Cancelled,Yes
1468,1468,Basic,Annual,20,2025-05-06,,2,Active,Yes
1469,1469,Free,,0,2025-10-02,2026-05-19,0,Cancelled,No
1470,1470,Pro,Monthly,50,2025-04-05,,3,Active,Yes
1471,1471,Free,,0,2025-09-15,,0,Active,No
1472,1472,Basic,Monthly,20,2025-07-12,,1,Active,Yes
1473,1473,Free,,0,2025-06-19,,0,Active,No
1474,1474,Basic,Monthly,20,2025-11-20,,8,Active,No
1475,1475,Basic,Annual,20,2025-09-14,,2,Active,Yes
1476,1476,Free,,0,2025-04-19,,0,Active,No
1477,1477,Free,,0,2025-11-23,2026-04-19,0,Cancelled,No
1478,1478,Free,,0,2025-08-09,,0,Active,No
1479,1479,Free,,0,2025-07-21,,0,Active,No
1480,1480,Free,,0,2025-11-12,,0,Active,No
1481,1481,Free,,0,2025-10-19,,0,Active,No
1482,1482,Free,,0,2025-01-13,,0,Active,No
1483,1483,Free,,0,2025-12-28,,0,Active,No
1484,1484,Free,,0,2025-07-10,,0,Active,No
1485,1485,Basic,Annual,20,2025-09-26,,7,Active,Yes
1486,1486,Free,,0,2025-03-04,2025-11-15,0,Cancelled,No
1487,1487,Free,,0,2025-03-15,,0,Active,No
1488,1488,Basic,Monthly,20,2025-11-20,,5,Active,Yes
1489,1489,Free,,0,2025-02-26,,0,Active,No
1490,1490,Pro,Monthly,50,2025-04-30,,9,Active,Yes
1491,1491,Free,,0,2025-08-09,,0,Active,No
1492,1492,Free,,0,2025-09-01,,0,Active,No
1493,1493,Basic,Monthly,20,2025-08-15,,0,Active,Yes
1494,1494,Free,,0,2025-02-03,,0,Active,No
1495,1495,Free,,0,2025-06-23,,0,Active,No
1496,1496,Free,,0,2025-09-24,,0,Active,No
1497,1497,Free,,0,2025-07-08,,0,Active,No
1498,1498,Basic,Monthly,20,2025-02-11,,6,Active,Yes
1499,1499,Basic,Monthly,20,2025-01-26,,5,Active,Yes
1500,1500,Free,,0,2025-07-05,,0,Active,No
1501,1501,Pro,Monthly,50,2025-06-13,2025-09-28,2,Cancelled,Yes
1502,1502,Basic,Monthly,20,2025-10-23,,2,Active,Yes
1503,1503,Basic,Annual,20,2025-11-08,,3,Active,Yes
1504,1504,Free,,0,2025-03-29,,0,Active,No
1505,1505,Basic,Annual,20,2025-12-12,2026-03-27,5,Cancelled,No
1506,1506,Free,,0,2025-10-17,2026-03-12,0,Cancelled,No
1507,1507,Free,,0,2025-12-18,,0,Active,No
1508,1508,Basic,Monthly,20,2025-10-22,,9,Active,Yes
1509,1509,Free,,0,2025-08-24,2025-11-13,0,Cancelled,No
1510,1510,Free,,0,2025-07-24,,0,Active,No
1511,1511,Free,,0,2025-10-16,,0,Active,No
1512,1512,Basic,Monthly,20,2025-08-13,,10,Active,Yes
1513,1513,Pro,Monthly,50,2025-02-13,2025-03-24,7,Cancelled,No
1514,1514,Basic,Monthly,20,2025-04-11,,6,Active,Yes
1515,1515,Free,,0,2025-05-07,,0,Active,No
1516,1516,Basic,Annual,20,2025-09-15,,9,Active,No
1517,1517,Free,,0,2025-09-08,,0,Active,No
1518,1518,Free,,0,2025-10-19,,0,Active,No
1519,1519,Free,,0,2025-11-18,,0,Active,No
1520,1520,Free,,0,2025-03-29,,0,Active,No
1521,1521,Pro,Annual,50,2025-02-24,,2,Active,Yes
1522,1522,Free,,0,2025-04-04,,0,Active,No
1523,1523,Basic,Monthly,20,2025-07-20,,4,Active,No
1524,1524,Free,,0,2025-10-30,,0,Active,No
1525,1525,Free,,0,2025-07-25,,0,Active,No
1526,1526,Free,,0,2025-08-21,,0,Active,No
1527,1527,Pro,Monthly,50,2025-06-13,,9,Active,Yes
1528,1528,Free,,0,2025-07-29,,0,Active,No
1529,1529,Basic,Monthly,20,2025-09-26,2026-02-12,4,Cancelled,Yes
1530,1530,Free,,0,2025-02-08,,0,Active,No
1531,1531,Free,,0,2025-03-03,,0,Active,No
1532,1532,Basic,Monthly,20,2025-12-02,,6,Active,Yes
1533,1533,Free,,0,2025-01-09,,0,Active,No
1534,1534,Free,,0,2025-05-04,,0,Active,No
1535,1535,Free,,0,2025-08-09,,0,Active,No
1536,1536,Pro,Annual,50,2025-08-19,,5,Active,Yes
1537,1537,Free,,0,2025-07-08,,0,Active,No
1538,1538,Basic,Monthly,20,2025-11-04,,6,Active,Yes
1539,1539,Free,,0,2025-04-18,,0,Active,No
1540,1540,Free,,0,2025-11-23,,0,Active,No
1541,1541,Pro,Monthly,50,2025-10-22,,2,Active,Yes
1542,1542,Pro,Monthly,50,2025-10-19,2026-03-06,2,Cancelled,No
1543,1543,Free,,0,2025-07-01,,0,Active,No
1544,1544,Free,,0,2025-03-07,,0,Active,No
1545,1545,Basic,Monthly,20,2025-07-18,,2,Active,Yes
1546,1546,Free,,0,2025-09-19,,0,Active,No
1547,1547,Basic,Monthly,20,2025-04-27,,0,Active,Yes
1548,1548,Free,,0,2025-10-26,,0,Active,No
1549,1549,Free,,0,2025-07-08,,0,Active,No
1550,1550,Free,,0,2025-10-12,,0,Active,No
1551,1551,Free,,0,2025-09-23,2026-03-03,0,Cancelled,No
1552,1552,Free,,0,2025-08-04,,0,Active,No
1553,1553,Free,,0,2025-10-17,2026-07-23,0,Cancelled,No
1554,1554,Free,,0,2025-02-05,,0,Active,No
1555,1555,Free,,0,2025-05-05,,0,Active,No
1556,1556,Free,,0,2025-08-31,2026-01-13,0,Cancelled,No
1557,1557,Free,,0,2025-06-21,,0,Active,No
1558,1558,Free,,0,2025-01-02,,0,Active,No
1559,1559,Pro,Monthly,50,2025-02-02,,8,Active,Yes
1560,1560,Free,,0,2025-09-20,,0,Active,No
1561,1561,Basic,Monthly,20,2025-01-05,,10,Active,No
1562,1562,Free,,0,2025-03-03,2025-09-24,0,Cancelled,No
1563,1563,Basic,Monthly,20,2025-09-28,,8,Active,No
1564,1564,Pro,Monthly,50,2025-10-12,,10,Active,Yes
1565,1565,Basic,Monthly,20,2025-03-08,,5,Active,Yes
1566,1566,Pro,Monthly,50,2025-02-25,,1,Active,Yes
1567,1567,Basic,Monthly,20,2025-01-21,,4,Active,Yes
1568,1568,Free,,0,2025-07-31,,0,Active,No
1569,1569,Free,,0,2025-03-27,2025-05-11,0,Cancelled,No
1570,1570,Free,,0,2025-05-24,2025-08-24,0,Cancelled,No
1571,1571,Pro,Monthly,50,2025-05-13,,1,Active,Yes
1572,1572,Free,,0,2025-03-21,2025-09-22,0,Cancelled,No
1573,1573,Free,,0,2025-01-24,,0,Active,No
1574,1574,Pro,Monthly,50,2025-10-12,,8,Active,No
1575,1575,Free,,0,2025-09-01,,0,Active,No
1576,1576,Free,,0,2025-05-10,,0,Active,No
1577,1577,Free,,0,2025-07-08,2025-12-06,0,Cancelled,No
1578,1578,Free,,0,2025-04-10,,0,Active,No
1579,1579,Basic,Monthly,20,2025-05-05,,1,Active,Yes
1580,1580,Pro,Annual,50,2025-10-01,,2,Active,Yes
1581,1581,Free,,0,2025-12-06,,0,Active,No
1582,1582,Free,,0,2025-06-22,,0,Active,No
1583,1583,Free,,0,2025-02-21,,0,Active,No
1584,1584,Free,,0,2025-08-14,2026-04-12,0,Cancelled,No
1585,1585,Pro,Annual,50,2025-01-28,,5,Active,Yes
1586,1586,Free,,0,2025-07-30,,0,Active,No
1587,1587,Free,,0,2025-01-25,,0,Active,No
1588,1588,Free,,0,2025-06-19,2026-02-28,0,Cancelled,No
1589,1589,Pro,Monthly,50,2025-07-12,,10,Active,Yes
1590,1590,Pro,Monthly,50,2025-04-14,,10,Active,Yes
1591,1591,Free,,0,2025-09-28,,0,Active,No
1592,1592,Free,,0,2025-08-21,2026-02-14,0,Cancelled,No
1593,1593,Pro,Annual,50,2025-10-10,,3,Active,Yes
1594,1594,Free,,0,2025-05-09,2025-06-18,0,Cancelled,No
1595,1595,Basic,Annual,20,2025-03-08,,0,Active,Yes
1596,1596,Basic,Monthly,20,2025-02-11,,0,Active,Yes
1597,1597,Basic,Monthly,20,2025-05-07,2025-11-03,5,Cancelled,Yes
1598,1598,Free,,0,2025-11-04,,0,Active,No
1599,1599,Pro,Monthly,50,2025-08-30,,10,Active,Yes
1600,1600,Pro,Monthly,50,2025-01-09,,7,Active,Yes
1601,1601,Free,,0,2025-05-08,,0,Active,No
1602,1602,Free,,0,2025-07-13,,0,Active,No
1603,1603,Basic,Monthly,20,2025-11-09,,8,Active,No
1604,1604,Basic,Monthly,20,2025-11-23,,8,Active,No
1605,1605,Free,,0,2025-06-19,,0,Active,No
1606,1606,Basic,Monthly,20,2025-03-11,,5,Active,Yes
1607,1607,Free,,0,2025-03-23,,0,Active,No
1608,1608,Free,,0,2025-04-21,,0,Active,No
1609,1609,Basic,Annual,20,2025-12-18,,4,Active,Yes
1610,1610,Free,,0,2025-09-07,,0,Active,No
1611,1611,Free,,0,2025-04-08,,0,Active,No
1612,1612,Free,,0,2025-11-15,,0,Active,No
1613,1613,Free,,0,2025-03-21,,0,Active,No
1614,1614,Basic,Monthly,20,2025-02-28,,1,Active,Yes
1615,1615,Free,,0,2025-12-26,2026-03-04,0,Cancelled,No
1616,1616,Basic,Monthly,20,2025-06-03,,7,Active,Yes
1617,1617,Free,,0,2025-09-15,,0,Active,No
1618,1618,Pro,Monthly,50,2025-03-22,,7,Active,Yes
1619,1619,Free,,0,2025-03-16,,0,Active,No
1620,1620,Pro,Monthly,50,2025-04-30,,3,Active,Yes
1621,1621,Free,,0,2025-05-22,2026-01-01,0,Cancelled,No
1622,1622,Free,,0,2025-06-26,,0,Active,No
1623,1623,Pro,Monthly,50,2025-07-19,,8,Active,Yes
1624,1624,Free,,0,2025-05-27,2025-07-26,0,Cancelled,No
1625,1625,Basic,Monthly,20,2025-01-23,,0,Active,Yes
1626,1626,Basic,Monthly,20,2025-02-16,,7,Active,Yes
1627,1627,Free,,0,2025-08-08,,0,Active,No
1628,1628,Free,,0,2025-10-28,2026-07-10,0,Cancelled,No
1629,1629,Basic,Monthly,20,2025-06-09,,5,Active,Yes
1630,1630,Free,,0,2025-11-21,,0,Active,No
1631,1631,Pro,Monthly,50,2025-08-23,,0,Active,Yes
1632,1632,Free,,0,2025-06-01,,0,Active,No
1633,1633,Free,,0,2025-10-05,,0,Active,No
1634,1634,Free,,0,2025-03-25,,0,Active,No
1635,1635,Pro,Monthly,50,2025-10-28,,10,Active,Yes
1636,1636,Free,,0,2025-04-14,,0,Active,No
1637,1637,Basic,Annual,20,2025-04-20,,10,Active,Yes
1638,1638,Free,,0,2025-09-20,,0,Active,No
1639,1639,Free,,0,2025-09-16,,0,Active,No
1640,1640,Free,,0,2025-09-23,,0,Active,No
1641,1641,Free,,0,2025-01-29,,0,Active,No
1642,1642,Pro,Monthly,50,2025-03-27,2025-12-22,7,Cancelled,Yes
1643,1643,Basic,Annual,20,2025-03-24,,1,Active,No
1644,1644,Free,,0,2025-01-28,,0,Active,No
1645,1645,Free,,0,2025-10-08,2026-07-22,0,Cancelled,No
1646,1646,Free,,0,2025-08-16,2026-03-21,0,Cancelled,No
1647,1647,Free,,0,2025-03-10,,0,Active,No
1648,1648,Pro,Annual,50,2025-04-12,,6,Active,No
1649,1649,Basic,Monthly,20,2025-10-16,,10,Active,Yes
1650,1650,Basic,Monthly,20,2025-11-14,,7,Active,Yes
1651,1651,Free,,0,2025-10-31,,0,Active,No
1652,1652,Free,,0,2025-08-30,,0,Active,No
1653,1653,Basic,Annual,20,2025-11-03,,2,Active,Yes
1654,1654,Basic,Monthly,20,2025-04-29,2025-07-14,2,Cancelled,Yes
1655,1655,Free,,0,2025-11-16,,0,Active,No
1656,1656,Free,,0,2025-10-23,,0,Active,No
1657,1657,Free,,0,2025-10-04,,0,Active,No
1658,1658,Basic,Monthly,20,2025-08-08,,7,Active,No
1659,1659,Free,,0,2025-06-28,,0,Active,No
1660,1660,Free,,0,2025-12-29,,0,Active,No
1661,1661,Free,,0,2025-02-16,,0,Active,No
1662,1662,Basic,Annual,20,2025-08-23,,1,Active,Yes
1663,1663,Basic,Annual,20,2025-12-25,2026-02-01,3,Cancelled,Yes
1664,1664,Free,,0,2025-11-16,,0,Active,No
1665,1665,Free,,0,2025-04-24,,0,Active,No
1666,1666,Free,,0,2025-07-31,,0,Active,No
1667,1667,Basic,Monthly,20,2025-08-20,,0,Active,No
1668,1668,Free,,0,2025-07-24,,0,Active,No
1669,1669,Pro,Monthly,50,2025-01-16,,9,Active,No
1670,1670,Pro,Annual,50,2025-06-15,,8,Active,No
1671,1671,Basic,Annual,20,2025-07-26,2026-02-07,0,Cancelled,Yes
1672,1672,Free,,0,2025-11-22,,0,Active,No
1673,1673,Free,,0,2025-12-27,,0,Active,No
1674,1674,Free,,0,2025-08-07,,0,Active,No
1675,1675,Free,,0,2025-03-23,,0,Active,No
1676,1676,Basic,Monthly,20,2025-04-02,2025-11-15,7,Cancelled,No
1677,1677,Basic,Monthly,20,2025-07-14,2026-02-26,3,Cancelled,Yes
1678,1678,Free,,0,2025-12-30,,0,Active,No
1679,1679,Free,,0,2025-08-20,,0,Active,No
1680,1680,Free,,0,2025-05-22,,0,Active,No
1681,1681,Free,,0,2025-01-03,,0,Active,No
1682,1682,Pro,Monthly,50,2025-01-09,,0,Active,No
1683,1683,Free,,0,2025-12-08,,0,Active,No
1684,1684,Free,,0,2025-06-28,,0,Active,No
1685,1685,Pro,Monthly,50,2025-10-22,,7,Active,Yes
1686,1686,Free,,0,2025-09-15,,0,Active,No
1687,1687,Basic,Monthly,20,2025-06-05,,8,Active,Yes
1688,1688,Free,,0,2025-07-05,,0,Active,No
1689,1689,Basic,Monthly,20,2025-04-19,,3,Active,Yes
1690,1690,Free,,0,2025-12-28,,0,Active,No
1691,1691,Free,,0,2025-06-14,,0,Active,No
1692,1692,Free,,0,2025-12-29,,0,Active,No
1693,1693,Free,,0,2025-07-26,,0,Active,No
1694,1694,Free,,0,2025-10-30,,0,Active,No
1695,1695,Basic,Monthly,20,2025-09-09,,3,Active,Yes
1696,1696,Basic,Monthly,20,2025-01-22,,7,Active,Yes
1697,1697,Free,,0,2025-02-20,2025-07-29,0,Cancelled,No
1698,1698,Pro,Monthly,50,2025-12-14,,8,Active,Yes
1699,1699,Free,,0,2025-06-14,,0,Active,No
1700,1700,Free,,0,2025-05-08,,0,Active,No
1701,1701,Free,,0,2025-08-06,,0,Active,No
1702,1702,Basic,Monthly,20,2025-09-17,,4,Active,Yes
1703,1703,Free,,0,2025-03-23,,0,Active,No
1704,1704,Free,,0,2025-02-27,,0,Active,No
1705,1705,Free,,0,2025-03-11,,0,Active,No
1706,1706,Basic,Monthly,20,2025-06-12,,6,Active,Yes
1707,1707,Pro,Annual,50,2025-09-24,2025-12-16,1,Cancelled,Yes
1708,1708,Free,,0,2025-07-16,,0,Active,No
1709,1709,Free,,0,2025-11-27,2026-07-24,0,Cancelled,No
1710,1710,Pro,Monthly,50,2025-09-27,,2,Active,Yes
1711,1711,Basic,Monthly,20,2025-06-04,,1,Active,Yes
1712,1712,Free,,0,2025-11-28,,0,Active,No
1713,1713,Free,,0,2025-10-06,,0,Active,No
1714,1714,Free,,0,2025-07-12,,0,Active,No
1715,1715,Free,,0,2025-06-09,,0,Active,No
1716,1716,Free,,0,2025-12-15,,0,Active,No
1717,1717,Free,,0,2025-11-26,,0,Active,No
1718,1718,Free,,0,2025-12-20,,0,Active,No
1719,1719,Free,,0,2025-02-05,,0,Active,No
1720,1720,Free,,0,2025-04-04,2025-12-19,0,Cancelled,No
1721,1721,Free,,0,2025-07-17,,0,Active,No
1722,1722,Basic,Monthly,20,2025-04-25,,6,Active,Yes
1723,1723,Free,,0,2025-06-05,,0,Active,No
1724,1724,Free,,0,2025-06-10,2025-10-05,0,Cancelled,No
1725,1725,Basic,Monthly,20,2025-05-30,,10,Active,Yes
1726,1726,Basic,Annual,20,2025-07-11,2026-01-09,6,Cancelled,Yes
1727,1727,Free,,0,2025-08-12,,0,Active,No
1728,1728,Free,,0,2025-10-15,,0,Active,No
1729,1729,Pro,Annual,50,2025-12-15,,5,Active,No
1730,1730,Free,,0,2025-01-08,,0,Active,No
1731,1731,Free,,0,2025-12-02,,0,Active,No
1732,1732,Pro,Annual,50,2025-10-31,,0,Active,Yes
1733,1733,Basic,Monthly,20,2025-09-01,,9,Active,Yes
1734,1734,Free,,0,2025-08-27,,0,Active,No
1735,1735,Free,,0,2025-12-28,,0,Active,No
1736,1736,Free,,0,2025-04-06,,0,Active,No
1737,1737,Free,,0,2025-07-27,,0,Active,No
1738,1738,Free,,0,2025-08-26,2026-04-02,0,Cancelled,No
1739,1739,Free,,0,2025-10-02,2026-05-12,0,Cancelled,No
1740,1740,Basic,Monthly,20,2025-02-25,,8,Active,Yes
1741,1741,Basic,Monthly,20,2025-01-27,,6,Active,Yes
1742,1742,Free,,0,2025-10-13,,0,Active,No
1743,1743,Basic,Annual,20,2025-01-01,2025-08-28,5,Cancelled,Yes
1744,1744,Free,,0,2025-12-01,,0,Active,No
1745,1745,Basic,Annual,20,2025-11-28,,6,Active,No
1746,1746,Basic,Monthly,20,2025-09-19,,10,Active,No
1747,1747,Basic,Annual,20,2025-08-02,,10,Active,No
1748,1748,Free,,0,2025-07-15,,0,Active,No
1749,1749,Basic,Monthly,20,2025-12-01,,2,Active,No
1750,1750,Basic,Monthly,20,2025-09-16,,0,Active,Yes
1751,1751,Free,,0,2025-09-08,,0,Active,No
1752,1752,Pro,Monthly,50,2025-12-21,,3,Active,Yes
1753,1753,Basic,Monthly,20,2025-06-19,,5,Active,Yes
1754,1754,Free,,0,2025-03-10,,0,Active,No
1755,1755,Basic,Monthly,20,2025-03-20,,5,Active,Yes
1756,1756,Free,,0,2025-04-26,,0,Active,No
1757,1757,Free,,0,2025-02-12,,0,Active,No
1758,1758,Free,,0,2025-06-06,,0,Active,No
1759,1759,Free,,0,2025-01-03,,0,Active,No
1760,1760,Free,,0,2025-02-17,,0,Active,No
1761,1761,Pro,Monthly,50,2025-12-17,2026-09-22,5,Cancelled,Yes
1762,1762,Free,,0,2025-12-05,2026-09-20,0,Cancelled,No
1763,1763,Basic,Monthly,20,2025-03-19,,10,Active,Yes
1764,1764,Pro,Annual,50,2025-10-28,,5,Active,Yes
1765,1765,Free,,0,2025-03-02,,0,Active,No
1766,1766,Free,,0,2025-02-08,,0,Active,No
1767,1767,Free,,0,2025-03-24,2025-08-27,0,Cancelled,No
1768,1768,Pro,Monthly,50,2025-12-18,,9,Active,Yes
1769,1769,Free,,0,2025-01-25,2025-08-10,0,Cancelled,No
1770,1770,Basic,Annual,20,2025-11-01,2026-01-18,8,Cancelled,Yes
1771,1771,Basic,Monthly,20,2025-09-07,,10,Active,Yes
1772,1772,Pro,Monthly,50,2025-08-29,,1,Active,Yes
1773,1773,Free,,0,2025-12-02,,0,Active,No
1774,1774,Free,,0,2025-01-10,,0,Active,No
1775,1775,Free,,0,2025-08-18,,0,Active,No
1776,1776,Pro,Monthly,50,2025-05-19,,2,Active,Yes
1777,1777,Free,,0,2025-05-07,,0,Active,No
1778,1778,Pro,Monthly,50,2025-08-03,2026-01-29,3,Cancelled,Yes
1779,1779,Basic,Monthly,20,2025-08-19,,8,Active,Yes
1780,1780,Free,,0,2025-02-27,,0,Active,No
1781,1781,Pro,Monthly,50,2025-08-01,,2,Active,Yes
1782,1782,Free,,0,2025-05-23,2025-10-29,0,Cancelled,No
1783,1783,Free,,0,2025-11-25,,0,Active,No
1784,1784,Basic,Monthly,20,2025-07-03,,8,Active,Yes
1785,1785,Basic,Annual,20,2025-07-05,,10,Active,Yes
1786,1786,Basic,Monthly,20,2025-02-03,,1,Active,Yes
1787,1787,Basic,Annual,20,2025-09-13,,9,Active,Yes
1788,1788,Basic,Monthly,20,2025-09-22,,5,Active,Yes
1789,1789,Free,,0,2025-02-17,,0,Active,No
1790,1790,Free,,0,2025-12-15,,0,Active,No
1791,1791,Free,,0,2025-11-07,,0,Active,No
1792,1792,Pro,Annual,50,2025-11-20,,10,Active,Yes
1793,1793,Free,,0,2025-09-22,,0,Active,No
1794,1794,Pro,Monthly,50,2025-06-04,,8,Active,Yes
1795,1795,Pro,Monthly,50,2025-05-06,,3,Active,Yes
1796,1796,Free,,0,2025-07-24,,0,Active,No
1797,1797,Basic,Monthly,20,2025-07-11,,0,Active,Yes
1798,1798,Basic,Monthly,20,2025-05-12,,3,Active,Yes
1799,1799,Free,,0,2025-06-26,,0,Active,No
1800,1800,Pro,Annual,50,2025-05-07,,4,Active,Yes
1801,1801,Basic,Monthly,20,2025-04-01,,8,Active,Yes
1802,1802,Free,,0,2025-11-13,,0,Active,No
1803,1803,Free,,0,2025-06-27,,0,Active,No
1804,1804,Pro,Annual,50,2025-01-08,,8,Active,No
1805,1805,Free,,0,2025-09-19,,0,Active,No
1806,1806,Basic,Monthly,20,2025-12-06,,1,Active,Yes
1807,1807,Basic,Annual,20,2025-07-01,,2,Active,Yes
1808,1808,Free,,0,2025-08-23,,0,Active,No
1809,1809,Free,,0,2025-01-03,,0,Active,No
1810,1810,Free,,0,2025-04-03,2025-12-20,0,Cancelled,No
1811,1811,Free,,0,2025-05-27,2026-01-26,0,Cancelled,No
1812,1812,Free,,0,2025-09-28,,0,Active,No
1813,1813,Pro,Annual,50,2025-06-28,,8,Active,Yes
1814,1814,Basic,Monthly,20,2025-10-06,,5,Active,Yes
1815,1815,Basic,Monthly,20,2025-08-23,,3,Active,Yes
1816,1816,Basic,Monthly,20,2025-05-17,,10,Active,No
1817,1817,Basic,Monthly,20,2025-09-05,,2,Active,Yes
1818,1818,Free,,0,2025-02-12,2025-09-04,0,Cancelled,No
1819,1819,Free,,0,2025-04-15,,0,Active,No
1820,1820,Free,,0,2025-04-19,,0,Active,No
1821,1821,Free,,0,2025-07-17,,0,Active,No
1822,1822,Free,,0,2025-02-23,,0,Active,No
1823,1823,Free,,0,2025-05-02,,0,Active,No
1824,1824,Basic,Monthly,20,2025-02-14,,3,Active,No
1825,1825,Free,,0,2025-07-19,,0,Active,No
1826,1826,Basic,Monthly,20,2025-06-07,,10,Active,Yes
1827,1827,Free,,0,2025-07-17,,0,Active,No
1828,1828,Free,,0,2025-06-06,2025-08-20,0,Cancelled,No
1829,1829,Free,,0,2025-01-11,,0,Active,No
1830,1830,Basic,Monthly,20,2025-08-27,,4,Active,Yes
1831,1831,Pro,Monthly,50,2025-02-08,,10,Active,No
1832,1832,Basic,Monthly,20,2025-03-31,2025-09-17,8,Cancelled,Yes
1833,1833,Basic,Monthly,20,2025-01-03,,10,Active,Yes
1834,1834,Free,,0,2025-04-05,,0,Active,No
1835,1835,Basic,Monthly,20,2025-01-22,2025-09-22,8,Cancelled,Yes
1836,1836,Free,,0,2025-11-02,2026-06-09,0,Cancelled,No
1837,1837,Free,,0,2025-07-25,,0,Active,No
1838,1838,Free,,0,2025-06-25,,0,Active,No
1839,1839,Basic,Monthly,20,2025-09-19,,9,Active,Yes
1840,1840,Free,,0,2025-09-20,,0,Active,No
1841,1841,Free,,0,2025-08-11,2025-12-02,0,Cancelled,No
1842,1842,Free,,0,2025-05-16,,0,Active,No
1843,1843,Basic,Monthly,20,2025-07-30,,6,Active,Yes
1844,1844,Free,,0,2025-12-22,,0,Active,No
1845,1845,Basic,Monthly,20,2025-06-08,,1,Active,Yes
1846,1846,Free,,0,2025-01-07,2025-03-30,0,Cancelled,No
1847,1847,Free,,0,2025-03-20,,0,Active,No
1848,1848,Free,,0,2025-05-28,,0,Active,No
1849,1849,Free,,0,2025-05-10,,0,Active,No
1850,1850,Free,,0,2025-08-01,,0,Active,No
1851,1851,Basic,Annual,20,2025-07-21,,10,Active,Yes
1852,1852,Free,,0,2025-10-31,,0,Active,No
1853,1853,Free,,0,2025-08-22,,0,Active,No
1854,1854,Free,,0,2025-03-22,,0,Active,No
1855,1855,Basic,Monthly,20,2025-03-10,,3,Active,Yes
1856,1856,Basic,Monthly,20,2025-08-06,,4,Active,Yes
1857,1857,Free,,0,2025-04-25,,0,Active,No
1858,1858,Pro,Monthly,50,2025-02-14,2025-05-02,10,Cancelled,No
1859,1859,Basic,Monthly,20,2025-02-19,,10,Active,No
1860,1860,Free,,0,2025-03-21,,0,Active,No
1861,1861,Free,,0,2025-05-12,,0,Active,No
1862,1862,Basic,Annual,20,2025-12-29,,3,Active,Yes
1863,1863,Pro,Monthly,50,2025-11-08,,10,Active,Yes
1864,1864,Basic,Annual,20,2025-04-08,,4,Active,Yes
1865,1865,Free,,0,2025-08-18,,0,Active,No
1866,1866,Free,,0,2025-03-20,,0,Active,No
1867,1867,Basic,Monthly,20,2025-07-14,,1,Active,Yes
1868,1868,Free,,0,2025-08-17,,0,Active,No
1869,1869,Basic,Monthly,20,2025-04-22,,0,Active,Yes
1870,1870,Free,,0,2025-11-27,,0,Active,No
1871,1871,Free,,0,2025-03-19,,0,Active,No
1872,1872,Free,,0,2025-05-31,,0,Active,No
1873,1873,Free,,0,2025-12-27,,0,Active,No
1874,1874,Free,,0,2025-06-14,,0,Active,No
1875,1875,Free,,0,2025-03-30,,0,Active,No
1876,1876,Free,,0,2025-10-10,,0,Active,No
1877,1877,Free,,0,2025-12-11,,0,Active,No
1878,1878,Basic,Monthly,20,2025-12-24,,8,Active,Yes
1879,1879,Free,,0,2025-09-17,2026-02-08,0,Cancelled,No
1880,1880,Free,,0,2025-10-23,,0,Active,No
1881,1881,Basic,Monthly,20,2025-06-14,,1,Active,Yes
1882,1882,Pro,Monthly,50,2025-05-18,,1,Active,Yes
1883,1883,Basic,Annual,20,2025-06-10,,6,Active,Yes
1884,1884,Basic,Monthly,20,2025-09-20,2026-01-24,8,Cancelled,No
1885,1885,Free,,0,2025-12-13,,0,Active,No
1886,1886,Free,,0,2025-06-02,,0,Active,No
1887,1887,Free,,0,2025-12-27,,0,Active,No
1888,1888,Free,,0,2025-04-10,,0,Active,No
1889,1889,Basic,Monthly,20,2025-02-16,,3,Active,Yes
1890,1890,Pro,Annual,50,2025-05-21,,2,Active,Yes
1891,1891,Free,,0,2025-02-08,,0,Active,No
1892,1892,Free,,0,2025-01-14,,0,Active,No
1893,1893,Free,,0,2025-06-15,,0,Active,No
1894,1894,Free,,0,2025-11-20,,0,Active,No
1895,1895,Free,,0,2025-03-05,,0,Active,No
1896,1896,Free,,0,2025-12-05,,0,Active,No
1897,1897,Pro,Annual,50,2025-04-09,,10,Active,Yes
1898,1898,Free,,0,2025-02-18,,0,Active,No
1899,1899,Pro,Monthly,50,2025-10-14,,1,Active,Yes
1900,1900,Free,,0,2025-07-22,,0,Active,No
1901,1901,Free,,0,2025-06-04,2026-03-24,0,Cancelled,No
1902,1902,Free,,0,2025-05-14,,0,Active,No
1903,1903,Free,,0,2025-09-20,,0,Active,No
1904,1904,Free,,0,2025-10-10,,0,Active,No
1905,1905,Free,,0,2025-10-11,,0,Active,No
1906,1906,Free,,0,2025-07-29,,0,Active,No
1907,1907,Free,,0,2025-07-21,,0,Active,No
1908,1908,Pro,Annual,50,2025-03-26,,3,Active,No
1909,1909,Free,,0,2025-12-07,,0,Active,No
1910,1910,Basic,Monthly,20,2025-05-28,,0,Active,Yes
1911,1911,Free,,0,2025-09-22,,0,Active,No
1912,1912,Pro,Annual,50,2025-05-12,,0,Active,Yes
1913,1913,Free,,0,2025-11-29,,0,Active,No
1914,1914,Free,,0,2025-01-15,2025-06-11,0,Cancelled,No
1915,1915,Free,,0,2025-02-19,,0,Active,No
1916,1916,Free,,0,2025-07-10,,0,Active,No
1917,1917,Free,,0,2025-10-10,,0,Active,No
1918,1918,Pro,Monthly,50,2025-04-28,,0,Active,No
1919,1919,Free,,0,2025-08-26,,0,Active,No
1920,1920,Free,,0,2025-04-22,,0,Active,No
1921,1921,Free,,0,2025-04-30,,0,Active,No
1922,1922,Basic,Monthly,20,2025-11-17,,1,Active,Yes
1923,1923,Pro,Monthly,50,2025-10-23,,6,Active,Yes
1924,1924,Free,,0,2025-11-28,,0,Active,No
1925,1925,Basic,Monthly,20,2025-04-15,,10,Active,Yes
1926,1926,Free,,0,2025-08-06,2025-12-18,0,Cancelled,No
1927,1927,Pro,Monthly,50,2025-03-24,,0,Active,Yes
1928,1928,Pro,Monthly,50,2025-03-29,,1,Active,No
1929,1929,Free,,0,2025-08-04,,0,Active,No
1930,1930,Free,,0,2025-02-27,,0,Active,No
1931,1931,Basic,Monthly,20,2025-05-09,,4,Active,No
1932,1932,Free,,0,2025-07-23,,0,Active,No
1933,1933,Free,,0,2025-08-29,2026-03-08,0,Cancelled,No
1934,1934,Basic,Monthly,20,2025-11-11,2026-02-27,9,Cancelled,Yes
1935,1935,Basic,Monthly,20,2025-07-09,,7,Active,Yes
1936,1936,Basic,Monthly,20,2025-03-25,,10,Active,Yes
1937,1937,Basic,Monthly,20,2025-04-15,,10,Active,Yes
1938,1938,Basic,Monthly,20,2025-05-05,2025-07-19,0,Cancelled,Yes
1939,1939,Basic,Monthly,20,2025-12-09,,7,Active,Yes
1940,1940,Free,,0,2025-09-11,,0,Active,No
1941,1941,Pro,Monthly,50,2025-03-27,,7,Active,No
1942,1942,Pro,Monthly,50,2025-02-02,2025-04-14,7,Cancelled,Yes
1943,1943,Free,,0,2025-03-19,,0,Active,No
1944,1944,Free,,0,2025-05-25,,0,Active,No
1945,1945,Pro,Monthly,50,2025-11-15,,4,Active,No
1946,1946,Basic,Monthly,20,2025-01-05,2025-08-13,7,Cancelled,Yes
1947,1947,Free,,0,2025-02-22,,0,Active,No
1948,1948,Free,,0,2025-03-09,,0,Active,No
1949,1949,Pro,Monthly,50,2025-12-06,,10,Active,No
1950,1950,Free,,0,2025-10-22,,0,Active,No
1951,1951,Free,,0,2025-04-23,,0,Active,No
1952,1952,Free,,0,2025-06-29,,0,Active,No
1953,1953,Basic,Monthly,20,2025-08-03,,7,Active,No
1954,1954,Free,,0,2025-07-21,,0,Active,No
1955,1955,Free,,0,2025-06-11,,0,Active,No
1956,1956,Pro,Monthly,50,2025-10-05,,10,Active,No
1957,1957,Free,,0,2025-03-30,,0,Active,No
1958,1958,Free,,0,2025-11-14,,0,Active,No
1959,1959,Free,,0,2025-12-04,,0,Active,No
1960,1960,Free,,0,2025-11-01,,0,Active,No
1961,1961,Free,,0,2025-02-19,,0,Active,No
1962,1962,Free,,0,2025-04-01,2025-08-23,0,Cancelled,No
1963,1963,Free,,0,2025-02-23,,0,Active,No
1964,1964,Basic,Monthly,20,2025-11-01,,10,Active,Yes
1965,1965,Pro,Monthly,50,2025-07-21,,0,Active,Yes
1966,1966,Basic,Monthly,20,2025-02-27,,0,Active,Yes
1967,1967,Pro,Monthly,50,2025-04-30,,4,Active,Yes
1968,1968,Basic,Monthly,20,2025-03-26,,5,Active,Yes
1969,1969,Free,,0,2025-12-29,2026-02-04,0,Cancelled,No
1970,1970,Free,,0,2025-09-17,2026-02-24,0,Cancelled,No
1971,1971,Basic,Monthly,20,2025-10-16,2026-02-26,3,Cancelled,No
1972,1972,Free,,0,2025-11-12,2026-04-28,0,Cancelled,No
1973,1973,Free,,0,2025-04-25,,0,Active,No
1974,1974,Free,,0,2025-08-30,,0,Active,No
1975,1975,Free,,0,2025-10-03,,0,Active,No
1976,1976,Basic,Monthly,20,2025-11-15,,2,Active,Yes
1977,1977,Basic,Annual,20,2025-10-26,,1,Active,Yes
1978,1978,Free,,0,2025-12-26,,0,Active,No
1979,1979,Free,,0,2025-03-30,,0,Active,No
1980,1980,Basic,Monthly,20,2025-10-21,,10,Active,Yes
1981,1981,Basic,Annual,20,2025-12-22,,1,Active,No
1982,1982,Free,,0,2025-07-20,,0,Active,No
1983,1983,Free,,0,2025-02-17,,0,Active,No
1984,1984,Basic,Monthly,20,2025-10-15,,10,Active,No
1985,1985,Basic,Monthly,20,2025-10-09,,5,Active,Yes
1986,1986,Free,,0,2025-12-29,,0,Active,No
1987,1987,Pro,Annual,50,2025-06-10,,2,Active,No
1988,1988,Free,,0,2025-05-29,2025-10-30,0,Cancelled,No
1989,1989,Basic,Monthly,20,2025-07-27,2025-09-26,1,Cancelled,Yes
1990,1990,Free,,0,2025-06-15,,0,Active,No
1991,1991,Free,,0,2025-09-10,,0,Active,No
1992,1992,Free,,0,2025-12-02,,0,Active,No
1993,1993,Free,,0,2025-03-03,,0,Active,No
1994,1994,Basic,Monthly,20,2025-10-18,,2,Active,Yes
1995,1995,Pro,Monthly,50,2025-12-05,,8,Active,Yes
1996,1996,Free,,0,2025-11-26,,0,Active,No
1997,1997,Pro,Monthly,50,2025-11-12,,1,Active,Yes
1998,1998,Free,,0,2025-01-11,,0,Active,No
1999,1999,Pro,Monthly,50,2025-09-03,,9,Active,Yes
2000,2000,Free,,0,2025-10-24,2026-08-09,0,Cancelled,No
2001,2001,Free,,0,2025-06-03,,0,Active,No
2002,2002,Free,,0,2025-10-25,,0,Active,No
2003,2003,Free,,0,2025-07-29,,0,Active,No
2004,2004,Free,,0,2025-02-25,2025-11-09,0,Cancelled,No
2005,2005,Free,,0,2025-03-08,,0,Active,No
2006,2006,Pro,Monthly,50,2025-02-07,,0,Active,Yes
2007,2007,Free,,0,2025-01-13,,0,Active,No
2008,2008,Free,,0,2025-08-02,,0,Active,No
2009,2009,Free,,0,2025-09-19,,0,Active,No
2010,2010,Pro,Monthly,50,2025-02-04,2025-04-06,4,Cancelled,Yes
2011,2011,Basic,Monthly,20,2025-10-23,,5,Active,Yes
2012,2012,Free,,0,2025-11-06,,0,Active,No
2013,2013,Pro,Monthly,50,2025-01-30,,10,Active,Yes
2014,2014,Free,,0,2025-09-11,,0,Active,No
2015,2015,Pro,Monthly,50,2025-12-12,,7,Active,No
2016,2016,Pro,Monthly,50,2025-09-11,,0,Active,No
2017,2017,Free,,0,2025-11-12,,0,Active,No
2018,2018,Free,,0,2025-02-18,,0,Active,No
2019,2019,Free,,0,2025-03-30,,0,Active,No
2020,2020,Pro,Annual,50,2025-12-16,,2,Active,Yes
2021,2021,Free,,0,2025-04-05,,0,Active,No
2022,2022,Free,,0,2025-12-22,,0,Active,No
2023,2023,Pro,Annual,50,2025-04-23,,8,Active,Yes
2024,2024,Pro,Monthly,50,2025-07-29,,3,Active,Yes
2025,2025,Free,,0,2025-02-08,,0,Active,No
2026,2026,Basic,Annual,20,2025-11-05,,10,Active,Yes
2027,2027,Basic,Monthly,20,2025-06-11,,7,Active,Yes
2028,2028,Free,,0,2025-10-21,,0,Active,No
2029,2029,Basic,Annual,20,2025-10-29,,3,Active,Yes
2030,2030,Basic,Monthly,20,2025-01-05,,8,Active,Yes
2031,2031,Free,,0,2025-10-30,,0,Active,No
2032,2032,Free,,0,2025-12-17,,0,Active,No
2033,2033,Pro,Monthly,50,2025-08-26,,4,Active,Yes
2034,2034,Pro,Monthly,50,2025-03-10,,0,Active,Yes
2035,2035,Free,,0,2025-01-08,,0,Active,No
2036,2036,Basic,Monthly,20,2025-07-13,,0,Active,No
2037,2037,Free,,0,2025-01-05,,0,Active,No
2038,2038,Free,,0,2025-09-28,,0,Active,No
2039,2039,Free,,0,2025-02-06,2025-08-07,0,Cancelled,No
2040,2040,Basic,Monthly,20,2025-08-28,2026-02-16,6,Cancelled,Yes
2041,2041,Free,,0,2025-11-09,2026-05-27,0,Cancelled,No
2042,2042,Pro,Monthly,50,2025-02-04,,3,Active,No
2043,2043,Free,,0,2025-06-20,2025-07-25,0,Cancelled,No
2044,2044,Pro,Monthly,50,2025-06-18,,7,Active,Yes
2045,2045,Basic,Annual,20,2025-06-09,,9,Active,Yes
2046,2046,Free,,0,2025-12-13,,0,Active,No
2047,2047,Free,,0,2025-12-18,2026-09-01,0,Cancelled,No
2048,2048,Pro,Monthly,50,2025-08-05,,0,Active,Yes
2049,2049,Pro,Annual,50,2025-05-14,,10,Active,Yes
2050,2050,Free,,0,2025-01-11,,0,Active,No
2051,2051,Free,,0,2025-01-09,,0,Active,No
2052,2052,Free,,0,2025-09-24,,0,Active,No
2053,2053,Free,,0,2025-09-16,,0,Active,No
2054,2054,Free,,0,2025-06-21,,0,Active,No
2055,2055,Pro,Monthly,50,2025-01-27,,10,Active,Yes
2056,2056,Free,,0,2025-04-12,2025-10-30,0,Cancelled,No
2057,2057,Free,,0,2025-05-06,2025-07-07,0,Cancelled,No
2058,2058,Free,,0,2025-08-30,,0,Active,No
2059,2059,Basic,Annual,20,2025-05-04,2026-01-07,2,Cancelled,Yes
2060,2060,Free,,0,2025-05-11,,0,Active,No
2061,2061,Free,,0,2025-10-28,,0,Active,No
2062,2062,Pro,Monthly,50,2025-08-25,,2,Active,Yes
2063,2063,Basic,Monthly,20,2025-07-11,,10,Active,Yes
2064,2064,Pro,Annual,50,2025-07-31,,4,Active,Yes
2065,2065,Free,,0,2025-10-09,,0,Active,No
2066,2066,Basic,Monthly,20,2025-03-15,,5,Active,Yes
2067,2067,Free,,0,2025-11-01,,0,Active,No
2068,2068,Pro,Monthly,50,2025-02-23,,10,Active,Yes
2069,2069,Free,,0,2025-07-01,,0,Active,No
2070,2070,Free,,0,2025-03-21,,0,Active,No
2071,2071,Pro,Monthly,50,2025-08-25,,7,Active,Yes
2072,2072,Free,,0,2025-05-20,2026-01-21,0,Cancelled,No
2073,2073,Pro,Annual,50,2025-04-21,,4,Active,No
2074,2074,Free,,0,2025-03-17,,0,Active,No
2075,2075,Pro,Annual,50,2025-10-12,,6,Active,Yes
2076,2076,Free,,0,2025-03-27,,0,Active,No
2077,2077,Free,,0,2025-06-30,,0,Active,No
2078,2078,Basic,Annual,20,2025-09-26,,8,Active,No
2079,2079,Free,,0,2025-01-27,2025-05-27,0,Cancelled,No
2080,2080,Pro,Monthly,50,2025-02-28,,5,Active,No
2081,2081,Free,,0,2025-07-01,,0,Active,No
2082,2082,Free,,0,2025-07-21,2025-10-17,0,Cancelled,No
2083,2083,Free,,0,2025-11-16,,0,Active,No
2084,2084,Free,,0,2025-02-09,,0,Active,No
2085,2085,Free,,0,2025-09-09,2026-02-24,0,Cancelled,No
2086,2086,Pro,Monthly,50,2025-11-20,,8,Active,Yes
2087,2087,Free,,0,2025-07-31,,0,Active,No
2088,2088,Free,,0,2025-07-30,2026-01-06,0,Cancelled,No
2089,2089,Free,,0,2025-07-02,,0,Active,No
2090,2090,Free,,0,2025-02-07,,0,Active,No
2091,2091,Basic,Annual,20,2025-08-23,,1,Active,Yes
2092,2092,Basic,Monthly,20,2025-02-10,2025-07-25,5,Cancelled,Yes
2093,2093,Free,,0,2025-03-16,,0,Active,No
2094,2094,Basic,Monthly,20,2025-05-01,,2,Active,Yes
2095,2095,Basic,Monthly,20,2025-05-08,,7,Active,Yes
2096,2096,Pro,Monthly,50,2025-05-05,,8,Active,No
2097,2097,Basic,Annual,20,2025-12-08,,3,Active,Yes
2098,2098,Pro,Monthly,50,2025-03-06,,7,Active,Yes
2099,2099,Free,,0,2025-03-16,,0,Active,No
2100,2100,Free,,0,2025-03-13,,0,Active,No
2101,2101,Pro,Monthly,50,2025-04-30,,7,Active,Yes
2102,2102,Free,,0,2025-11-29,,0,Active,No
2103,2103,Basic,Annual,20,2025-04-04,,10,Active,Yes
2104,2104,Free,,0,2025-10-06,,0,Active,No
2105,2105,Free,,0,2025-08-26,,0,Active,No
2106,2106,Basic,Monthly,20,2025-10-20,,4,Active,Yes
2107,2107,Free,,0,2025-06-29,,0,Active,No
2108,2108,Free,,0,2025-07-26,2026-03-25,0,Cancelled,No
2109,2109,Free,,0,2025-03-21,,0,Active,No
2110,2110,Basic,Annual,20,2025-12-29,,2,Active,No
2111,2111,Free,,0,2025-02-17,,0,Active,No
2112,2112,Basic,Monthly,20,2025-04-26,,7,Active,Yes
2113,2113,Free,,0,2025-10-16,,0,Active,No
2114,2114,Pro,Annual,50,2025-10-27,2026-04-19,5,Cancelled,Yes
2115,2115,Free,,0,2025-02-27,2025-10-19,0,Cancelled,No
2116,2116,Free,,0,2025-09-14,,0,Active,No
2117,2117,Free,,0,2025-06-26,,0,Active,No
2118,2118,Free,,0,2025-07-15,,0,Active,No
2119,2119,Free,,0,2025-01-03,,0,Active,No
2120,2120,Free,,0,2025-11-02,2026-08-16,0,Cancelled,No
2121,2121,Free,,0,2025-02-25,2025-04-17,0,Cancelled,No
2122,2122,Free,,0,2025-05-31,,0,Active,No
2123,2123,Basic,Monthly,20,2025-08-22,,7,Active,Yes
2124,2124,Basic,Monthly,20,2025-05-14,,2,Active,Yes
2125,2125,Free,,0,2025-10-31,,0,Active,No
2126,2126,Free,,0,2025-08-14,,0,Active,No
2127,2127,Basic,Annual,20,2025-09-11,,6,Active,Yes
2128,2128,Free,,0,2025-07-29,,0,Active,No
2129,2129,Free,,0,2025-05-27,2026-02-02,0,Cancelled,No
2130,2130,Free,,0,2025-04-28,,0,Active,No
2131,2131,Free,,0,2025-09-19,,0,Active,No
2132,2132,Free,,0,2025-03-07,,0,Active,No
2133,2133,Free,,0,2025-09-10,,0,Active,No
2134,2134,Free,,0,2025-05-09,,0,Active,No
2135,2135,Pro,Monthly,50,2025-06-28,,7,Active,Yes
2136,2136,Free,,0,2025-04-29,,0,Active,No
2137,2137,Basic,Monthly,20,2025-07-15,,5,Active,Yes
2138,2138,Free,,0,2025-11-25,,0,Active,No
2139,2139,Pro,Monthly,50,2025-11-12,,2,Active,Yes
2140,2140,Pro,Annual,50,2025-09-12,,6,Active,No
2141,2141,Free,,0,2025-05-13,,0,Active,No
2142,2142,Free,,0,2025-01-17,,0,Active,No
2143,2143,Free,,0,2025-12-21,,0,Active,No
2144,2144,Basic,Annual,20,2025-12-18,,5,Active,Yes
2145,2145,Free,,0,2025-09-25,2026-01-04,0,Cancelled,No
2146,2146,Free,,0,2025-01-11,2025-05-08,0,Cancelled,No
2147,2147,Basic,Annual,20,2025-08-20,2026-01-03,4,Cancelled,Yes
2148,2148,Free,,0,2025-09-11,,0,Active,No
2149,2149,Free,,0,2025-08-29,,0,Active,No
2150,2150,Pro,Annual,50,2025-12-08,2026-04-05,8,Cancelled,Yes
2151,2151,Basic,Annual,20,2025-12-12,2026-03-07,6,Cancelled,Yes
2152,2152,Free,,0,2025-04-10,,0,Active,No
2153,2153,Free,,0,2025-12-17,,0,Active,No
2154,2154,Basic,Monthly,20,2025-05-22,,1,Active,Yes
2155,2155,Free,,0,2025-04-27,,0,Active,No
2156,2156,Free,,0,2025-12-09,,0,Active,No
2157,2157,Pro,Monthly,50,2025-06-03,,7,Active,Yes
2158,2158,Free,,0,2025-06-05,,0,Active,No
2159,2159,Pro,Monthly,50,2025-10-27,,6,Active,Yes
2160,2160,Free,,0,2025-12-30,,0,Active,No
2161,2161,Free,,0,2025-08-30,,0,Active,No
2162,2162,Free,,0,2025-11-22,,0,Active,No
2163,2163,Pro,Monthly,50,2025-08-11,,5,Active,No
2164,2164,Free,,0,2025-05-04,,0,Active,No
2165,2165,Basic,Monthly,20,2025-11-07,,9,Active,Yes
2166,2166,Free,,0,2025-09-06,2025-12-15,0,Cancelled,No
2167,2167,Free,,0,2025-05-09,,0,Active,No
2168,2168,Basic,Monthly,20,2025-05-18,,8,Active,Yes
2169,2169,Free,,0,2025-08-15,,0,Active,No
2170,2170,Pro,Monthly,50,2025-01-19,2025-07-21,10,Cancelled,Yes
2171,2171,Basic,Monthly,20,2025-11-17,,10,Active,Yes
2172,2172,Free,,0,2025-07-29,,0,Active,No
2173,2173,Basic,Annual,20,2025-09-13,,0,Active,Yes
2174,2174,Free,,0,2025-07-05,2025-11-26,0,Cancelled,No
2175,2175,Free,,0,2025-12-25,,0,Active,No
2176,2176,Free,,0,2025-12-28,,0,Active,No
2177,2177,Free,,0,2025-01-08,2025-05-26,0,Cancelled,No
2178,2178,Free,,0,2025-11-19,,0,Active,No
2179,2179,Pro,Monthly,50,2025-06-28,2025-12-03,4,Cancelled,Yes
2180,2180,Basic,Monthly,20,2025-09-16,,7,Active,Yes
2181,2181,Free,,0,2025-11-27,,0,Active,No
2182,2182,Free,,0,2025-03-03,,0,Active,No
2183,2183,Basic,Monthly,20,2025-04-11,,0,Active,No
2184,2184,Pro,Monthly,50,2025-08-14,,6,Active,Yes
2185,2185,Pro,Monthly,50,2025-07-28,,9,Active,No
2186,2186,Basic,Monthly,20,2025-12-05,,8,Active,Yes
2187,2187,Basic,Monthly,20,2025-02-05,,3,Active,Yes
2188,2188,Basic,Annual,20,2025-06-30,,10,Active,Yes
2189,2189,Free,,0,2025-12-02,2026-02-08,0,Cancelled,No
2190,2190,Basic,Annual,20,2025-08-31,,4,Active,Yes
2191,2191,Pro,Monthly,50,2025-08-19,,4,Active,Yes
2192,2192,Free,,0,2025-06-07,,0,Active,No
2193,2193,Free,,0,2025-02-22,,0,Active,No
2194,2194,Free,,0,2025-11-20,,0,Active,No
2195,2195,Free,,0,2025-09-22,,0,Active,No
2196,2196,Free,,0,2025-04-06,2025-12-11,0,Cancelled,No
2197,2197,Basic,Annual,20,2025-04-02,,9,Active,Yes
2198,2198,Free,,0,2025-10-16,,0,Active,No
2199,2199,Free,,0,2025-08-30,2025-11-03,0,Cancelled,No
2200,2200,Basic,Monthly,20,2025-08-21,,1,Active,Yes
2201,2201,Pro,Monthly,50,2025-12-11,2026-03-25,4,Cancelled,Yes
2202,2202,Pro,Annual,50,2025-02-06,,3,Active,Yes
2203,2203,Free,,0,2025-06-04,,0,Active,No
2204,2204,Free,,0,2025-12-02,,0,Active,No
2205,2205,Basic,Monthly,20,2025-11-14,,0,Active,Yes
2206,2206,Basic,Monthly,20,2025-03-05,,6,Active,Yes
2207,2207,Free,,0,2025-03-11,,0,Active,No
2208,2208,Free,,0,2025-06-01,,0,Active,No
2209,2209,Free,,0,2025-05-24,2026-02-10,0,Cancelled,No
2210,2210,Free,,0,2025-10-31,2025-12-02,0,Cancelled,No
2211,2211,Basic,Monthly,20,2025-11-30,,8,Active,Yes
2212,2212,Free,,0,2025-02-14,,0,Active,No
2213,2213,Pro,Monthly,50,2025-07-05,,9,Active,Yes
2214,2214,Basic,Monthly,20,2025-08-29,2026-02-03,4,Cancelled,Yes
2215,2215,Basic,Monthly,20,2025-10-10,,3,Active,Yes
2216,2216,Pro,Monthly,50,2025-10-10,,3,Active,Yes
2217,2217,Free,,0,2025-07-06,,0,Active,No
2218,2218,Free,,0,2025-04-21,,0,Active,No
2219,2219,Free,,0,2025-05-17,,0,Active,No
2220,2220,Basic,Monthly,20,2025-04-26,2025-12-02,8,Cancelled,Yes
2221,2221,Free,,0,2025-12-16,,0,Active,No
2222,2222,Free,,0,2025-12-16,2026-07-12,0,Cancelled,No
2223,2223,Free,,0,2025-11-13,,0,Active,No
2224,2224,Free,,0,2025-09-20,,0,Active,No
2225,2225,Pro,Monthly,50,2025-06-14,,5,Active,Yes
2226,2226,Free,,0,2025-07-27,,0,Active,No
2227,2227,Basic,Monthly,20,2025-09-05,,5,Active,Yes
2228,2228,Free,,0,2025-09-30,,0,Active,No
2229,2229,Free,,0,2025-10-25,,0,Active,No
2230,2230,Free,,0,2025-02-15,,0,Active,No
2231,2231,Pro,Annual,50,2025-05-12,,8,Active,Yes
2232,2232,Free,,0,2025-12-13,,0,Active,No
2233,2233,Free,,0,2025-05-07,,0,Active,No
2234,2234,Basic,Monthly,20,2025-11-24,,1,Active,Yes
2235,2235,Free,,0,2025-05-20,2025-07-22,0,Cancelled,No
2236,2236,Free,,0,2025-11-17,,0,Active,No
2237,2237,Free,,0,2025-08-09,2026-04-30,0,Cancelled,No
2238,2238,Free,,0,2025-04-30,,0,Active,No
2239,2239,Free,,0,2025-06-17,,0,Active,No
2240,2240,Basic,Annual,20,2025-11-29,,0,Active,Yes
2241,2241,Free,,0,2025-05-11,2025-10-03,0,Cancelled,No
2242,2242,Free,,0,2025-07-14,,0,Active,No
2243,2243,Free,,0,2025-08-14,,0,Active,No
2244,2244,Free,,0,2025-10-04,,0,Active,No
2245,2245,Free,,0,2025-01-06,,0,Active,No
2246,2246,Free,,0,2025-09-21,2026-02-25,0,Cancelled,No
2247,2247,Free,,0,2025-10-21,,0,Active,No
2248,2248,Basic,Annual,20,2025-03-09,,10,Active,Yes
2249,2249,Pro,Monthly,50,2025-04-04,,5,Active,Yes
2250,2250,Pro,Annual,50,2025-12-08,,0,Active,Yes
2251,2251,Free,,0,2025-03-20,2025-05-25,0,Cancelled,No
2252,2252,Basic,Annual,20,2025-04-23,,10,Active,Yes
2253,2253,Basic,Monthly,20,2025-08-06,,0,Active,Yes
2254,2254,Free,,0,2025-03-04,2025-06-07,0,Cancelled,No
2255,2255,Free,,0,2025-10-06,,0,Active,No
2256,2256,Free,,0,2025-10-15,,0,Active,No
2257,2257,Free,,0,2025-09-22,,0,Active,No
2258,2258,Free,,0,2025-08-22,,0,Active,No
2259,2259,Pro,Monthly,50,2025-07-06,2025-09-19,8,Cancelled,Yes
2260,2260,Free,,0,2025-09-09,,0,Active,No
2261,2261,Pro,Monthly,50,2025-09-16,,2,Active,Yes
2262,2262,Free,,0,2025-04-22,,0,Active,No
2263,2263,Free,,0,2025-03-12,,0,Active,No
2264,2264,Basic,Monthly,20,2025-11-12,,0,Active,No
2265,2265,Free,,0,2025-09-05,,0,Active,No
2266,2266,Basic,Monthly,20,2025-03-30,,3,Active,Yes
2267,2267,Basic,Monthly,20,2025-12-20,,0,Active,Yes
2268,2268,Free,,0,2025-04-18,,0,Active,No
2269,2269,Free,,0,2025-05-02,,0,Active,No
2270,2270,Basic,Monthly,20,2025-12-30,,8,Active,Yes
2271,2271,Free,,0,2025-12-28,,0,Active,No
2272,2272,Pro,Annual,50,2025-02-17,,3,Active,No
2273,2273,Free,,0,2025-04-27,,0,Active,No
2274,2274,Free,,0,2025-12-30,,0,Active,No
2275,2275,Free,,0,2025-01-11,,0,Active,No
2276,2276,Free,,0,2025-01-30,,0,Active,No
2277,2277,Free,,0,2025-07-07,2025-10-26,0,Cancelled,No
2278,2278,Free,,0,2025-05-27,2025-10-14,0,Cancelled,No
2279,2279,Basic,Monthly,20,2025-11-06,,0,Active,Yes
2280,2280,Pro,Monthly,50,2025-06-16,,0,Active,Yes
2281,2281,Free,,0,2025-05-22,,0,Active,No
2282,2282,Free,,0,2025-08-27,,0,Active,No
2283,2283,Free,,0,2025-02-15,,0,Active,No
2284,2284,Free,,0,2025-05-20,,0,Active,No
2285,2285,Basic,Annual,20,2025-01-17,,3,Active,No
2286,2286,Pro,Annual,50,2025-10-12,,5,Active,No
2287,2287,Pro,Monthly,50,2025-10-13,,9,Active,Yes
2288,2288,Pro,Annual,50,2025-02-27,,3,Active,Yes
2289,2289,Free,,0,2025-09-16,,0,Active,No
2290,2290,Basic,Monthly,20,2025-10-18,,7,Active,Yes
2291,2291,Free,,0,2025-01-28,,0,Active,No
2292,2292,Free,,0,2025-07-26,,0,Active,No
2293,2293,Free,,0,2025-05-13,2025-07-17,0,Cancelled,No
2294,2294,Pro,Annual,50,2025-07-19,,10,Active,Yes
2295,2295,Basic,Annual,20,2025-11-07,,7,Active,Yes
2296,2296,Pro,Annual,50,2025-11-09,,8,Active,Yes
2297,2297,Free,,0,2025-08-23,,0,Active,No
2298,2298,Free,,0,2025-11-28,,0,Active,No
2299,2299,Basic,Monthly,20,2025-09-14,,6,Active,Yes
2300,2300,Basic,Monthly,20,2025-01-12,,3,Active,Yes
2301,2301,Basic,Annual,20,2025-10-20,,10,Active,Yes
2302,2302,Basic,Monthly,20,2025-07-13,,10,Active,No
2303,2303,Pro,Monthly,50,2025-07-08,,9,Active,Yes
2304,2304,Free,,0,2025-11-10,,0,Active,No
2305,2305,Basic,Monthly,20,2025-01-18,2025-10-23,4,Cancelled,Yes
2306,2306,Pro,Monthly,50,2025-06-01,,0,Active,No
2307,2307,Free,,0,2025-06-20,2025-10-26,0,Cancelled,No
2308,2308,Basic,Monthly,20,2025-04-30,,3,Active,Yes
2309,2309,Free,,0,2025-10-01,,0,Active,No
2310,2310,Free,,0,2025-10-15,,0,Active,No
2311,2311,Free,,0,2025-09-10,,0,Active,No
2312,2312,Free,,0,2025-10-20,,0,Active,No
2313,2313,Free,,0,2025-02-17,2025-05-27,0,Cancelled,No
2314,2314,Basic,Annual,20,2025-11-08,,3,Active,Yes
2315,2315,Pro,Monthly,50,2025-03-25,2025-10-25,3,Cancelled,Yes
2316,2316,Free,,0,2025-10-25,,0,Active,No
2317,2317,Pro,Monthly,50,2025-09-15,,5,Active,Yes
2318,2318,Basic,Monthly,20,2025-01-26,,3,Active,Yes
2319,2319,Free,,0,2025-01-30,,0,Active,No
2320,2320,Free,,0,2025-08-15,2025-11-05,0,Cancelled,No
2321,2321,Pro,Annual,50,2025-04-24,,8,Active,No
2322,2322,Free,,0,2025-12-13,,0,Active,No
2323,2323,Free,,0,2025-10-20,,0,Active,No
2324,2324,Basic,Monthly,20,2025-12-13,,3,Active,No
2325,2325,Free,,0,2025-06-11,,0,Active,No
2326,2326,Free,,0,2025-11-05,,0,Active,No
2327,2327,Free,,0,2025-04-09,2025-12-07,0,Cancelled,No
2328,2328,Pro,Monthly,50,2025-12-08,,4,Active,Yes
2329,2329,Free,,0,2025-05-05,,0,Active,No
2330,2330,Free,,0,2025-09-11,,0,Active,No
2331,2331,Free,,0,2025-10-04,2026-06-17,0,Cancelled,No
2332,2332,Pro,Annual,50,2025-06-15,2025-10-10,1,Cancelled,No
2333,2333,Pro,Monthly,50,2025-01-04,,8,Active,No
2334,2334,Free,,0,2025-03-20,2025-08-30,0,Cancelled,No
2335,2335,Pro,Monthly,50,2025-10-31,,2,Active,No
2336,2336,Free,,0,2025-04-03,,0,Active,No
2337,2337,Pro,Monthly,50,2025-04-05,2026-01-25,1,Cancelled,Yes
2338,2338,Free,,0,2025-07-07,,0,Active,No
2339,2339,Free,,0,2025-03-24,,0,Active,No
2340,2340,Basic,Monthly,20,2025-03-31,,1,Active,Yes
2341,2341,Free,,0,2025-03-16,,0,Active,No
2342,2342,Free,,0,2025-10-07,,0,Active,No
2343,2343,Free,,0,2025-11-06,,0,Active,No
2344,2344,Pro,Monthly,50,2025-05-13,,9,Active,Yes
2345,2345,Free,,0,2025-03-03,,0,Active,No
2346,2346,Free,,0,2025-07-25,,0,Active,No
2347,2347,Basic,Monthly,20,2025-01-11,,4,Active,Yes
2348,2348,Free,,0,2025-02-15,,0,Active,No
2349,2349,Free,,0,2025-04-28,,0,Active,No
2350,2350,Basic,Annual,20,2025-01-11,,6,Active,Yes
2351,2351,Free,,0,2025-06-15,,0,Active,No
2352,2352,Basic,Monthly,20,2025-12-06,,7,Active,Yes
2353,2353,Free,,0,2025-03-07,,0,Active,No
2354,2354,Free,,0,2025-06-19,2026-03-09,0,Cancelled,No
2355,2355,Free,,0,2025-01-20,,0,Active,No
2356,2356,Pro,Annual,50,2025-08-21,2026-06-09,6,Cancelled,No
2357,2357,Basic,Monthly,20,2025-06-01,,2,Active,Yes
2358,2358,Free,,0,2025-10-03,,0,Active,No
2359,2359,Free,,0,2025-06-10,,0,Active,No
2360,2360,Free,,0,2025-01-27,2025-06-26,0,Cancelled,No
2361,2361,Pro,Monthly,50,2025-09-12,2025-12-13,0,Cancelled,No
2362,2362,Basic,Monthly,20,2025-06-20,,3,Active,Yes
2363,2363,Pro,Monthly,50,2025-03-08,,4,Active,Yes
2364,2364,Free,,0,2025-07-01,,0,Active,No
2365,2365,Free,,0,2025-09-09,2026-02-25,0,Cancelled,No
2366,2366,Free,,0,2025-11-27,,0,Active,No
2367,2367,Free,,0,2025-10-23,2026-05-11,0,Cancelled,No
2368,2368,Basic,Monthly,20,2025-03-17,,0,Active,Yes
2369,2369,Free,,0,2025-02-16,2025-07-12,0,Cancelled,No
2370,2370,Free,,0,2025-06-04,,0,Active,No
2371,2371,Basic,Monthly,20,2025-01-29,,6,Active,Yes
2372,2372,Basic,Monthly,20,2025-08-08,,1,Active,Yes
2373,2373,Free,,0,2025-06-16,,0,Active,No
2374,2374,Free,,0,2025-02-18,,0,Active,No
2375,2375,Free,,0,2025-11-11,,0,Active,No
2376,2376,Basic,Monthly,20,2025-09-05,,1,Active,Yes
2377,2377,Free,,0,2025-07-03,,0,Active,No
2378,2378,Free,,0,2025-05-04,,0,Active,No
2379,2379,Pro,Annual,50,2025-11-13,2026-08-09,9,Cancelled,Yes
2380,2380,Free,,0,2025-03-18,,0,Active,No
2381,2381,Pro,Monthly,50,2025-09-05,,0,Active,Yes
2382,2382,Free,,0,2025-11-05,2026-03-08,0,Cancelled,No
2383,2383,Free,,0,2025-08-13,,0,Active,No
2384,2384,Pro,Monthly,50,2025-11-22,2026-05-03,1,Cancelled,No
2385,2385,Free,,0,2025-04-16,2025-07-25,0,Cancelled,No
2386,2386,Pro,Monthly,50,2025-10-11,,2,Active,Yes
2387,2387,Free,,0,2025-02-24,2025-05-24,0,Cancelled,No
2388,2388,Free,,0,2025-03-03,,0,Active,No
2389,2389,Basic,Monthly,20,2025-03-20,,0,Active,Yes
2390,2390,Free,,0,2025-05-19,,0,Active,No
2391,2391,Basic,Monthly,20,2025-02-20,,8,Active,Yes
2392,2392,Free,,0,2025-04-28,,0,Active,No
2393,2393,Free,,0,2025-09-14,,0,Active,No
2394,2394,Free,,0,2025-04-20,,0,Active,No
2395,2395,Free,,0,2025-07-15,,0,Active,No
2396,2396,Pro,Monthly,50,2025-08-11,,3,Active,No
2397,2397,Free,,0,2025-02-18,,0,Active,No
2398,2398,Pro,Monthly,50,2025-02-10,,4,Active,Yes
2399,2399,Basic,Monthly,20,2025-07-23,,2,Active,Yes
2400,2400,Pro,Monthly,50,2025-11-15,,0,Active,Yes
2401,2401,Free,,0,2025-05-10,,0,Active,No
2402,2402,Basic,Monthly,20,2025-10-02,,6,Active,No
2403,2403,Basic,Annual,20,2025-07-12,,5,Active,No
2404,2404,Free,,0,2025-07-31,2025-10-27,0,Cancelled,No
2405,2405,Basic,Monthly,20,2025-09-25,,9,Active,Yes
2406,2406,Free,,0,2025-11-02,,0,Active,No
2407,2407,Free,,0,2025-11-15,,0,Active,No
2408,2408,Basic,Annual,20,2025-12-03,2026-07-19,1,Cancelled,No
2409,2409,Free,,0,2025-04-15,,0,Active,No
2410,2410,Free,,0,2025-11-12,,0,Active,No
2411,2411,Free,,0,2025-09-21,,0,Active,No
2412,2412,Free,,0,2025-01-06,,0,Active,No
2413,2413,Free,,0,2025-11-30,2026-03-12,0,Cancelled,No
2414,2414,Free,,0,2025-02-12,,0,Active,No
2415,2415,Basic,Monthly,20,2025-09-23,,5,Active,Yes
2416,2416,Free,,0,2025-07-24,,0,Active,No
2417,2417,Basic,Monthly,20,2025-01-21,2025-11-02,9,Cancelled,Yes
2418,2418,Free,,0,2025-05-26,,0,Active,No
2419,2419,Free,,0,2025-11-15,,0,Active,No
2420,2420,Basic,Monthly,20,2025-05-28,,7,Active,No
2421,2421,Free,,0,2025-11-16,,0,Active,No
2422,2422,Free,,0,2025-05-05,,0,Active,No
2423,2423,Pro,Annual,50,2025-06-27,,0,Active,Yes
2424,2424,Basic,Annual,20,2025-06-21,,5,Active,Yes
2425,2425,Free,,0,2025-06-21,,0,Active,No
2426,2426,Free,,0,2025-02-22,2025-08-09,0,Cancelled,No
2427,2427,Pro,Annual,50,2025-07-06,2025-08-12,10,Cancelled,No
2428,2428,Free,,0,2025-07-04,,0,Active,No
2429,2429,Free,,0,2025-08-08,,0,Active,No
2430,2430,Basic,Monthly,20,2025-08-24,2026-02-09,3,Cancelled,Yes
2431,2431,Free,,0,2025-03-29,,0,Active,No
2432,2432,Free,,0,2025-06-02,,0,Active,No
2433,2433,Free,,0,2025-08-12,,0,Active,No
2434,2434,Pro,Monthly,50,2025-06-06,,3,Active,Yes
2435,2435,Basic,Monthly,20,2025-04-06,,8,Active,Yes
2436,2436,Free,,0,2025-07-22,,0,Active,No
2437,2437,Free,,0,2025-07-31,,0,Active,No
2438,2438,Free,,0,2025-10-17,,0,Active,No
2439,2439,Free,,0,2025-01-29,,0,Active,No
2440,2440,Pro,Monthly,50,2025-09-22,2026-01-23,8,Cancelled,Yes
2441,2441,Basic,Monthly,20,2025-05-28,,3,Active,No
2442,2442,Free,,0,2025-12-21,,0,Active,No
2443,2443,Basic,Annual,20,2025-09-24,,6,Active,Yes
2444,2444,Pro,Annual,50,2025-02-02,,5,Active,Yes
2445,2445,Free,,0,2025-10-27,,0,Active,No
2446,2446,Pro,Monthly,50,2025-01-31,,2,Active,Yes
2447,2447,Free,,0,2025-06-26,,0,Active,No
2448,2448,Free,,0,2025-08-20,2026-03-06,0,Cancelled,No
2449,2449,Free,,0,2025-05-08,,0,Active,No
2450,2450,Basic,Monthly,20,2025-07-12,,9,Active,No
2451,2451,Basic,Annual,20,2025-10-06,2026-02-07,3,Cancelled,Yes
2452,2452,Free,,0,2025-03-14,2025-06-19,0,Cancelled,No
2453,2453,Free,,0,2025-04-12,,0,Active,No
2454,2454,Basic,Annual,20,2025-01-19,,8,Active,Yes
2455,2455,Free,,0,2025-11-29,2026-05-29,0,Cancelled,No
2456,2456,Free,,0,2025-01-07,,0,Active,No
2457,2457,Pro,Annual,50,2025-02-26,,9,Active,Yes
2458,2458,Pro,Monthly,50,2025-08-27,,2,Active,Yes
2459,2459,Pro,Annual,50,2025-01-27,,4,Active,No
2460,2460,Basic,Monthly,20,2025-08-26,,6,Active,Yes
2461,2461,Basic,Monthly,20,2025-05-13,,3,Active,Yes
2462,2462,Pro,Monthly,50,2025-11-11,,7,Active,Yes
2463,2463,Basic,Annual,20,2025-12-14,,8,Active,Yes
2464,2464,Basic,Annual,20,2025-08-06,,7,Active,No
2465,2465,Basic,Monthly,20,2025-07-18,2026-01-16,8,Cancelled,Yes
2466,2466,Free,,0,2025-10-21,,0,Active,No
2467,2467,Pro,Monthly,50,2025-06-07,2025-12-28,8,Cancelled,Yes
2468,2468,Basic,Monthly,20,2025-10-30,,10,Active,Yes
2469,2469,Basic,Monthly,20,2025-11-24,,5,Active,Yes
2470,2470,Free,,0,2025-04-15,2025-07-30,0,Cancelled,No
2471,2471,Free,,0,2025-04-01,,0,Active,No
2472,2472,Basic,Annual,20,2025-10-28,,0,Active,Yes
2473,2473,Basic,Monthly,20,2025-06-07,,7,Active,Yes
2474,2474,Free,,0,2025-12-22,,0,Active,No
2475,2475,Free,,0,2025-08-31,,0,Active,No
2476,2476,Free,,0,2025-01-28,,0,Active,No
2477,2477,Basic,Monthly,20,2025-04-03,,6,Active,No
2478,2478,Pro,Monthly,50,2025-02-22,,4,Active,Yes
2479,2479,Basic,Annual,20,2025-10-12,,7,Active,No
2480,2480,Free,,0,2025-09-29,,0,Active,No
2481,2481,Basic,Annual,20,2025-03-19,,10,Active,No
2482,2482,Free,,0,2025-10-16,,0,Active,No
2483,2483,Pro,Monthly,50,2025-02-16,,7,Active,Yes
2484,2484,Free,,0,2025-07-17,2025-09-16,0,Cancelled,No
2485,2485,Free,,0,2025-01-06,,0,Active,No
2486,2486,Pro,Monthly,50,2025-05-23,,3,Active,Yes
2487,2487,Free,,0,2025-01-17,,0,Active,No
2488,2488,Free,,0,2025-08-24,,0,Active,No
2489,2489,Pro,Annual,50,2025-08-16,,7,Active,Yes
2490,2490,Basic,Monthly,20,2025-04-18,,1,Active,Yes
2491,2491,Basic,Monthly,20,2025-10-22,,4,Active,Yes
2492,2492,Free,,0,2025-11-15,,0,Active,No
2493,2493,Basic,Monthly,20,2025-12-13,,0,Active,Yes
2494,2494,Basic,Annual,20,2025-07-27,,5,Active,Yes
2495,2495,Free,,0,2025-05-27,,0,Active,No
2496,2496,Free,,0,2025-01-27,,0,Active,No
2497,2497,Free,,0,2025-03-19,,0,Active,No
2498,2498,Free,,0,2025-02-11,,0,Active,No
2499,2499,Free,,0,2025-02-03,,0,Active,No
2500,2500,Free,,0,2025-05-15,,0,Active,No
2501,2501,Free,,0,2025-11-09,,0,Active,No
2502,2502,Free,,0,2025-08-23,,0,Active,No
2503,2503,Free,,0,2025-09-09,,0,Active,No
2504,2504,Basic,Monthly,20,2025-01-09,,9,Active,Yes
2505,2505,Pro,Annual,50,2025-03-20,2025-05-25,5,Cancelled,Yes
2506,2506,Free,,0,2025-08-19,,0,Active,No
2507,2507,Free,,0,2025-03-31,,0,Active,No
2508,2508,Free,,0,2025-01-27,,0,Active,No
2509,2509,Free,,0,2025-01-29,,0,Active,No
2510,2510,Basic,Monthly,20,2025-03-05,,7,Active,Yes
2511,2511,Free,,0,2025-09-05,,0,Active,No
2512,2512,Free,,0,2025-01-29,,0,Active,No
2513,2513,Free,,0,2025-06-10,,0,Active,No
2514,2514,Free,,0,2025-01-10,,0,Active,No
2515,2515,Free,,0,2025-11-09,,0,Active,No
2516,2516,Pro,Monthly,50,2025-08-05,,0,Active,Yes
2517,2517,Free,,0,2025-03-16,,0,Active,No
2518,2518,Free,,0,2025-12-20,,0,Active,No
2519,2519,Free,,0,2025-09-28,,0,Active,No
2520,2520,Free,,0,2025-11-26,,0,Active,No
2521,2521,Free,,0,2025-03-20,,0,Active,No
2522,2522,Pro,Monthly,50,2025-02-07,,6,Active,No
2523,2523,Basic,Annual,20,2025-08-02,,3,Active,Yes
2524,2524,Basic,Annual,20,2025-12-29,,2,Active,Yes
2525,2525,Free,,0,2025-09-16,,0,Active,No
2526,2526,Free,,0,2025-06-24,,0,Active,No
2527,2527,Free,,0,2025-08-09,,0,Active,No
2528,2528,Free,,0,2025-07-31,,0,Active,No
2529,2529,Basic,Monthly,20,2025-09-09,,6,Active,Yes
2530,2530,Free,,0,2025-11-17,,0,Active,No
2531,2531,Free,,0,2025-09-21,2025-12-26,0,Cancelled,No
2532,2532,Free,,0,2025-09-19,,0,Active,No
2533,2533,Pro,Annual,50,2025-11-11,,10,Active,Yes
2534,2534,Basic,Monthly,20,2025-09-02,,7,Active,Yes
2535,2535,Pro,Monthly,50,2025-04-27,,0,Active,Yes
2536,2536,Free,,0,2025-09-21,,0,Active,No
2537,2537,Basic,Monthly,20,2025-05-21,,10,Active,No
2538,2538,Free,,0,2025-03-29,,0,Active,No
2539,2539,Basic,Annual,20,2025-05-28,2025-07-04,2,Cancelled,Yes
2540,2540,Basic,Annual,20,2025-09-22,,9,Active,Yes
2541,2541,Basic,Monthly,20,2025-10-05,,1,Active,Yes
2542,2542,Free,,0,2025-05-11,,0,Active,No
2543,2543,Free,,0,2025-04-09,2026-01-05,0,Cancelled,No
2544,2544,Free,,0,2025-10-10,,0,Active,No
2545,2545,Free,,0,2025-12-07,,0,Active,No
2546,2546,Free,,0,2025-01-11,2025-02-15,0,Cancelled,No
2547,2547,Free,,0,2025-03-08,,0,Active,No
2548,2548,Free,,0,2025-12-09,2026-06-11,0,Cancelled,No
2549,2549,Basic,Annual,20,2025-06-23,,9,Active,Yes
2550,2550,Free,,0,2025-10-28,,0,Active,No
2551,2551,Free,,0,2025-11-28,,0,Active,No
2552,2552,Free,,0,2025-01-20,,0,Active,No
2553,2553,Pro,Monthly,50,2025-03-19,2025-11-21,1,Cancelled,Yes
2554,2554,Free,,0,2025-03-01,,0,Active,No
2555,2555,Free,,0,2025-12-10,,0,Active,No
2556,2556,Free,,0,2025-10-17,,0,Active,No
2557,2557,Basic,Monthly,20,2025-08-13,,10,Active,No
2558,2558,Pro,Monthly,50,2025-08-12,2025-10-25,7,Cancelled,Yes
2559,2559,Free,,0,2025-06-03,2025-11-06,0,Cancelled,No
2560,2560,Basic,Annual,20,2025-04-11,,9,Active,No
2561,2561,Free,,0,2025-02-07,2025-11-20,0,Cancelled,No
2562,2562,Free,,0,2025-02-18,,0,Active,No
2563,2563,Free,,0,2025-01-22,,0,Active,No
2564,2564,Pro,Monthly,50,2025-03-09,,8,Active,Yes
2565,2565,Free,,0,2025-06-06,,0,Active,No
2566,2566,Free,,0,2025-09-24,,0,Active,No
2567,2567,Free,,0,2025-12-12,,0,Active,No
2568,2568,Free,,0,2025-07-15,,0,Active,No
2569,2569,Free,,0,2025-08-06,,0,Active,No
2570,2570,Basic,Monthly,20,2025-05-21,,7,Active,Yes
2571,2571,Basic,Monthly,20,2025-03-06,2025-12-02,2,Cancelled,Yes
2572,2572,Basic,Monthly,20,2025-12-20,2026-05-01,5,Cancelled,No
2573,2573,Free,,0,2025-01-15,,0,Active,No
2574,2574,Free,,0,2025-07-05,2025-08-25,0,Cancelled,No
2575,2575,Free,,0,2025-05-24,2025-11-26,0,Cancelled,No
2576,2576,Free,,0,2025-02-04,,0,Active,No
2577,2577,Pro,Monthly,50,2025-10-29,,8,Active,Yes
2578,2578,Free,,0,2025-11-10,,0,Active,No
2579,2579,Basic,Monthly,20,2025-07-01,,4,Active,Yes
2580,2580,Basic,Monthly,20,2025-10-19,,0,Active,Yes
2581,2581,Basic,Monthly,20,2025-04-06,,1,Active,Yes
2582,2582,Free,,0,2025-01-05,,0,Active,No
2583,2583,Free,,0,2025-11-14,,0,Active,No
2584,2584,Free,,0,2025-11-28,,0,Active,No
2585,2585,Free,,0,2025-07-23,,0,Active,No
2586,2586,Basic,Annual,20,2025-01-10,,1,Active,Yes
2587,2587,Free,,0,2025-01-25,2025-04-03,0,Cancelled,No
2588,2588,Basic,Monthly,20,2025-11-05,,2,Active,Yes
2589,2589,Free,,0,2025-10-25,,0,Active,No
2590,2590,Pro,Monthly,50,2025-10-03,,6,Active,Yes
2591,2591,Pro,Annual,50,2025-09-18,2025-12-26,0,Cancelled,Yes
2592,2592,Free,,0,2025-06-26,,0,Active,No
2593,2593,Free,,0,2025-09-25,2026-07-15,0,Cancelled,No
2594,2594,Free,,0,2025-11-10,,0,Active,No
2595,2595,Free,,0,2025-10-31,,0,Active,No
2596,2596,Free,,0,2025-07-31,2025-12-31,0,Cancelled,No
2597,2597,Basic,Monthly,20,2025-11-22,,7,Active,Yes
2598,2598,Basic,Monthly,20,2025-03-24,,4,Active,Yes
2599,2599,Free,,0,2025-11-11,,0,Active,No
2600,2600,Basic,Monthly,20,2025-01-29,,4,Active,Yes
2601,2601,Free,,0,2025-12-14,,0,Active,No
2602,2602,Basic,Monthly,20,2025-10-16,,4,Active,No
2603,2603,Free,,0,2025-03-13,,0,Active,No
2604,2604,Free,,0,2025-06-21,,0,Active,No
2605,2605,Free,,0,2025-04-22,,0,Active,No
2606,2606,Basic,Monthly,20,2025-11-21,,0,Active,Yes
2607,2607,Free,,0,2025-08-23,,0,Active,No
2608,2608,Free,,0,2025-11-24,,0,Active,No
2609,2609,Basic,Monthly,20,2025-01-28,,4,Active,Yes
2610,2610,Free,,0,2025-01-30,,0,Active,No
2611,2611,Basic,Annual,20,2025-11-06,,5,Active,Yes
2612,2612,Free,,0,2025-02-17,,0,Active,No
2613,2613,Basic,Annual,20,2025-10-20,,5,Active,Yes
2614,2614,Free,,0,2025-05-07,,0,Active,No
2615,2615,Free,,0,2025-10-12,,0,Active,No
2616,2616,Free,,0,2025-07-03,,0,Active,No
2617,2617,Free,,0,2025-07-23,,0,Active,No
2618,2618,Free,,0,2025-04-02,,0,Active,No
2619,2619,Basic,Annual,20,2025-04-11,,9,Active,Yes
2620,2620,Pro,Monthly,50,2025-09-13,,3,Active,Yes
2621,2621,Basic,Monthly,20,2025-08-06,,5,Active,Yes
2622,2622,Free,,0,2025-08-26,2026-02-18,0,Cancelled,No
2623,2623,Free,,0,2025-09-28,,0,Active,No
2624,2624,Free,,0,2025-01-24,,0,Active,No
2625,2625,Basic,Monthly,20,2025-08-05,,8,Active,Yes
2626,2626,Free,,0,2025-05-10,,0,Active,No
2627,2627,Free,,0,2025-02-10,,0,Active,No
2628,2628,Free,,0,2025-02-04,2025-05-30,0,Cancelled,No
2629,2629,Free,,0,2025-06-23,2025-10-12,0,Cancelled,No
2630,2630,Basic,Annual,20,2025-03-26,,5,Active,Yes
2631,2631,Free,,0,2025-11-02,,0,Active,No
2632,2632,Basic,Monthly,20,2025-07-30,2025-12-31,3,Cancelled,Yes
2633,2633,Free,,0,2025-12-16,,0,Active,No
2634,2634,Free,,0,2025-03-10,,0,Active,No
2635,2635,Pro,Monthly,50,2025-05-18,,0,Active,Yes
2636,2636,Basic,Monthly,20,2025-09-06,,7,Active,Yes
2637,2637,Free,,0,2025-05-17,2025-06-25,0,Cancelled,No
2638,2638,Free,,0,2025-10-16,,0,Active,No
2639,2639,Free,,0,2025-05-23,,0,Active,No
2640,2640,Free,,0,2025-01-30,2025-11-09,0,Cancelled,No
2641,2641,Free,,0,2025-12-09,,0,Active,No
2642,2642,Free,,0,2025-12-07,,0,Active,No
2643,2643,Free,,0,2025-12-05,,0,Active,No
2644,2644,Pro,Monthly,50,2025-04-06,,4,Active,Yes
2645,2645,Basic,Monthly,20,2025-08-01,2026-02-02,2,Cancelled,Yes
2646,2646,Free,,0,2025-08-26,,0,Active,No
2647,2647,Pro,Monthly,50,2025-04-15,,5,Active,No
2648,2648,Basic,Monthly,20,2025-05-31,,1,Active,Yes
2649,2649,Free,,0,2025-08-30,,0,Active,No
2650,2650,Free,,0,2025-05-04,,0,Active,No
2651,2651,Pro,Monthly,50,2025-07-03,,9,Active,Yes
2652,2652,Basic,Monthly,20,2025-07-20,,9,Active,Yes
2653,2653,Free,,0,2025-11-24,,0,Active,No
2654,2654,Free,,0,2025-10-20,,0,Active,No
2655,2655,Pro,Monthly,50,2025-09-20,,2,Active,Yes
2656,2656,Free,,0,2025-08-30,,0,Active,No
2657,2657,Basic,Monthly,20,2025-03-19,,6,Active,Yes
2658,2658,Free,,0,2025-10-30,,0,Active,No
2659,2659,Free,,0,2025-07-22,,0,Active,No
2660,2660,Pro,Monthly,50,2025-08-15,2025-10-29,5,Cancelled,Yes
2661,2661,Basic,Annual,20,2025-07-15,,10,Active,Yes
2662,2662,Free,,0,2025-02-20,,0,Active,No
2663,2663,Free,,0,2025-01-11,,0,Active,No
2664,2664,Basic,Monthly,20,2025-04-13,,4,Active,No
2665,2665,Free,,0,2025-07-31,,0,Active,No
2666,2666,Basic,Monthly,20,2025-04-22,,2,Active,Yes
2667,2667,Free,,0,2025-06-18,,0,Active,No
2668,2668,Free,,0,2025-04-03,,0,Active,No
2669,2669,Free,,0,2025-03-25,,0,Active,No
2670,2670,Free,,0,2025-02-03,2025-09-05,0,Cancelled,No
2671,2671,Free,,0,2025-12-11,,0,Active,No
2672,2672,Free,,0,2025-01-04,,0,Active,No
2673,2673,Free,,0,2025-01-15,,0,Active,No
2674,2674,Free,,0,2025-06-07,,0,Active,No
2675,2675,Free,,0,2025-11-13,,0,Active,No
2676,2676,Pro,Monthly,50,2025-12-31,,7,Active,No
2677,2677,Free,,0,2025-06-10,,0,Active,No
2678,2678,Basic,Annual,20,2025-10-25,,6,Active,Yes
2679,2679,Free,,0,2025-10-05,,0,Active,No
2680,2680,Free,,0,2025-01-23,,0,Active,No
2681,2681,Basic,Annual,20,2025-03-17,,0,Active,No
2682,2682,Pro,Monthly,50,2025-09-18,,3,Active,Yes
2683,2683,Free,,0,2025-01-12,,0,Active,No
2684,2684,Free,,0,2025-04-01,,0,Active,No
2685,2685,Pro,Monthly,50,2025-05-30,,9,Active,Yes
2686,2686,Pro,Annual,50,2025-04-19,,8,Active,Yes
2687,2687,Free,,0,2025-10-25,,0,Active,No
2688,2688,Free,,0,2025-10-03,,0,Active,No
2689,2689,Free,,0,2025-06-30,,0,Active,No
2690,2690,Basic,Monthly,20,2025-05-09,,10,Active,No
2691,2691,Free,,0,2025-06-04,2026-01-22,0,Cancelled,No
2692,2692,Free,,0,2025-04-05,,0,Active,No
2693,2693,Free,,0,2025-08-08,2025-10-30,0,Cancelled,No
2694,2694,Free,,0,2025-07-08,,0,Active,No
2695,2695,Free,,0,2025-08-30,,0,Active,No
2696,2696,Basic,Monthly,20,2025-04-06,,5,Active,Yes
2697,2697,Pro,Monthly,50,2025-08-12,,6,Active,No
2698,2698,Basic,Monthly,20,2025-07-17,,2,Active,Yes
2699,2699,Free,,0,2025-07-18,,0,Active,No
2700,2700,Pro,Monthly,50,2025-03-18,,3,Active,No
2701,2701,Free,,0,2025-03-28,,0,Active,No
2702,2702,Basic,Monthly,20,2025-03-04,,6,Active,Yes
2703,2703,Basic,Monthly,20,2025-04-14,2025-12-13,8,Cancelled,Yes
2704,2704,Free,,0,2025-10-28,2026-08-11,0,Cancelled,No
2705,2705,Pro,Annual,50,2025-04-06,2025-09-17,6,Cancelled,Yes
2706,2706,Basic,Monthly,20,2025-06-27,,2,Active,Yes
2707,2707,Free,,0,2025-05-05,,0,Active,No
2708,2708,Pro,Monthly,50,2025-01-12,,9,Active,No
2709,2709,Free,,0,2025-06-15,2026-03-29,0,Cancelled,No
2710,2710,Basic,Annual,20,2025-07-05,,10,Active,Yes
2711,2711,Pro,Monthly,50,2025-03-14,2025-10-03,7,Cancelled,Yes
2712,2712,Free,,0,2025-09-07,,0,Active,No
2713,2713,Free,,0,2025-03-11,,0,Active,No
2714,2714,Free,,0,2025-11-22,,0,Active,No
2715,2715,Basic,Monthly,20,2025-02-23,,8,Active,Yes
2716,2716,Basic,Annual,20,2025-11-15,,4,Active,Yes
2717,2717,Free,,0,2025-09-20,,0,Active,No
2718,2718,Free,,0,2025-08-19,,0,Active,No
2719,2719,Pro,Monthly,50,2025-08-27,,10,Active,Yes
2720,2720,Pro,Monthly,50,2025-01-14,,1,Active,Yes
2721,2721,Free,,0,2025-06-02,,0,Active,No
2722,2722,Basic,Monthly,20,2025-11-04,,7,Active,Yes
2723,2723,Pro,Monthly,50,2025-08-10,2025-12-27,1,Cancelled,Yes
2724,2724,Free,,0,2025-05-18,,0,Active,No
2725,2725,Free,,0,2025-06-20,,0,Active,No
2726,2726,Basic,Monthly,20,2025-09-29,2026-01-25,3,Cancelled,Yes
2727,2727,Free,,0,2025-01-16,,0,Active,No
2728,2728,Free,,0,2025-05-15,,0,Active,No
2729,2729,Pro,Monthly,50,2025-12-01,,3,Active,Yes
2730,2730,Free,,0,2025-08-14,,0,Active,No
2731,2731,Free,,0,2025-04-13,2026-01-17,0,Cancelled,No
2732,2732,Free,,0,2025-02-10,2025-07-16,0,Cancelled,No
2733,2733,Pro,Monthly,50,2025-09-29,,10,Active,Yes
2734,2734,Pro,Monthly,50,2025-01-13,,9,Active,Yes
2735,2735,Free,,0,2025-04-06,,0,Active,No
2736,2736,Free,,0,2025-01-08,,0,Active,No
2737,2737,Free,,0,2025-02-01,,0,Active,No
2738,2738,Free,,0,2025-07-07,,0,Active,No
2739,2739,Free,,0,2025-04-12,,0,Active,No
2740,2740,Basic,Annual,20,2025-04-08,,2,Active,No
2741,2741,Free,,0,2025-09-03,2026-03-01,0,Cancelled,No
2742,2742,Free,,0,2025-08-04,2025-11-24,0,Cancelled,No
2743,2743,Basic,Monthly,20,2025-01-22,2025-08-04,4,Cancelled,No
2744,2744,Free,,0,2025-06-24,2026-01-31,0,Cancelled,No
2745,2745,Basic,Monthly,20,2025-11-10,,9,Active,No
2746,2746,Basic,Monthly,20,2025-04-21,,6,Active,No
2747,2747,Free,,0,2025-10-31,,0,Active,No
2748,2748,Free,,0,2025-12-23,,0,Active,No
2749,2749,Free,,0,2025-07-26,,0,Active,No
2750,2750,Free,,0,2025-01-02,,0,Active,No
2751,2751,Basic,Monthly,20,2025-12-14,2026-07-11,4,Cancelled,Yes
2752,2752,Free,,0,2025-03-04,,0,Active,No
2753,2753,Pro,Monthly,50,2025-03-29,,8,Active,Yes
2754,2754,Basic,Annual,20,2025-03-08,,10,Active,Yes
2755,2755,Basic,Monthly,20,2025-05-18,2026-01-01,10,Cancelled,Yes
2756,2756,Free,,0,2025-02-01,,0,Active,No
2757,2757,Pro,Monthly,50,2025-12-10,,7,Active,Yes
2758,2758,Free,,0,2025-03-10,,0,Active,No
2759,2759,Free,,0,2025-07-25,,0,Active,No
2760,2760,Free,,0,2025-05-12,,0,Active,No
2761,2761,Free,,0,2025-01-10,,0,Active,No
2762,2762,Free,,0,2025-07-10,,0,Active,No
2763,2763,Free,,0,2025-07-18,,0,Active,No
2764,2764,Free,,0,2025-01-30,,0,Active,No
2765,2765,Free,,0,2025-06-11,,0,Active,No
2766,2766,Free,,0,2025-10-14,,0,Active,No
2767,2767,Basic,Annual,20,2025-01-01,2025-08-25,6,Cancelled,Yes
2768,2768,Pro,Monthly,50,2025-08-23,,9,Active,Yes
2769,2769,Basic,Monthly,20,2025-06-09,,7,Active,Yes
2770,2770,Basic,Monthly,20,2025-02-04,2025-04-01,2,Cancelled,No
2771,2771,Free,,0,2025-04-16,,0,Active,No
2772,2772,Free,,0,2025-06-07,,0,Active,No
2773,2773,Free,,0,2025-05-24,,0,Active,No
2774,2774,Basic,Monthly,20,2025-06-23,2026-03-17,7,Cancelled,No
2775,2775,Basic,Monthly,20,2025-11-18,,0,Active,Yes
2776,2776,Basic,Monthly,20,2025-11-03,,3,Active,Yes
2777,2777,Free,,0,2025-01-04,,0,Active,No
2778,2778,Free,,0,2025-02-18,,0,Active,No
2779,2779,Pro,Monthly,50,2025-08-21,,4,Active,No
2780,2780,Free,,0,2025-03-14,,0,Active,No
2781,2781,Basic,Monthly,20,2025-10-08,,6,Active,No
2782,2782,Free,,0,2025-05-13,,0,Active,No
2783,2783,Pro,Monthly,50,2025-11-15,,7,Active,No
2784,2784,Basic,Monthly,20,2025-03-22,,2,Active,Yes
2785,2785,Free,,0,2025-08-04,,0,Active,No
2786,2786,Basic,Annual,20,2025-04-16,,2,Active,Yes
2787,2787,Free,,0,2025-08-22,,0,Active,No
2788,2788,Free,,0,2025-07-22,,0,Active,No
2789,2789,Basic,Monthly,20,2025-11-07,2026-07-08,10,Cancelled,Yes
2790,2790,Basic,Annual,20,2025-08-31,2026-02-02,8,Cancelled,Yes
2791,2791,Free,,0,2025-09-02,,0,Active,No
2792,2792,Free,,0,2025-01-22,,0,Active,No
2793,2793,Basic,Monthly,20,2025-09-04,2026-01-30,3,Cancelled,Yes
2794,2794,Basic,Monthly,20,2025-10-01,,1,Active,Yes
2795,2795,Free,,0,2025-02-05,2025-08-30,0,Cancelled,No
2796,2796,Pro,Annual,50,2025-07-08,2025-12-27,6,Cancelled,Yes
2797,2797,Basic,Monthly,20,2025-07-16,2025-09-16,7,Cancelled,Yes
2798,2798,Free,,0,2025-06-30,2025-10-01,0,Cancelled,No
2799,2799,Basic,Annual,20,2025-07-28,,2,Active,Yes
2800,2800,Basic,Monthly,20,2025-10-22,,9,Active,Yes
2801,2801,Pro,Annual,50,2025-12-22,,0,Active,Yes
2802,2802,Free,,0,2025-01-08,,0,Active,No
2803,2803,Free,,0,2025-10-20,,0,Active,No
2804,2804,Free,,0,2025-03-26,,0,Active,No
2805,2805,Basic,Monthly,20,2025-09-07,,9,Active,Yes
2806,2806,Free,,0,2025-04-08,2025-09-23,0,Cancelled,No
2807,2807,Free,,0,2025-12-28,,0,Active,No
2808,2808,Free,,0,2025-07-26,,0,Active,No
2809,2809,Free,,0,2025-02-04,,0,Active,No
2810,2810,Free,,0,2025-07-08,,0,Active,No
2811,2811,Free,,0,2025-02-18,,0,Active,No
2812,2812,Free,,0,2025-01-05,,0,Active,No
2813,2813,Free,,0,2025-09-02,2026-02-24,0,Cancelled,No
2814,2814,Free,,0,2025-12-14,,0,Active,No
2815,2815,Basic,Monthly,20,2025-06-13,,8,Active,Yes
2816,2816,Free,,0,2025-02-28,,0,Active,No
2817,2817,Basic,Monthly,20,2025-01-16,,5,Active,No
2818,2818,Free,,0,2025-11-02,,0,Active,No
2819,2819,Free,,0,2025-07-08,,0,Active,No
2820,2820,Free,,0,2025-04-16,2025-07-20,0,Cancelled,No
2821,2821,Free,,0,2025-09-28,2026-07-04,0,Cancelled,No
2822,2822,Free,,0,2025-05-05,,0,Active,No
2823,2823,Basic,Monthly,20,2025-04-19,,2,Active,Yes
2824,2824,Free,,0,2025-12-06,,0,Active,No
2825,2825,Free,,0,2025-04-16,,0,Active,No
2826,2826,Free,,0,2025-11-09,,0,Active,No
2827,2827,Free,,0,2025-12-06,,0,Active,No
2828,2828,Free,,0,2025-12-17,,0,Active,No
2829,2829,Basic,Monthly,20,2025-04-18,,9,Active,No
2830,2830,Free,,0,2025-08-22,,0,Active,No
2831,2831,Free,,0,2025-07-25,,0,Active,No
2832,2832,Free,,0,2025-12-30,,0,Active,No
2833,2833,Basic,Monthly,20,2025-01-05,,6,Active,Yes
2834,2834,Basic,Monthly,20,2025-09-20,2026-05-23,5,Cancelled,Yes
2835,2835,Pro,Annual,50,2025-04-21,,3,Active,Yes
2836,2836,Pro,Monthly,50,2025-07-09,2026-02-01,0,Cancelled,Yes
2837,2837,Pro,Monthly,50,2025-04-05,,2,Active,Yes
2838,2838,Free,,0,2025-03-17,,0,Active,No
2839,2839,Pro,Monthly,50,2025-03-08,2025-07-19,4,Cancelled,No
2840,2840,Free,,0,2025-05-20,,0,Active,No
2841,2841,Basic,Monthly,20,2025-02-26,,0,Active,Yes
2842,2842,Pro,Monthly,50,2025-09-26,,6,Active,Yes
2843,2843,Basic,Monthly,20,2025-01-13,,7,Active,No
2844,2844,Basic,Monthly,20,2025-12-11,,0,Active,Yes
2845,2845,Basic,Annual,20,2025-09-06,2026-05-14,3,Cancelled,No
2846,2846,Basic,Monthly,20,2025-11-12,,1,Active,Yes
2847,2847,Free,,0,2025-11-04,,0,Active,No
2848,2848,Pro,Monthly,50,2025-01-19,2025-03-12,2,Cancelled,Yes
2849,2849,Free,,0,2025-09-28,,0,Active,No
2850,2850,Pro,Monthly,50,2025-06-03,,2,Active,No
2851,2851,Pro,Monthly,50,2025-06-25,,2,Active,Yes
2852,2852,Basic,Monthly,20,2025-10-15,,4,Active,Yes
2853,2853,Pro,Monthly,50,2025-04-04,,9,Active,Yes
2854,2854,Basic,Monthly,20,2025-11-29,,1,Active,Yes
2855,2855,Pro,Monthly,50,2025-07-17,,5,Active,Yes
2856,2856,Free,,0,2025-04-07,2025-09-02,0,Cancelled,No
2857,2857,Basic,Monthly,20,2025-09-16,,4,Active,Yes
2858,2858,Free,,0,2025-04-08,,0,Active,No
2859,2859,Free,,0,2025-01-26,,0,Active,No
2860,2860,Free,,0,2025-08-17,,0,Active,No
2861,2861,Free,,0,2025-03-18,,0,Active,No
2862,2862,Free,,0,2025-02-03,2025-09-22,0,Cancelled,No
2863,2863,Basic,Monthly,20,2025-07-05,2026-03-12,7,Cancelled,No
2864,2864,Basic,Monthly,20,2025-05-05,,7,Active,Yes
2865,2865,Free,,0,2025-04-17,,0,Active,No
2866,2866,Free,,0,2025-05-08,,0,Active,No
2867,2867,Basic,Monthly,20,2025-02-08,,1,Active,Yes
2868,2868,Free,,0,2025-03-26,,0,Active,No
2869,2869,Free,,0,2025-05-31,,0,Active,No
2870,2870,Free,,0,2025-05-04,,0,Active,No
2871,2871,Free,,0,2025-12-31,,0,Active,No
2872,2872,Free,,0,2025-01-07,,0,Active,No
2873,2873,Free,,0,2025-08-16,,0,Active,No
2874,2874,Basic,Monthly,20,2025-04-09,,3,Active,Yes
2875,2875,Free,,0,2025-09-11,2026-05-20,0,Cancelled,No
2876,2876,Free,,0,2025-07-07,,0,Active,No
2877,2877,Free,,0,2025-01-13,,0,Active,No
2878,2878,Free,,0,2025-10-05,,0,Active,No
2879,2879,Free,,0,2025-03-07,2025-07-09,0,Cancelled,No
2880,2880,Basic,Monthly,20,2025-01-31,,10,Active,Yes
2881,2881,Free,,0,2025-06-04,,0,Active,No
2882,2882,Basic,Monthly,20,2025-08-13,,10,Active,Yes
2883,2883,Free,,0,2025-02-27,2025-11-16,0,Cancelled,No
2884,2884,Basic,Monthly,20,2025-08-01,,10,Active,Yes
2885,2885,Free,,0,2025-05-21,2025-07-29,0,Cancelled,No
2886,2886,Free,,0,2025-08-25,,0,Active,No
2887,2887,Free,,0,2025-01-31,2025-05-22,0,Cancelled,No
2888,2888,Free,,0,2025-03-25,,0,Active,No
2889,2889,Free,,0,2025-03-28,,0,Active,No
2890,2890,Free,,0,2025-03-23,,0,Active,No
2891,2891,Free,,0,2025-08-31,,0,Active,No
2892,2892,Free,,0,2025-10-23,,0,Active,No
2893,2893,Basic,Monthly,20,2025-04-12,,7,Active,Yes
2894,2894,Basic,Monthly,20,2025-11-28,,6,Active,Yes
2895,2895,Basic,Monthly,20,2025-12-31,,1,Active,Yes
2896,2896,Pro,Monthly,50,2025-12-10,,3,Active,Yes
2897,2897,Pro,Monthly,50,2025-10-18,,10,Active,Yes
2898,2898,Free,,0,2025-12-11,2026-02-19,0,Cancelled,No
2899,2899,Free,,0,2025-01-13,,0,Active,No
2900,2900,Free,,0,2025-06-14,,0,Active,No
2901,2901,Free,,0,2025-07-05,,0,Active,No
2902,2902,Free,,0,2025-05-06,,0,Active,No
2903,2903,Free,,0,2025-08-25,2025-11-15,0,Cancelled,No
2904,2904,Basic,Annual,20,2025-05-05,2026-01-11,5,Cancelled,No
2905,2905,Pro,Monthly,50,2025-08-13,,4,Active,No
2906,2906,Basic,Monthly,20,2025-03-08,,6,Active,No
2907,2907,Basic,Annual,20,2025-08-10,,9,Active,No
2908,2908,Free,,0,2025-01-08,,0,Active,No
2909,2909,Basic,Monthly,20,2025-03-17,,9,Active,Yes
2910,2910,Free,,0,2025-12-26,,0,Active,No
2911,2911,Free,,0,2025-11-03,,0,Active,No
2912,2912,Basic,Annual,20,2025-08-16,2025-12-02,3,Cancelled,Yes
2913,2913,Free,,0,2025-02-22,,0,Active,No
2914,2914,Free,,0,2025-02-01,,0,Active,No
2915,2915,Free,,0,2025-10-05,,0,Active,No
2916,2916,Basic,Monthly,20,2025-08-26,,0,Active,Yes
2917,2917,Basic,Annual,20,2025-09-18,,0,Active,Yes
2918,2918,Pro,Monthly,50,2025-10-13,2026-02-01,4,Cancelled,Yes
2919,2919,Free,,0,2025-04-17,,0,Active,No
2920,2920,Basic,Annual,20,2025-08-18,,4,Active,Yes
2921,2921,Free,,0,2025-12-21,,0,Active,No
2922,2922,Basic,Annual,20,2025-06-03,,2,Active,Yes
2923,2923,Basic,Monthly,20,2025-06-03,,8,Active,Yes
2924,2924,Free,,0,2025-05-01,,0,Active,No
2925,2925,Free,,0,2025-09-04,,0,Active,No
2926,2926,Basic,Monthly,20,2025-01-20,,2,Active,Yes
2927,2927,Free,,0,2025-01-21,,0,Active,No
2928,2928,Free,,0,2025-01-31,,0,Active,No
2929,2929,Free,,0,2025-04-22,2025-08-10,0,Cancelled,No
2930,2930,Free,,0,2025-01-03,,0,Active,No
2931,2931,Free,,0,2025-02-21,,0,Active,No
2932,2932,Free,,0,2025-09-29,,0,Active,No
2933,2933,Basic,Monthly,20,2025-11-29,,10,Active,Yes
2934,2934,Free,,0,2025-04-15,,0,Active,No
2935,2935,Basic,Monthly,20,2025-11-09,,3,Active,Yes
2936,2936,Basic,Annual,20,2025-10-03,,1,Active,Yes
2937,2937,Free,,0,2025-09-08,2026-01-24,0,Cancelled,No
2938,2938,Free,,0,2025-01-08,,0,Active,No
2939,2939,Free,,0,2025-11-13,,0,Active,No
2940,2940,Free,,0,2025-06-03,2025-07-26,0,Cancelled,No
2941,2941,Pro,Annual,50,2025-07-20,,7,Active,Yes
2942,2942,Free,,0,2025-10-20,2026-05-25,0,Cancelled,No
2943,2943,Basic,Monthly,20,2025-06-14,,10,Active,No
2944,2944,Free,,0,2025-06-14,2025-09-22,0,Cancelled,No
2945,2945,Free,,0,2025-04-15,,0,Active,No
2946,2946,Free,,0,2025-07-11,,0,Active,No
2947,2947,Free,,0,2025-02-12,,0,Active,No
2948,2948,Pro,Monthly,50,2025-07-07,,0,Active,No
2949,2949,Free,,0,2025-10-17,,0,Active,No
2950,2950,Basic,Monthly,20,2025-04-03,2025-11-21,1,Cancelled,No
2951,2951,Free,,0,2025-02-21,,0,Active,No
2952,2952,Pro,Monthly,50,2025-08-06,2026-01-23,3,Cancelled,Yes
2953,2953,Free,,0,2025-09-27,,0,Active,No
2954,2954,Free,,0,2025-11-04,,0,Active,No
2955,2955,Free,,0,2025-04-13,,0,Active,No
2956,2956,Free,,0,2025-04-04,,0,Active,No
2957,2957,Free,,0,2025-04-02,,0,Active,No
2958,2958,Free,,0,2025-12-10,,0,Active,No
2959,2959,Free,,0,2025-11-01,2026-05-24,0,Cancelled,No
2960,2960,Free,,0,2025-11-18,,0,Active,No
2961,2961,Pro,Monthly,50,2025-10-19,,6,Active,Yes
2962,2962,Free,,0,2025-03-23,,0,Active,No
2963,2963,Free,,0,2025-03-27,,0,Active,No
2964,2964,Free,,0,2025-09-17,2026-01-06,0,Cancelled,No
2965,2965,Free,,0,2025-08-16,,0,Active,No
2966,2966,Pro,Monthly,50,2025-07-12,,8,Active,Yes
2967,2967,Free,,0,2025-11-26,,0,Active,No
2968,2968,Basic,Monthly,20,2025-12-24,,7,Active,Yes
2969,2969,Basic,Monthly,20,2025-01-09,,6,Active,Yes
2970,2970,Basic,Annual,20,2025-07-05,,4,Active,Yes
2971,2971,Free,,0,2025-06-25,,0,Active,No
2972,2972,Pro,Annual,50,2025-10-30,,2,Active,Yes
2973,2973,Free,,0,2025-03-14,2025-07-15,0,Cancelled,No
2974,2974,Basic,Monthly,20,2025-10-07,,7,Active,Yes
2975,2975,Basic,Monthly,20,2025-08-02,,9,Active,Yes
2976,2976,Basic,Monthly,20,2025-02-18,2025-05-01,0,Cancelled,Yes
2977,2977,Free,,0,2025-03-18,2025-08-20,0,Cancelled,No
2978,2978,Free,,0,2025-03-02,,0,Active,No
2979,2979,Pro,Monthly,50,2025-08-23,,9,Active,Yes
2980,2980,Pro,Monthly,50,2025-02-18,,10,Active,No
2981,2981,Free,,0,2025-02-06,,0,Active,No
2982,2982,Pro,Annual,50,2025-12-07,2026-03-23,3,Cancelled,Yes
2983,2983,Basic,Annual,20,2025-09-15,,4,Active,Yes
2984,2984,Pro,Monthly,50,2025-10-02,,0,Active,Yes
2985,2985,Basic,Monthly,20,2025-12-05,,9,Active,No
2986,2986,Free,,0,2025-08-13,,0,Active,No
2987,2987,Basic,Monthly,20,2025-10-14,,5,Active,Yes
2988,2988,Basic,Annual,20,2025-11-13,,10,Active,No
2989,2989,Free,,0,2025-10-28,,0,Active,No
2990,2990,Free,,0,2025-07-19,,0,Active,No
2991,2991,Free,,0,2025-09-18,,0,Active,No
2992,2992,Pro,Monthly,50,2025-02-05,,4,Active,Yes
2993,2993,Free,,0,2025-08-21,,0,Active,No
2994,2994,Basic,Monthly,20,2025-04-29,,2,Active,No
2995,2995,Free,,0,2025-12-03,2026-09-26,0,Cancelled,No
2996,2996,Free,,0,2025-09-07,,0,Active,No
2997,2997,Free,,0,2025-02-16,,0,Active,No
2998,2998,Free,,0,2025-10-10,,0,Active,No
2999,2999,Free,,0,2025-04-22,,0,Active,No
3000,3000,Basic,Annual,20,2025-11-03,,4,Active,Yes
