user_id,country,city,device,acquisition_channel,signup_date,cohort_month,activation_date,plan_type,experiment_group
1,USA,New York,Mobile,Referral,2025-11-26,2025-11,2025-12-02,Free,B
2,India,Hyderabad,Mobile,Organic Search,2025-02-01,2025-02,2025-02-08,Basic,B
3,India,Bengaluru,Mobile,Referral,2025-10-22,2025-10,2025-10-26,Free,A
4,USA,Austin,Desktop,Email Campaign,2025-07-25,2025-07,,Basic,B
5,USA,San Francisco,Desktop,Referral,2025-05-28,2025-05,2025-06-04,Free,A
6,India,Bengaluru,Mobile,Organic Search,2025-04-07,2025-04,,Basic,A
7,UK,London,Mobile,Email Campaign,2025-08-12,2025-08,,Free,B
8,India,Hyderabad,Desktop,Organic Search,2025-06-03,2025-06,2025-06-12,Free,A
9,India,Hyderabad,Tablet,Organic Search,2025-08-31,2025-08,2025-09-02,Basic,A
10,India,Bengaluru,Desktop,Google Ads,2025-05-19,2025-05,2025-05-21,Basic,A
11,USA,San Francisco,Desktop,Google Ads,2025-01-18,2025-01,,Free,B
12,India,Hyderabad,Desktop,Referral,2025-03-01,2025-03,2025-03-04,Free,B
13,USA,New York,Desktop,Referral,2025-12-07,2025-12,2025-12-08,Free,B
14,Germany,Berlin,Tablet,Organic Search,2025-05-03,2025-05,2025-05-06,Basic,A
15,India,Hyderabad,Desktop,Organic Search,2025-11-10,2025-11,2025-11-20,Basic,A
16,India,Mumbai,Mobile,Organic Search,2025-05-14,2025-05,,Free,B
17,USA,Austin,Desktop,Google Ads,2025-12-26,2025-12,2025-12-30,Free,B
18,India,Mumbai,Desktop,Organic Search,2025-04-27,2025-04,,Free,A
19,India,Mumbai,Desktop,Organic Search,2025-01-05,2025-01,,Basic,B
20,India,Hyderabad,Mobile,Organic Search,2025-12-19,2025-12,,Free,A
21,Canada,Toronto,Mobile,Google Ads,2025-11-21,2025-11,2025-11-29,Free,A
22,UK,London,Mobile,Referral,2025-09-19,2025-09,,Free,A
23,UK,London,Desktop,Email Campaign,2025-08-22,2025-08,2025-09-05,Pro,A
24,UK,London,Desktop,Referral,2025-01-19,2025-01,2025-01-24,Pro,A
25,India,Mumbai,Desktop,Organic Search,2025-07-05,2025-07,2025-07-06,Free,A
26,India,Bengaluru,Desktop,Organic Search,2025-04-03,2025-04,,Free,A
27,India,Hyderabad,Mobile,Referral,2025-12-30,2025-12,2026-01-07,Free,A
28,Germany,Berlin,Desktop,Google Ads,2025-06-26,2025-06,2025-07-02,Free,B
29,Canada,Toronto,Desktop,Organic Search,2025-06-26,2025-06,2025-07-07,Basic,A
30,USA,Austin,Desktop,Organic Search,2025-05-05,2025-05,2025-05-18,Free,A
31,USA,New York,Mobile,Email Campaign,2025-09-05,2025-09,2025-09-11,Basic,A
32,India,Hyderabad,Desktop,Google Ads,2025-07-12,2025-07,2025-07-21,Free,B
33,India,Mumbai,Desktop,Referral,2025-04-02,2025-04,2025-04-06,Basic,B
34,Canada,Toronto,Tablet,Organic Search,2025-04-16,2025-04,,Free,B
35,Germany,Berlin,Mobile,Google Ads,2025-08-12,2025-08,,Basic,B
36,India,Hyderabad,Mobile,Referral,2025-07-25,2025-07,,Free,A
37,UK,Manchester,Desktop,Organic Search,2025-03-11,2025-03,2025-03-24,Free,B
38,Canada,Vancouver,Mobile,Google Ads,2025-02-02,2025-02,2025-02-13,Free,A
39,Germany,Munich,Desktop,Google Ads,2025-07-11,2025-07,2025-07-21,Pro,B
40,India,Mumbai,Mobile,Email Campaign,2025-06-06,2025-06,2025-06-12,Free,B
41,India,Hyderabad,Mobile,Organic Search,2025-05-03,2025-05,,Free,A
42,UK,London,Desktop,Referral,2025-10-12,2025-10,2025-10-14,Free,B
43,India,Hyderabad,Desktop,Organic Search,2025-04-06,2025-04,,Free,B
44,India,Hyderabad,Mobile,Organic Search,2025-07-15,2025-07,2025-07-28,Free,B
45,Canada,Toronto,Mobile,Referral,2025-01-29,2025-01,2025-02-09,Free,A
46,USA,San Francisco,Desktop,Organic Search,2025-01-15,2025-01,2025-01-17,Pro,B
47,India,Bengaluru,Desktop,Organic Search,2025-09-26,2025-09,2025-10-09,Free,A
48,USA,New York,Tablet,Organic Search,2025-06-10,2025-06,2025-06-21,Basic,B
49,Germany,Berlin,Desktop,Email Campaign,2025-03-09,2025-03,,Free,B
50,India,Mumbai,Desktop,Google Ads,2025-12-05,2025-12,2025-12-18,Free,A
51,India,Hyderabad,Desktop,Google Ads,2025-07-18,2025-07,2025-07-27,Free,B
52,UK,Manchester,Desktop,Organic Search,2025-02-03,2025-02,2025-02-10,Free,A
53,India,Hyderabad,Desktop,Organic Search,2025-08-14,2025-08,2025-08-20,Free,A
54,India,Bengaluru,Desktop,Organic Search,2025-06-05,2025-06,2025-06-14,Free,A
55,India,Hyderabad,Tablet,Google Ads,2025-10-29,2025-10,,Basic,A
56,India,Mumbai,Desktop,Organic Search,2025-07-11,2025-07,,Basic,A
57,India,Mumbai,Desktop,Referral,2025-10-07,2025-10,2025-10-16,Free,A
58,USA,Austin,Desktop,Organic Search,2025-11-19,2025-11,2025-12-02,Free,B
59,UK,London,Desktop,Google Ads,2025-03-23,2025-03,2025-03-31,Basic,B
60,USA,Austin,Desktop,Organic Search,2025-01-23,2025-01,,Free,A
61,India,Hyderabad,Mobile,Organic Search,2025-07-14,2025-07,2025-07-22,Pro,B
62,Canada,Vancouver,Mobile,Organic Search,2025-01-02,2025-01,2025-01-16,Free,B
63,India,Bengaluru,Mobile,Google Ads,2025-08-02,2025-08,2025-08-07,Pro,B
64,India,Bengaluru,Mobile,Google Ads,2025-05-30,2025-05,2025-06-01,Pro,A
65,India,Mumbai,Desktop,Organic Search,2025-01-09,2025-01,,Free,A
66,India,Bengaluru,Desktop,Referral,2025-05-10,2025-05,,Free,B
67,Germany,Berlin,Desktop,Organic Search,2025-11-18,2025-11,2025-11-22,Free,B
68,India,Bengaluru,Desktop,Organic Search,2025-09-13,2025-09,2025-09-25,Free,A
69,India,Hyderabad,Desktop,Email Campaign,2025-07-02,2025-07,2025-07-11,Pro,A
70,India,Bengaluru,Mobile,Google Ads,2025-04-09,2025-04,,Free,A
71,Germany,Berlin,Mobile,Organic Search,2025-09-30,2025-09,,Free,B
72,UK,Manchester,Desktop,Organic Search,2025-08-20,2025-08,2025-08-22,Pro,B
73,India,Mumbai,Mobile,Organic Search,2025-11-11,2025-11,,Pro,A
74,Germany,Berlin,Desktop,Email Campaign,2025-11-05,2025-11,2025-11-11,Free,A
75,USA,New York,Desktop,Email Campaign,2025-06-08,2025-06,,Basic,B
76,India,Bengaluru,Desktop,Email Campaign,2025-03-22,2025-03,2025-04-03,Free,A
77,USA,New York,Desktop,Organic Search,2025-03-28,2025-03,2025-04-04,Free,A
78,India,Bengaluru,Desktop,Google Ads,2025-01-10,2025-01,2025-01-18,Free,B
79,Canada,Toronto,Desktop,Organic Search,2025-09-07,2025-09,2025-09-14,Basic,B
80,USA,San Francisco,Desktop,Email Campaign,2025-10-12,2025-10,,Free,B
81,USA,Austin,Mobile,Email Campaign,2025-02-04,2025-02,,Free,A
82,USA,San Francisco,Desktop,Referral,2025-08-06,2025-08,2025-08-12,Basic,A
83,UK,London,Desktop,Organic Search,2025-07-01,2025-07,2025-07-02,Free,A
84,Germany,Berlin,Desktop,Referral,2025-07-28,2025-07,2025-07-31,Basic,A
85,India,Bengaluru,Mobile,Referral,2025-03-13,2025-03,2025-03-16,Free,A
86,India,Bengaluru,Mobile,Referral,2025-04-21,2025-04,,Free,B
87,Germany,Munich,Desktop,Google Ads,2025-07-19,2025-07,2025-07-26,Basic,A
88,USA,Austin,Mobile,Organic Search,2025-10-22,2025-10,,Free,A
89,India,Hyderabad,Mobile,Organic Search,2025-08-30,2025-08,2025-09-08,Free,A
90,USA,Austin,Desktop,Organic Search,2025-09-15,2025-09,,Free,B
91,India,Mumbai,Desktop,Referral,2025-08-22,2025-08,2025-08-24,Free,A
92,UK,London,Desktop,Email Campaign,2025-12-11,2025-12,,Free,A
93,India,Hyderabad,Desktop,Email Campaign,2025-01-20,2025-01,2025-02-02,Free,A
94,UK,Manchester,Desktop,Organic Search,2025-02-10,2025-02,2025-02-15,Free,B
95,UK,London,Desktop,Organic Search,2025-01-03,2025-01,2025-01-06,Free,A
96,India,Hyderabad,Mobile,Email Campaign,2025-06-10,2025-06,,Free,A
97,USA,New York,Mobile,Google Ads,2025-06-10,2025-06,2025-06-11,Free,B
98,UK,London,Desktop,Referral,2025-10-31,2025-10,2025-11-09,Pro,A
99,USA,Austin,Mobile,Referral,2025-01-12,2025-01,2025-01-15,Free,A
100,Canada,Toronto,Mobile,Google Ads,2025-08-14,2025-08,2025-08-25,Free,B
101,USA,Austin,Desktop,Google Ads,2025-04-26,2025-04,2025-04-29,Pro,A
102,USA,San Francisco,Desktop,Organic Search,2025-11-19,2025-11,2025-11-19,Free,B
103,India,Bengaluru,Mobile,Organic Search,2025-09-22,2025-09,,Free,B
104,Canada,Vancouver,Desktop,Organic Search,2025-06-12,2025-06,,Free,B
105,India,Bengaluru,Desktop,Organic Search,2025-06-28,2025-06,,Free,A
106,Canada,Vancouver,Mobile,Google Ads,2025-11-16,2025-11,2025-11-16,Free,B
107,UK,Manchester,Desktop,Email Campaign,2025-04-27,2025-04,2025-05-03,Pro,A
108,Canada,Vancouver,Mobile,Referral,2025-07-22,2025-07,2025-07-30,Free,A
109,India,Mumbai,Mobile,Organic Search,2025-09-19,2025-09,2025-10-01,Basic,A
110,India,Bengaluru,Desktop,Referral,2025-10-06,2025-10,,Basic,A
111,USA,New York,Tablet,Google Ads,2025-01-31,2025-01,2025-02-12,Free,A
112,India,Bengaluru,Desktop,Organic Search,2025-04-14,2025-04,2025-04-28,Free,B
113,Canada,Toronto,Desktop,Google Ads,2025-05-26,2025-05,2025-06-07,Free,A
114,India,Mumbai,Desktop,Organic Search,2025-07-16,2025-07,2025-07-22,Free,B
115,India,Mumbai,Mobile,Google Ads,2025-10-06,2025-10,2025-10-09,Free,A
116,USA,San Francisco,Desktop,Email Campaign,2025-08-14,2025-08,2025-08-28,Free,A
117,USA,New York,Desktop,Referral,2025-08-25,2025-08,2025-09-06,Free,B
118,USA,Austin,Desktop,Organic Search,2025-08-16,2025-08,2025-08-20,Basic,A
119,USA,San Francisco,Mobile,Referral,2025-10-11,2025-10,2025-10-18,Basic,B
120,UK,Manchester,Desktop,Organic Search,2025-07-10,2025-07,2025-07-15,Free,B
121,Germany,Munich,Mobile,Referral,2025-12-09,2025-12,,Free,B
122,USA,New York,Desktop,Organic Search,2025-06-02,2025-06,,Free,A
123,India,Mumbai,Desktop,Organic Search,2025-07-23,2025-07,2025-07-31,Free,B
124,India,Bengaluru,Desktop,Google Ads,2025-08-08,2025-08,,Basic,A
125,UK,Manchester,Mobile,Organic Search,2025-09-14,2025-09,,Free,A
126,USA,San Francisco,Mobile,Email Campaign,2025-10-15,2025-10,,Free,B
127,India,Bengaluru,Desktop,Organic Search,2025-12-24,2025-12,2025-12-28,Basic,B
128,USA,Austin,Desktop,Google Ads,2025-05-24,2025-05,2025-06-07,Free,B
129,India,Bengaluru,Tablet,Organic Search,2025-06-05,2025-06,,Free,B
130,UK,Manchester,Mobile,Email Campaign,2025-11-26,2025-11,2025-11-29,Free,B
131,UK,London,Mobile,Google Ads,2025-12-02,2025-12,2025-12-08,Pro,B
132,India,Bengaluru,Desktop,Referral,2025-04-15,2025-04,,Free,B
133,India,Hyderabad,Mobile,Organic Search,2025-04-20,2025-04,2025-04-24,Free,A
134,India,Hyderabad,Desktop,Organic Search,2025-12-09,2025-12,2025-12-19,Free,A
135,Canada,Toronto,Desktop,Organic Search,2025-01-28,2025-01,2025-01-29,Free,B
136,India,Mumbai,Desktop,Referral,2025-11-11,2025-11,,Basic,A
137,Germany,Berlin,Desktop,Referral,2025-03-02,2025-03,2025-03-10,Free,A
138,India,Bengaluru,Desktop,Email Campaign,2025-12-14,2025-12,2025-12-15,Free,B
139,India,Mumbai,Mobile,Google Ads,2025-04-25,2025-04,2025-04-29,Free,A
140,UK,Manchester,Mobile,Organic Search,2025-11-26,2025-11,2025-12-08,Free,A
141,UK,Manchester,Mobile,Organic Search,2025-04-12,2025-04,,Basic,B
142,UK,London,Desktop,Referral,2025-06-01,2025-06,2025-06-02,Free,B
143,USA,New York,Desktop,Referral,2025-03-12,2025-03,2025-03-19,Free,B
144,USA,New York,Tablet,Organic Search,2025-07-26,2025-07,2025-08-04,Free,A
145,USA,San Francisco,Desktop,Google Ads,2025-11-13,2025-11,,Free,B
146,India,Hyderabad,Desktop,Google Ads,2025-10-18,2025-10,2025-10-22,Basic,A
147,India,Hyderabad,Mobile,Organic Search,2025-09-20,2025-09,2025-09-27,Free,A
148,Germany,Munich,Mobile,Google Ads,2025-05-20,2025-05,2025-05-22,Free,B
149,India,Bengaluru,Desktop,Organic Search,2025-03-18,2025-03,,Free,B
150,USA,Austin,Desktop,Google Ads,2025-11-09,2025-11,2025-11-14,Free,B
151,USA,San Francisco,Mobile,Organic Search,2025-11-23,2025-11,2025-11-24,Free,A
152,India,Hyderabad,Desktop,Organic Search,2025-12-25,2025-12,2026-01-04,Free,B
153,UK,Manchester,Desktop,Referral,2025-12-12,2025-12,,Free,A
154,India,Hyderabad,Desktop,Google Ads,2025-06-15,2025-06,2025-06-21,Pro,A
155,India,Bengaluru,Mobile,Google Ads,2025-05-03,2025-05,2025-05-03,Free,A
156,India,Hyderabad,Tablet,Organic Search,2025-06-16,2025-06,2025-06-22,Free,B
157,USA,Austin,Mobile,Google Ads,2025-07-10,2025-07,,Pro,A
158,India,Bengaluru,Tablet,Organic Search,2025-08-13,2025-08,,Free,A
159,Canada,Vancouver,Mobile,Organic Search,2025-12-19,2025-12,,Free,A
160,UK,Manchester,Tablet,Organic Search,2025-01-21,2025-01,,Free,B
161,India,Hyderabad,Desktop,Email Campaign,2025-02-20,2025-02,2025-03-06,Free,A
162,Germany,Berlin,Desktop,Organic Search,2025-02-16,2025-02,2025-02-16,Free,B
163,India,Mumbai,Mobile,Referral,2025-05-15,2025-05,2025-05-18,Free,A
164,Canada,Vancouver,Desktop,Organic Search,2025-03-20,2025-03,2025-03-24,Free,B
165,USA,San Francisco,Desktop,Organic Search,2025-05-14,2025-05,2025-05-15,Free,A
166,India,Mumbai,Desktop,Google Ads,2025-08-02,2025-08,2025-08-03,Free,B
167,Germany,Munich,Mobile,Organic Search,2025-01-30,2025-01,2025-02-02,Free,A
168,India,Mumbai,Desktop,Google Ads,2025-03-02,2025-03,2025-03-08,Basic,A
169,USA,San Francisco,Tablet,Google Ads,2025-09-04,2025-09,2025-09-14,Free,A
170,USA,New York,Desktop,Organic Search,2025-06-15,2025-06,2025-06-29,Free,A
171,India,Bengaluru,Desktop,Organic Search,2025-12-14,2025-12,2025-12-18,Free,A
172,Germany,Berlin,Desktop,Referral,2025-01-31,2025-01,,Basic,B
173,India,Bengaluru,Desktop,Organic Search,2025-04-22,2025-04,2025-05-03,Free,B
174,India,Bengaluru,Mobile,Google Ads,2025-06-04,2025-06,2025-06-09,Free,B
175,USA,New York,Desktop,Referral,2025-06-20,2025-06,2025-06-30,Free,B
176,India,Bengaluru,Mobile,Referral,2025-06-19,2025-06,,Free,A
177,USA,San Francisco,Mobile,Google Ads,2025-12-27,2025-12,2025-12-27,Pro,A
178,India,Bengaluru,Mobile,Organic Search,2025-01-10,2025-01,,Free,B
179,Germany,Munich,Desktop,Google Ads,2025-11-09,2025-11,2025-11-09,Pro,A
180,India,Bengaluru,Mobile,Organic Search,2025-10-02,2025-10,2025-10-03,Free,A
181,India,Hyderabad,Tablet,Email Campaign,2025-08-20,2025-08,2025-08-29,Free,B
182,India,Hyderabad,Desktop,Organic Search,2025-06-22,2025-06,2025-06-27,Basic,A
183,USA,New York,Desktop,Email Campaign,2025-06-12,2025-06,2025-06-16,Basic,A
184,India,Mumbai,Desktop,Organic Search,2025-01-14,2025-01,2025-01-24,Free,A
185,UK,Manchester,Desktop,Organic Search,2025-11-28,2025-11,,Basic,B
186,UK,London,Desktop,Organic Search,2025-06-11,2025-06,2025-06-23,Free,A
187,India,Mumbai,Desktop,Google Ads,2025-02-07,2025-02,,Basic,B
188,USA,Austin,Mobile,Referral,2025-04-30,2025-04,2025-05-14,Free,B
189,UK,London,Desktop,Referral,2025-12-14,2025-12,2025-12-14,Free,A
190,India,Mumbai,Mobile,Google Ads,2025-01-12,2025-01,,Free,B
191,India,Mumbai,Desktop,Organic Search,2025-08-09,2025-08,,Free,B
192,UK,Manchester,Desktop,Organic Search,2025-03-01,2025-03,2025-03-01,Basic,B
193,India,Hyderabad,Desktop,Organic Search,2025-10-28,2025-10,2025-11-06,Basic,B
194,India,Mumbai,Mobile,Referral,2025-04-09,2025-04,2025-04-18,Free,B
195,Germany,Berlin,Mobile,Email Campaign,2025-11-25,2025-11,,Free,A
196,USA,Austin,Tablet,Google Ads,2025-11-29,2025-11,2025-11-29,Free,B
197,India,Hyderabad,Desktop,Google Ads,2025-09-02,2025-09,2025-09-16,Free,B
198,UK,London,Desktop,Google Ads,2025-12-07,2025-12,2025-12-16,Free,B
199,UK,Manchester,Mobile,Organic Search,2025-03-10,2025-03,2025-03-11,Free,B
200,UK,London,Mobile,Organic Search,2025-06-18,2025-06,,Free,B
201,USA,New York,Mobile,Referral,2025-07-12,2025-07,2025-07-18,Free,B
202,USA,New York,Desktop,Organic Search,2025-03-22,2025-03,2025-04-03,Free,B
203,Germany,Munich,Desktop,Google Ads,2025-11-21,2025-11,2025-12-05,Free,B
204,UK,London,Desktop,Organic Search,2025-05-07,2025-05,2025-05-10,Free,B
205,UK,Manchester,Mobile,Organic Search,2025-02-16,2025-02,,Free,A
206,India,Mumbai,Mobile,Referral,2025-09-20,2025-09,2025-09-22,Free,B
207,UK,Manchester,Desktop,Google Ads,2025-03-22,2025-03,2025-04-03,Free,B
208,UK,London,Desktop,Email Campaign,2025-10-27,2025-10,2025-11-04,Pro,B
209,USA,New York,Desktop,Email Campaign,2025-12-13,2025-12,2025-12-18,Free,B
210,USA,San Francisco,Desktop,Organic Search,2025-11-17,2025-11,2025-11-28,Free,A
211,India,Bengaluru,Mobile,Referral,2025-10-10,2025-10,2025-10-23,Free,B
212,USA,Austin,Tablet,Google Ads,2025-01-07,2025-01,2025-01-17,Free,B
213,USA,San Francisco,Mobile,Referral,2025-01-29,2025-01,,Free,A
214,UK,Manchester,Desktop,Organic Search,2025-07-18,2025-07,,Pro,B
215,USA,New York,Desktop,Organic Search,2025-01-10,2025-01,2025-01-14,Free,A
216,Germany,Berlin,Desktop,Organic Search,2025-10-28,2025-10,,Pro,B
217,USA,Austin,Desktop,Organic Search,2025-07-24,2025-07,2025-07-27,Basic,B
218,India,Bengaluru,Desktop,Referral,2025-08-16,2025-08,2025-08-17,Free,B
219,India,Hyderabad,Desktop,Organic Search,2025-10-17,2025-10,2025-10-20,Pro,A
220,Canada,Toronto,Desktop,Organic Search,2025-03-17,2025-03,2025-03-25,Free,A
221,Germany,Berlin,Desktop,Google Ads,2025-03-01,2025-03,2025-03-14,Pro,B
222,Germany,Berlin,Desktop,Organic Search,2025-02-04,2025-02,2025-02-15,Basic,B
223,UK,Manchester,Desktop,Organic Search,2025-10-28,2025-10,,Free,A
224,UK,London,Mobile,Google Ads,2025-02-01,2025-02,2025-02-02,Free,B
225,India,Mumbai,Mobile,Organic Search,2025-10-24,2025-10,2025-10-25,Free,B
226,India,Hyderabad,Tablet,Email Campaign,2025-05-07,2025-05,2025-05-12,Pro,A
227,UK,Manchester,Mobile,Organic Search,2025-11-30,2025-11,2025-12-01,Free,A
228,India,Bengaluru,Desktop,Organic Search,2025-10-30,2025-10,2025-10-30,Free,B
229,India,Bengaluru,Desktop,Google Ads,2025-06-09,2025-06,2025-06-15,Free,A
230,India,Mumbai,Desktop,Organic Search,2025-03-17,2025-03,2025-03-17,Basic,A
231,India,Hyderabad,Desktop,Organic Search,2025-05-10,2025-05,2025-05-19,Free,B
232,UK,London,Tablet,Organic Search,2025-02-24,2025-02,2025-02-24,Free,A
233,India,Mumbai,Mobile,Referral,2025-02-18,2025-02,,Pro,B
234,USA,Austin,Desktop,Organic Search,2025-09-01,2025-09,2025-09-05,Free,A
235,UK,Manchester,Desktop,Organic Search,2025-08-14,2025-08,2025-08-20,Pro,B
236,UK,London,Mobile,Organic Search,2025-05-17,2025-05,2025-05-22,Basic,A
237,India,Hyderabad,Desktop,Organic Search,2025-10-06,2025-10,2025-10-10,Free,B
238,India,Hyderabad,Desktop,Referral,2025-02-23,2025-02,2025-03-05,Free,B
239,USA,Austin,Desktop,Organic Search,2025-03-13,2025-03,2025-03-25,Pro,B
240,India,Bengaluru,Desktop,Organic Search,2025-05-15,2025-05,2025-05-27,Basic,B
241,India,Mumbai,Desktop,Referral,2025-02-05,2025-02,2025-02-06,Free,A
242,India,Bengaluru,Desktop,Organic Search,2025-11-03,2025-11,,Free,A
243,Canada,Vancouver,Desktop,Organic Search,2025-10-01,2025-10,2025-10-13,Free,A
244,India,Bengaluru,Desktop,Organic Search,2025-08-19,2025-08,,Basic,A
245,India,Bengaluru,Desktop,Referral,2025-05-07,2025-05,2025-05-18,Free,B
246,India,Mumbai,Mobile,Referral,2025-09-10,2025-09,,Free,A
247,India,Hyderabad,Desktop,Referral,2025-05-22,2025-05,2025-05-23,Free,B
248,USA,New York,Desktop,Email Campaign,2025-05-31,2025-05,,Free,B
249,India,Mumbai,Mobile,Organic Search,2025-10-29,2025-10,2025-10-31,Pro,B
250,UK,London,Desktop,Organic Search,2025-11-18,2025-11,2025-11-27,Free,A
251,Canada,Toronto,Mobile,Referral,2025-09-02,2025-09,2025-09-09,Free,B
252,India,Bengaluru,Desktop,Google Ads,2025-04-13,2025-04,2025-04-16,Basic,B
253,India,Hyderabad,Mobile,Google Ads,2025-04-11,2025-04,2025-04-20,Pro,A
254,UK,London,Desktop,Organic Search,2025-12-15,2025-12,2025-12-15,Free,A
255,Germany,Berlin,Desktop,Organic Search,2025-04-27,2025-04,2025-05-01,Free,A
256,India,Mumbai,Desktop,Organic Search,2025-02-19,2025-02,2025-02-28,Free,B
257,Germany,Berlin,Desktop,Google Ads,2025-12-29,2025-12,2026-01-09,Basic,A
258,India,Hyderabad,Desktop,Email Campaign,2025-08-13,2025-08,,Basic,A
259,India,Bengaluru,Desktop,Google Ads,2025-04-06,2025-04,2025-04-13,Free,B
260,Germany,Berlin,Mobile,Referral,2025-10-22,2025-10,2025-10-24,Free,A
261,Canada,Vancouver,Desktop,Google Ads,2025-01-22,2025-01,2025-02-03,Free,A
262,India,Hyderabad,Tablet,Google Ads,2025-08-20,2025-08,,Free,A
263,India,Mumbai,Desktop,Organic Search,2025-03-10,2025-03,2025-03-16,Free,B
264,India,Mumbai,Mobile,Referral,2025-05-28,2025-05,2025-06-01,Free,B
265,India,Hyderabad,Desktop,Organic Search,2025-01-14,2025-01,2025-01-14,Basic,B
266,India,Bengaluru,Desktop,Referral,2025-09-30,2025-09,2025-10-11,Basic,A
267,USA,New York,Mobile,Organic Search,2025-05-07,2025-05,2025-05-12,Free,A
268,USA,San Francisco,Desktop,Referral,2025-12-25,2025-12,,Free,A
269,India,Mumbai,Mobile,Referral,2025-12-09,2025-12,,Free,A
270,USA,Austin,Mobile,Email Campaign,2025-06-14,2025-06,,Free,A
271,USA,New York,Desktop,Email Campaign,2025-10-29,2025-10,2025-11-06,Free,B
272,India,Mumbai,Desktop,Google Ads,2025-09-07,2025-09,,Free,A
273,Canada,Toronto,Mobile,Organic Search,2025-09-01,2025-09,2025-09-07,Free,B
274,India,Hyderabad,Desktop,Organic Search,2025-07-20,2025-07,2025-08-01,Free,B
275,India,Mumbai,Desktop,Google Ads,2025-08-11,2025-08,2025-08-22,Free,A
276,Canada,Vancouver,Mobile,Google Ads,2025-10-22,2025-10,2025-11-05,Pro,B
277,India,Bengaluru,Desktop,Organic Search,2025-12-21,2025-12,,Free,B
278,India,Bengaluru,Tablet,Referral,2025-06-22,2025-06,,Free,B
279,UK,Manchester,Desktop,Organic Search,2025-12-29,2025-12,2026-01-01,Free,B
280,Canada,Toronto,Mobile,Organic Search,2025-10-16,2025-10,2025-10-27,Free,A
281,Germany,Berlin,Desktop,Referral,2025-04-25,2025-04,2025-05-02,Free,B
282,Canada,Toronto,Desktop,Organic Search,2025-08-18,2025-08,,Pro,B
283,USA,New York,Mobile,Google Ads,2025-04-24,2025-04,2025-05-04,Free,A
284,Canada,Vancouver,Desktop,Referral,2025-05-01,2025-05,2025-05-05,Free,A
285,Germany,Munich,Mobile,Organic Search,2025-01-03,2025-01,,Free,B
286,USA,San Francisco,Mobile,Referral,2025-09-14,2025-09,2025-09-23,Basic,B
287,Germany,Munich,Desktop,Google Ads,2025-02-21,2025-02,2025-02-24,Free,A
288,India,Hyderabad,Mobile,Email Campaign,2025-09-24,2025-09,2025-09-26,Basic,A
289,USA,San Francisco,Desktop,Google Ads,2025-08-09,2025-08,,Pro,B
290,Canada,Vancouver,Desktop,Referral,2025-02-21,2025-02,2025-03-06,Free,A
291,Germany,Berlin,Desktop,Google Ads,2025-01-27,2025-01,2025-02-08,Free,A
292,India,Hyderabad,Desktop,Google Ads,2025-11-06,2025-11,,Basic,A
293,India,Mumbai,Mobile,Referral,2025-12-04,2025-12,2025-12-13,Free,B
294,India,Mumbai,Desktop,Organic Search,2025-12-13,2025-12,2025-12-15,Free,A
295,USA,New York,Mobile,Organic Search,2025-01-13,2025-01,2025-01-14,Free,B
296,India,Bengaluru,Desktop,Organic Search,2025-09-05,2025-09,2025-09-05,Pro,B
297,India,Mumbai,Desktop,Organic Search,2025-03-17,2025-03,2025-03-20,Free,A
298,UK,Manchester,Desktop,Organic Search,2025-04-27,2025-04,2025-05-08,Free,B
299,USA,New York,Tablet,Organic Search,2025-01-12,2025-01,2025-01-24,Free,B
300,USA,Austin,Desktop,Referral,2025-04-13,2025-04,2025-04-25,Free,B
301,India,Mumbai,Desktop,Referral,2025-03-14,2025-03,2025-03-18,Free,A
302,USA,San Francisco,Desktop,Organic Search,2025-12-20,2025-12,2025-12-26,Free,B
303,UK,Manchester,Desktop,Google Ads,2025-04-19,2025-04,2025-04-28,Basic,B
304,India,Hyderabad,Mobile,Google Ads,2025-07-24,2025-07,,Pro,A
305,UK,London,Mobile,Referral,2025-08-21,2025-08,,Free,A
306,USA,San Francisco,Tablet,Organic Search,2025-11-09,2025-11,,Free,A
307,USA,San Francisco,Desktop,Google Ads,2025-05-26,2025-05,2025-06-02,Free,A
308,India,Hyderabad,Mobile,Organic Search,2025-07-07,2025-07,2025-07-17,Free,B
309,Canada,Toronto,Desktop,Referral,2025-04-25,2025-04,2025-04-26,Free,B
310,UK,London,Desktop,Organic Search,2025-12-20,2025-12,,Free,A
311,UK,London,Mobile,Organic Search,2025-03-19,2025-03,2025-03-27,Free,A
312,UK,Manchester,Desktop,Referral,2025-11-10,2025-11,2025-11-19,Basic,B
313,India,Hyderabad,Desktop,Organic Search,2025-02-13,2025-02,2025-02-21,Pro,B
314,Canada,Vancouver,Mobile,Email Campaign,2025-01-19,2025-01,2025-01-29,Free,A
315,Canada,Toronto,Desktop,Organic Search,2025-09-19,2025-09,2025-09-21,Free,B
316,Canada,Toronto,Desktop,Organic Search,2025-06-16,2025-06,2025-06-23,Basic,B
317,USA,San Francisco,Desktop,Google Ads,2025-03-07,2025-03,2025-03-20,Free,B
318,USA,San Francisco,Desktop,Referral,2025-03-08,2025-03,,Basic,A
319,USA,Austin,Desktop,Google Ads,2025-12-15,2025-12,2025-12-23,Free,A
320,Canada,Vancouver,Mobile,Google Ads,2025-11-20,2025-11,2025-12-02,Free,A
321,USA,Austin,Desktop,Organic Search,2025-09-08,2025-09,2025-09-11,Basic,A
322,Germany,Munich,Desktop,Organic Search,2025-05-02,2025-05,2025-05-14,Free,B
323,UK,London,Desktop,Organic Search,2025-12-20,2025-12,,Pro,A
324,UK,Manchester,Desktop,Organic Search,2025-07-16,2025-07,2025-07-27,Free,B
325,India,Mumbai,Mobile,Organic Search,2025-01-21,2025-01,2025-01-22,Free,A
326,India,Mumbai,Desktop,Organic Search,2025-02-04,2025-02,2025-02-04,Free,B
327,UK,London,Desktop,Organic Search,2025-08-05,2025-08,2025-08-10,Free,A
328,Germany,Berlin,Desktop,Google Ads,2025-10-01,2025-10,2025-10-07,Free,A
329,India,Mumbai,Desktop,Google Ads,2025-04-09,2025-04,,Free,A
330,Germany,Munich,Mobile,Referral,2025-10-14,2025-10,,Basic,A
331,UK,London,Desktop,Google Ads,2025-03-02,2025-03,2025-03-10,Free,A
332,India,Bengaluru,Mobile,Email Campaign,2025-06-10,2025-06,2025-06-19,Pro,A
333,Canada,Vancouver,Desktop,Referral,2025-07-05,2025-07,2025-07-16,Free,A
334,UK,London,Mobile,Organic Search,2025-09-29,2025-09,2025-10-07,Free,A
335,UK,London,Mobile,Referral,2025-01-02,2025-01,,Free,B
336,UK,Manchester,Desktop,Organic Search,2025-08-11,2025-08,2025-08-17,Free,A
337,USA,New York,Desktop,Referral,2025-12-04,2025-12,2025-12-10,Free,B
338,USA,Austin,Desktop,Organic Search,2025-12-09,2025-12,,Free,B
339,India,Bengaluru,Desktop,Organic Search,2025-01-10,2025-01,2025-01-12,Pro,B
340,USA,New York,Desktop,Email Campaign,2025-06-20,2025-06,2025-06-21,Free,A
341,Canada,Vancouver,Desktop,Organic Search,2025-07-30,2025-07,2025-07-31,Free,A
342,Canada,Toronto,Desktop,Email Campaign,2025-07-23,2025-07,2025-07-30,Free,B
343,India,Bengaluru,Mobile,Referral,2025-10-24,2025-10,,Free,B
344,USA,San Francisco,Desktop,Referral,2025-01-07,2025-01,2025-01-16,Free,B
345,Germany,Berlin,Mobile,Organic Search,2025-06-17,2025-06,2025-07-01,Free,A
346,UK,London,Mobile,Google Ads,2025-03-13,2025-03,,Basic,A
347,Canada,Vancouver,Mobile,Email Campaign,2025-05-19,2025-05,2025-05-23,Free,A
348,Canada,Vancouver,Mobile,Referral,2025-12-26,2025-12,2026-01-04,Free,A
349,USA,San Francisco,Desktop,Referral,2025-11-26,2025-11,2025-12-04,Basic,B
350,India,Mumbai,Desktop,Organic Search,2025-09-22,2025-09,,Basic,A
351,USA,San Francisco,Desktop,Email Campaign,2025-07-30,2025-07,,Free,B
352,UK,London,Desktop,Referral,2025-01-06,2025-01,2025-01-16,Free,B
353,Germany,Munich,Desktop,Google Ads,2025-08-09,2025-08,2025-08-09,Free,B
354,Germany,Munich,Desktop,Referral,2025-04-15,2025-04,2025-04-23,Basic,B
355,UK,Manchester,Mobile,Organic Search,2025-01-02,2025-01,2025-01-12,Free,B
356,USA,New York,Desktop,Organic Search,2025-02-01,2025-02,2025-02-05,Free,A
357,India,Hyderabad,Mobile,Google Ads,2025-08-28,2025-08,,Free,A
358,India,Hyderabad,Desktop,Organic Search,2025-07-30,2025-07,2025-08-12,Free,B
359,India,Hyderabad,Desktop,Google Ads,2025-04-01,2025-04,2025-04-09,Basic,A
360,India,Bengaluru,Mobile,Organic Search,2025-10-05,2025-10,2025-10-15,Free,B
361,Canada,Toronto,Mobile,Email Campaign,2025-05-25,2025-05,,Pro,B
362,USA,New York,Desktop,Organic Search,2025-09-06,2025-09,2025-09-09,Free,B
363,India,Mumbai,Desktop,Organic Search,2025-05-21,2025-05,,Free,A
364,India,Hyderabad,Mobile,Google Ads,2025-07-25,2025-07,2025-08-01,Free,B
365,India,Bengaluru,Desktop,Organic Search,2025-07-14,2025-07,2025-07-19,Free,A
366,UK,London,Mobile,Organic Search,2025-08-18,2025-08,2025-08-28,Free,B
367,India,Bengaluru,Mobile,Google Ads,2025-11-27,2025-11,2025-12-01,Basic,B
368,UK,London,Desktop,Google Ads,2025-10-30,2025-10,2025-11-04,Basic,B
369,USA,New York,Desktop,Referral,2025-01-07,2025-01,2025-01-17,Pro,B
370,USA,San Francisco,Mobile,Organic Search,2025-05-05,2025-05,2025-05-12,Basic,B
371,India,Mumbai,Desktop,Google Ads,2025-05-30,2025-05,2025-06-01,Pro,B
372,India,Bengaluru,Mobile,Organic Search,2025-11-01,2025-11,2025-11-15,Free,B
373,India,Mumbai,Mobile,Email Campaign,2025-07-16,2025-07,2025-07-25,Free,A
374,India,Mumbai,Mobile,Organic Search,2025-06-02,2025-06,2025-06-08,Free,A
375,India,Hyderabad,Mobile,Google Ads,2025-06-24,2025-06,2025-07-07,Free,A
376,India,Bengaluru,Desktop,Organic Search,2025-07-07,2025-07,2025-07-21,Free,B
377,USA,Austin,Mobile,Organic Search,2025-02-12,2025-02,2025-02-12,Basic,B
378,USA,San Francisco,Mobile,Email Campaign,2025-06-24,2025-06,2025-07-08,Free,A
379,UK,London,Desktop,Email Campaign,2025-05-18,2025-05,2025-05-24,Free,B
380,Canada,Toronto,Mobile,Organic Search,2025-03-21,2025-03,2025-03-26,Basic,B
381,Germany,Berlin,Mobile,Organic Search,2025-10-05,2025-10,2025-10-14,Free,B
382,USA,New York,Mobile,Google Ads,2025-10-09,2025-10,,Free,B
383,USA,Austin,Mobile,Google Ads,2025-12-20,2025-12,2025-12-31,Free,A
384,Germany,Munich,Desktop,Google Ads,2025-05-13,2025-05,2025-05-14,Free,B
385,India,Hyderabad,Desktop,Google Ads,2025-08-05,2025-08,2025-08-17,Free,A
386,India,Bengaluru,Tablet,Email Campaign,2025-10-19,2025-10,2025-10-25,Free,B
387,India,Hyderabad,Tablet,Google Ads,2025-06-17,2025-06,2025-06-21,Free,B
388,India,Bengaluru,Desktop,Organic Search,2025-11-19,2025-11,2025-11-30,Free,A
389,India,Hyderabad,Desktop,Referral,2025-10-24,2025-10,2025-10-26,Free,B
390,UK,London,Desktop,Google Ads,2025-06-14,2025-06,2025-06-18,Free,A
391,India,Hyderabad,Mobile,Organic Search,2025-01-24,2025-01,2025-01-24,Free,B
392,USA,Austin,Desktop,Organic Search,2025-09-30,2025-09,2025-10-02,Free,A
393,Canada,Toronto,Desktop,Organic Search,2025-08-19,2025-08,2025-08-30,Free,A
394,Germany,Berlin,Desktop,Referral,2025-01-08,2025-01,2025-01-16,Free,A
395,India,Hyderabad,Desktop,Referral,2025-08-19,2025-08,,Free,B
396,India,Mumbai,Desktop,Organic Search,2025-02-19,2025-02,2025-02-28,Free,A
397,India,Mumbai,Mobile,Google Ads,2025-04-20,2025-04,2025-04-27,Basic,A
398,India,Bengaluru,Mobile,Referral,2025-08-26,2025-08,2025-09-01,Free,B
399,USA,Austin,Desktop,Organic Search,2025-10-26,2025-10,2025-11-02,Free,B
400,India,Mumbai,Mobile,Referral,2025-06-22,2025-06,2025-06-24,Free,A
401,India,Mumbai,Desktop,Organic Search,2025-09-17,2025-09,2025-09-25,Basic,B
402,India,Bengaluru,Desktop,Organic Search,2025-07-14,2025-07,2025-07-22,Free,B
403,India,Hyderabad,Desktop,Google Ads,2025-08-23,2025-08,,Free,B
404,India,Bengaluru,Mobile,Organic Search,2025-12-23,2025-12,2025-12-23,Basic,B
405,UK,Manchester,Mobile,Organic Search,2025-12-07,2025-12,2025-12-13,Free,A
406,India,Hyderabad,Desktop,Google Ads,2025-04-12,2025-04,2025-04-20,Pro,B
407,India,Hyderabad,Desktop,Email Campaign,2025-11-22,2025-11,2025-12-04,Free,B
408,India,Hyderabad,Desktop,Referral,2025-05-27,2025-05,2025-06-01,Free,B
409,India,Bengaluru,Desktop,Referral,2025-02-02,2025-02,2025-02-12,Pro,B
410,India,Hyderabad,Tablet,Organic Search,2025-01-10,2025-01,,Free,B
411,India,Hyderabad,Mobile,Organic Search,2025-02-08,2025-02,2025-02-10,Free,B
412,India,Hyderabad,Mobile,Organic Search,2025-09-06,2025-09,2025-09-12,Free,A
413,Germany,Munich,Desktop,Google Ads,2025-12-31,2025-12,2026-01-06,Basic,B
414,UK,London,Tablet,Organic Search,2025-10-05,2025-10,2025-10-07,Free,B
415,UK,London,Desktop,Referral,2025-04-15,2025-04,2025-04-27,Free,A
416,India,Bengaluru,Desktop,Referral,2025-03-05,2025-03,,Pro,A
417,USA,New York,Desktop,Referral,2025-05-10,2025-05,,Pro,B
418,India,Mumbai,Desktop,Referral,2025-09-05,2025-09,2025-09-18,Free,A
419,USA,Austin,Mobile,Referral,2025-11-15,2025-11,,Basic,A
420,India,Hyderabad,Desktop,Google Ads,2025-10-27,2025-10,2025-10-31,Free,B
421,India,Hyderabad,Mobile,Organic Search,2025-03-31,2025-03,2025-03-31,Free,A
422,India,Mumbai,Desktop,Google Ads,2025-05-11,2025-05,2025-05-18,Free,B
423,UK,Manchester,Desktop,Referral,2025-04-03,2025-04,,Pro,B
424,India,Bengaluru,Mobile,Google Ads,2025-07-19,2025-07,2025-07-27,Free,B
425,UK,London,Tablet,Organic Search,2025-04-29,2025-04,,Free,A
426,India,Bengaluru,Mobile,Email Campaign,2025-03-09,2025-03,2025-03-10,Free,B
427,Germany,Berlin,Mobile,Organic Search,2025-06-08,2025-06,2025-06-16,Free,B
428,USA,San Francisco,Mobile,Organic Search,2025-01-18,2025-01,2025-01-29,Free,B
429,USA,New York,Desktop,Referral,2025-10-10,2025-10,2025-10-16,Free,B
430,USA,Austin,Desktop,Google Ads,2025-07-02,2025-07,2025-07-12,Free,B
431,USA,Austin,Mobile,Referral,2025-02-11,2025-02,2025-02-15,Pro,A
432,UK,Manchester,Desktop,Referral,2025-08-09,2025-08,,Free,B
433,India,Mumbai,Mobile,Referral,2025-01-31,2025-01,,Free,B
434,Germany,Berlin,Tablet,Referral,2025-04-01,2025-04,2025-04-04,Basic,A
435,India,Bengaluru,Desktop,Google Ads,2025-10-17,2025-10,2025-10-17,Free,A
436,Canada,Vancouver,Mobile,Referral,2025-05-18,2025-05,2025-05-18,Basic,A
437,UK,Manchester,Desktop,Organic Search,2025-09-28,2025-09,2025-10-01,Free,B
438,USA,New York,Desktop,Organic Search,2025-09-29,2025-09,2025-10-13,Free,A
439,India,Bengaluru,Tablet,Organic Search,2025-01-21,2025-01,2025-02-02,Basic,A
440,India,Mumbai,Desktop,Google Ads,2025-07-10,2025-07,2025-07-15,Free,A
441,Canada,Toronto,Mobile,Organic Search,2025-12-09,2025-12,2025-12-18,Free,A
442,UK,London,Mobile,Organic Search,2025-11-18,2025-11,2025-11-27,Free,A
443,USA,Austin,Desktop,Organic Search,2025-09-07,2025-09,,Free,B
444,India,Bengaluru,Desktop,Google Ads,2025-11-06,2025-11,2025-11-19,Free,A
445,India,Mumbai,Desktop,Referral,2025-07-07,2025-07,2025-07-20,Basic,A
446,Germany,Munich,Mobile,Referral,2025-04-16,2025-04,2025-04-24,Free,A
447,India,Hyderabad,Mobile,Organic Search,2025-05-19,2025-05,2025-05-19,Free,B
448,Germany,Munich,Desktop,Google Ads,2025-06-09,2025-06,2025-06-10,Free,A
449,India,Mumbai,Desktop,Referral,2025-11-17,2025-11,2025-11-27,Free,A
450,USA,New York,Mobile,Organic Search,2025-02-05,2025-02,2025-02-06,Free,B
451,India,Hyderabad,Desktop,Organic Search,2025-12-27,2025-12,,Free,B
452,USA,Austin,Desktop,Organic Search,2025-09-17,2025-09,2025-09-18,Free,B
453,India,Hyderabad,Desktop,Referral,2025-08-14,2025-08,2025-08-15,Free,A
454,India,Mumbai,Desktop,Google Ads,2025-01-08,2025-01,2025-01-20,Free,B
455,India,Hyderabad,Desktop,Referral,2025-10-23,2025-10,2025-10-26,Free,B
456,USA,New York,Desktop,Organic Search,2025-07-28,2025-07,,Free,A
457,India,Bengaluru,Desktop,Google Ads,2025-01-03,2025-01,2025-01-09,Free,B
458,USA,New York,Desktop,Organic Search,2025-01-04,2025-01,2025-01-14,Free,B
459,India,Bengaluru,Desktop,Referral,2025-08-31,2025-08,2025-09-07,Basic,B
460,India,Mumbai,Mobile,Organic Search,2025-10-02,2025-10,2025-10-16,Free,B
461,India,Bengaluru,Desktop,Google Ads,2025-07-09,2025-07,2025-07-18,Free,B
462,Germany,Berlin,Desktop,Google Ads,2025-08-01,2025-08,2025-08-03,Basic,A
463,India,Hyderabad,Desktop,Organic Search,2025-05-13,2025-05,2025-05-19,Basic,A
464,India,Mumbai,Mobile,Organic Search,2025-02-18,2025-02,2025-02-19,Pro,A
465,Germany,Berlin,Mobile,Organic Search,2025-02-20,2025-02,,Free,A
466,India,Bengaluru,Desktop,Google Ads,2025-08-26,2025-08,2025-09-04,Free,A
467,Canada,Toronto,Desktop,Referral,2025-06-04,2025-06,2025-06-05,Basic,A
468,Canada,Vancouver,Desktop,Google Ads,2025-09-21,2025-09,2025-10-01,Free,B
469,India,Bengaluru,Mobile,Referral,2025-04-25,2025-04,2025-04-30,Free,B
470,India,Mumbai,Desktop,Organic Search,2025-09-16,2025-09,2025-09-16,Free,B
471,India,Hyderabad,Mobile,Organic Search,2025-03-23,2025-03,2025-04-02,Free,A
472,Germany,Munich,Mobile,Google Ads,2025-11-28,2025-11,2025-12-03,Basic,A
473,Canada,Toronto,Mobile,Referral,2025-03-24,2025-03,2025-04-06,Free,A
474,UK,London,Desktop,Organic Search,2025-08-30,2025-08,,Basic,B
475,India,Mumbai,Desktop,Organic Search,2025-01-03,2025-01,2025-01-08,Free,B
476,USA,New York,Mobile,Referral,2025-10-18,2025-10,2025-10-30,Free,A
477,USA,San Francisco,Mobile,Email Campaign,2025-10-02,2025-10,2025-10-12,Free,A
478,India,Hyderabad,Mobile,Organic Search,2025-08-08,2025-08,2025-08-20,Free,B
479,Germany,Berlin,Mobile,Organic Search,2025-02-16,2025-02,2025-02-19,Free,B
480,Germany,Munich,Desktop,Organic Search,2025-03-10,2025-03,2025-03-24,Free,B
481,USA,Austin,Mobile,Organic Search,2025-04-24,2025-04,2025-04-30,Pro,B
482,India,Bengaluru,Desktop,Organic Search,2025-10-05,2025-10,,Free,B
483,USA,New York,Mobile,Google Ads,2025-04-14,2025-04,2025-04-17,Pro,A
484,UK,London,Mobile,Google Ads,2025-08-29,2025-08,2025-09-05,Free,A
485,Germany,Berlin,Desktop,Organic Search,2025-06-30,2025-06,,Free,A
486,USA,New York,Desktop,Organic Search,2025-06-30,2025-06,2025-07-13,Free,B
487,Canada,Vancouver,Mobile,Referral,2025-01-11,2025-01,,Free,B
488,India,Mumbai,Desktop,Google Ads,2025-05-30,2025-05,2025-06-12,Basic,A
489,India,Mumbai,Desktop,Google Ads,2025-12-04,2025-12,2025-12-05,Basic,A
490,Germany,Berlin,Desktop,Google Ads,2025-03-07,2025-03,,Free,A
491,UK,Manchester,Desktop,Organic Search,2025-04-14,2025-04,2025-04-14,Free,A
492,India,Hyderabad,Mobile,Google Ads,2025-09-28,2025-09,,Free,B
493,USA,New York,Desktop,Google Ads,2025-07-09,2025-07,2025-07-11,Free,B
494,Germany,Berlin,Desktop,Google Ads,2025-09-04,2025-09,,Free,B
495,Canada,Vancouver,Desktop,Google Ads,2025-10-22,2025-10,2025-10-24,Free,B
496,Germany,Munich,Desktop,Organic Search,2025-08-10,2025-08,2025-08-15,Pro,B
497,Canada,Vancouver,Mobile,Email Campaign,2025-02-23,2025-02,2025-02-24,Free,A
498,India,Mumbai,Mobile,Organic Search,2025-01-26,2025-01,2025-02-02,Free,B
499,Canada,Vancouver,Desktop,Organic Search,2025-07-23,2025-07,,Basic,B
500,India,Hyderabad,Desktop,Organic Search,2025-02-03,2025-02,2025-02-14,Free,A
501,Germany,Munich,Mobile,Google Ads,2025-02-27,2025-02,,Free,B
502,USA,San Francisco,Mobile,Organic Search,2025-08-02,2025-08,2025-08-16,Free,A
503,India,Hyderabad,Tablet,Organic Search,2025-06-15,2025-06,2025-06-25,Pro,A
504,India,Mumbai,Desktop,Organic Search,2025-08-20,2025-08,2025-09-01,Free,A
505,India,Mumbai,Mobile,Google Ads,2025-08-15,2025-08,2025-08-19,Pro,B
506,USA,Austin,Mobile,Google Ads,2025-06-08,2025-06,2025-06-08,Free,A
507,USA,San Francisco,Desktop,Organic Search,2025-03-13,2025-03,2025-03-17,Pro,B
508,USA,New York,Mobile,Referral,2025-10-23,2025-10,2025-10-28,Free,A
509,India,Hyderabad,Desktop,Referral,2025-04-15,2025-04,,Basic,A
510,USA,San Francisco,Desktop,Email Campaign,2025-07-29,2025-07,2025-08-08,Basic,B
511,India,Bengaluru,Desktop,Referral,2025-12-25,2025-12,2025-12-30,Free,A
512,India,Mumbai,Desktop,Organic Search,2025-08-05,2025-08,2025-08-11,Pro,B
513,UK,Manchester,Mobile,Organic Search,2025-12-24,2025-12,2025-12-27,Basic,A
514,UK,Manchester,Desktop,Organic Search,2025-06-29,2025-06,2025-07-11,Free,A
515,Germany,Berlin,Desktop,Organic Search,2025-10-13,2025-10,2025-10-13,Free,A
516,Germany,Berlin,Desktop,Google Ads,2025-12-25,2025-12,2025-12-30,Free,A
517,India,Bengaluru,Desktop,Organic Search,2025-01-27,2025-01,2025-02-09,Free,B
518,USA,New York,Mobile,Organic Search,2025-09-20,2025-09,2025-09-22,Basic,A
519,India,Bengaluru,Desktop,Organic Search,2025-10-10,2025-10,,Free,B
520,India,Bengaluru,Desktop,Google Ads,2025-09-16,2025-09,2025-09-30,Basic,B
521,UK,Manchester,Mobile,Organic Search,2025-04-06,2025-04,2025-04-06,Free,B
522,India,Hyderabad,Desktop,Organic Search,2025-04-15,2025-04,2025-04-24,Basic,B
523,India,Bengaluru,Desktop,Organic Search,2025-03-22,2025-03,2025-03-26,Free,B
524,USA,San Francisco,Mobile,Organic Search,2025-06-04,2025-06,2025-06-14,Basic,A
525,India,Bengaluru,Desktop,Organic Search,2025-02-08,2025-02,,Basic,A
526,India,Hyderabad,Mobile,Organic Search,2025-03-19,2025-03,2025-03-31,Basic,A
527,India,Mumbai,Desktop,Email Campaign,2025-09-02,2025-09,2025-09-11,Free,B
528,USA,New York,Desktop,Google Ads,2025-05-16,2025-05,2025-05-23,Free,B
529,UK,Manchester,Mobile,Referral,2025-12-02,2025-12,2025-12-12,Free,A
530,India,Bengaluru,Desktop,Email Campaign,2025-05-29,2025-05,,Pro,B
531,India,Mumbai,Mobile,Organic Search,2025-09-04,2025-09,,Free,A
532,USA,San Francisco,Desktop,Referral,2025-03-26,2025-03,2025-04-05,Basic,A
533,India,Hyderabad,Desktop,Google Ads,2025-06-10,2025-06,2025-06-13,Free,A
534,Germany,Munich,Mobile,Organic Search,2025-06-20,2025-06,2025-06-30,Free,A
535,UK,London,Desktop,Email Campaign,2025-08-13,2025-08,,Free,A
536,India,Hyderabad,Desktop,Organic Search,2025-11-22,2025-11,2025-12-03,Free,A
537,UK,Manchester,Mobile,Google Ads,2025-05-08,2025-05,,Free,B
538,USA,Austin,Tablet,Organic Search,2025-11-30,2025-11,,Free,A
539,USA,New York,Desktop,Organic Search,2025-08-06,2025-08,,Basic,A
540,India,Hyderabad,Desktop,Organic Search,2025-08-27,2025-08,,Free,A
541,USA,New York,Mobile,Google Ads,2025-10-15,2025-10,2025-10-25,Free,B
542,India,Hyderabad,Desktop,Referral,2025-10-09,2025-10,,Free,B
543,Germany,Munich,Desktop,Referral,2025-01-24,2025-01,,Free,B
544,UK,Manchester,Mobile,Google Ads,2025-02-23,2025-02,2025-03-04,Pro,B
545,India,Bengaluru,Mobile,Organic Search,2025-12-13,2025-12,2025-12-26,Free,A
546,India,Hyderabad,Desktop,Referral,2025-05-03,2025-05,2025-05-11,Free,B
547,India,Mumbai,Desktop,Organic Search,2025-02-05,2025-02,2025-02-06,Free,A
548,India,Mumbai,Desktop,Email Campaign,2025-11-20,2025-11,,Free,A
549,India,Hyderabad,Mobile,Google Ads,2025-10-19,2025-10,2025-10-20,Basic,B
550,India,Mumbai,Mobile,Google Ads,2025-07-08,2025-07,,Basic,B
551,UK,Manchester,Desktop,Referral,2025-12-13,2025-12,2025-12-15,Basic,B
552,India,Bengaluru,Desktop,Organic Search,2025-09-06,2025-09,2025-09-18,Free,B
553,USA,San Francisco,Desktop,Google Ads,2025-08-25,2025-08,2025-08-29,Basic,A
554,India,Hyderabad,Mobile,Google Ads,2025-10-14,2025-10,2025-10-19,Free,B
555,India,Bengaluru,Mobile,Google Ads,2025-03-11,2025-03,2025-03-17,Free,A
556,USA,Austin,Mobile,Referral,2025-11-05,2025-11,2025-11-08,Basic,A
557,UK,London,Desktop,Google Ads,2025-12-03,2025-12,2025-12-17,Free,B
558,USA,New York,Mobile,Organic Search,2025-06-17,2025-06,,Free,B
559,India,Bengaluru,Mobile,Organic Search,2025-04-24,2025-04,2025-04-24,Free,A
560,India,Bengaluru,Mobile,Referral,2025-07-07,2025-07,,Free,A
561,India,Mumbai,Mobile,Organic Search,2025-03-28,2025-03,2025-03-29,Free,B
562,Germany,Munich,Mobile,Google Ads,2025-02-11,2025-02,2025-02-19,Free,A
563,Canada,Toronto,Mobile,Google Ads,2025-01-07,2025-01,2025-01-19,Free,A
564,UK,Manchester,Desktop,Google Ads,2025-08-25,2025-08,2025-08-31,Free,B
565,Canada,Vancouver,Desktop,Organic Search,2025-05-01,2025-05,2025-05-10,Free,A
566,UK,London,Tablet,Organic Search,2025-07-23,2025-07,2025-07-29,Free,B
567,UK,Manchester,Desktop,Email Campaign,2025-09-14,2025-09,,Free,B
568,Germany,Munich,Mobile,Referral,2025-03-11,2025-03,2025-03-18,Basic,B
569,USA,San Francisco,Desktop,Google Ads,2025-09-26,2025-09,2025-09-29,Pro,A
570,Germany,Munich,Desktop,Organic Search,2025-11-08,2025-11,,Free,B
571,USA,Austin,Desktop,Google Ads,2025-08-11,2025-08,2025-08-24,Free,B
572,India,Bengaluru,Desktop,Google Ads,2025-04-07,2025-04,2025-04-09,Free,B
573,USA,New York,Desktop,Google Ads,2025-12-06,2025-12,,Basic,B
574,India,Mumbai,Mobile,Referral,2025-11-24,2025-11,2025-11-28,Free,A
575,UK,Manchester,Mobile,Referral,2025-11-19,2025-11,,Basic,A
576,India,Hyderabad,Mobile,Google Ads,2025-04-28,2025-04,2025-05-11,Free,A
577,India,Hyderabad,Desktop,Referral,2025-08-09,2025-08,2025-08-23,Basic,B
578,Germany,Munich,Mobile,Organic Search,2025-10-26,2025-10,2025-11-09,Free,A
579,India,Bengaluru,Desktop,Referral,2025-01-12,2025-01,2025-01-20,Free,B
580,Canada,Toronto,Desktop,Organic Search,2025-05-08,2025-05,2025-05-10,Free,A
581,India,Hyderabad,Tablet,Referral,2025-06-08,2025-06,2025-06-14,Basic,B
582,UK,Manchester,Desktop,Organic Search,2025-10-19,2025-10,,Basic,B
583,India,Mumbai,Desktop,Google Ads,2025-09-06,2025-09,,Free,B
584,UK,London,Desktop,Google Ads,2025-02-03,2025-02,2025-02-07,Free,A
585,India,Bengaluru,Mobile,Organic Search,2025-04-08,2025-04,2025-04-18,Free,A
586,UK,Manchester,Mobile,Organic Search,2025-03-24,2025-03,2025-03-27,Free,B
587,India,Bengaluru,Mobile,Referral,2025-07-04,2025-07,,Basic,B
588,USA,New York,Mobile,Google Ads,2025-10-13,2025-10,2025-10-19,Free,B
589,Canada,Toronto,Desktop,Referral,2025-11-06,2025-11,2025-11-18,Basic,A
590,India,Bengaluru,Tablet,Referral,2025-11-03,2025-11,2025-11-11,Free,A
591,USA,San Francisco,Desktop,Email Campaign,2025-05-08,2025-05,,Free,B
592,UK,Manchester,Desktop,Organic Search,2025-08-02,2025-08,2025-08-06,Free,A
593,USA,New York,Desktop,Google Ads,2025-04-18,2025-04,2025-04-29,Free,A
594,USA,New York,Tablet,Email Campaign,2025-01-13,2025-01,2025-01-26,Free,A
595,Canada,Vancouver,Desktop,Google Ads,2025-04-26,2025-04,,Free,B
596,India,Mumbai,Mobile,Google Ads,2025-11-10,2025-11,2025-11-23,Pro,A
597,Germany,Berlin,Mobile,Organic Search,2025-01-14,2025-01,2025-01-20,Free,A
598,India,Bengaluru,Desktop,Referral,2025-11-08,2025-11,,Basic,B
599,UK,Manchester,Desktop,Organic Search,2025-08-15,2025-08,,Pro,B
600,Canada,Vancouver,Desktop,Google Ads,2025-12-18,2025-12,2025-12-26,Free,B
601,UK,London,Desktop,Organic Search,2025-02-07,2025-02,2025-02-12,Free,A
602,Germany,Munich,Desktop,Google Ads,2025-03-06,2025-03,2025-03-10,Free,A
603,UK,Manchester,Desktop,Organic Search,2025-03-19,2025-03,2025-03-25,Free,B
604,India,Mumbai,Desktop,Organic Search,2025-04-15,2025-04,2025-04-27,Free,B
605,USA,Austin,Mobile,Google Ads,2025-02-05,2025-02,2025-02-10,Free,B
606,Canada,Toronto,Desktop,Email Campaign,2025-07-03,2025-07,2025-07-13,Free,A
607,India,Bengaluru,Desktop,Organic Search,2025-03-18,2025-03,2025-03-23,Basic,A
608,USA,New York,Desktop,Referral,2025-05-08,2025-05,2025-05-09,Basic,A
609,UK,London,Mobile,Organic Search,2025-03-09,2025-03,,Free,B
610,USA,New York,Desktop,Referral,2025-04-28,2025-04,2025-05-08,Free,B
611,Canada,Toronto,Desktop,Google Ads,2025-11-29,2025-11,2025-12-10,Basic,B
612,India,Mumbai,Desktop,Organic Search,2025-11-09,2025-11,2025-11-20,Free,A
613,USA,San Francisco,Mobile,Referral,2025-09-05,2025-09,,Free,B
614,India,Hyderabad,Mobile,Referral,2025-01-08,2025-01,2025-01-11,Free,A
615,India,Hyderabad,Desktop,Referral,2025-06-19,2025-06,2025-06-24,Free,A
616,India,Hyderabad,Mobile,Google Ads,2025-01-18,2025-01,,Basic,A
617,India,Bengaluru,Mobile,Email Campaign,2025-11-23,2025-11,2025-11-28,Free,B
618,Germany,Munich,Desktop,Organic Search,2025-05-02,2025-05,2025-05-05,Free,A
619,India,Bengaluru,Desktop,Google Ads,2025-03-02,2025-03,2025-03-13,Free,B
620,USA,Austin,Mobile,Email Campaign,2025-03-14,2025-03,2025-03-15,Basic,B
621,India,Mumbai,Desktop,Organic Search,2025-06-04,2025-06,2025-06-16,Pro,A
622,Germany,Berlin,Desktop,Organic Search,2025-06-11,2025-06,,Free,B
623,India,Mumbai,Desktop,Organic Search,2025-04-26,2025-04,2025-05-09,Free,A
624,USA,Austin,Mobile,Referral,2025-03-30,2025-03,2025-04-10,Basic,A
625,UK,London,Desktop,Organic Search,2025-05-31,2025-05,2025-06-06,Free,B
626,USA,San Francisco,Desktop,Referral,2025-11-08,2025-11,2025-11-19,Free,A
627,UK,Manchester,Mobile,Referral,2025-07-31,2025-07,2025-08-14,Free,A
628,Canada,Vancouver,Desktop,Email Campaign,2025-06-01,2025-06,2025-06-06,Free,B
629,USA,New York,Mobile,Organic Search,2025-05-30,2025-05,2025-06-02,Free,A
630,India,Bengaluru,Mobile,Organic Search,2025-01-03,2025-01,2025-01-14,Basic,B
631,USA,Austin,Mobile,Referral,2025-08-04,2025-08,2025-08-12,Free,B
632,UK,Manchester,Desktop,Referral,2025-09-27,2025-09,2025-10-04,Free,A
633,UK,Manchester,Mobile,Referral,2025-11-16,2025-11,2025-11-22,Basic,B
634,UK,London,Mobile,Email Campaign,2025-10-23,2025-10,2025-11-03,Free,A
635,USA,New York,Desktop,Google Ads,2025-08-21,2025-08,2025-08-31,Free,A
636,Germany,Berlin,Desktop,Referral,2025-11-07,2025-11,2025-11-08,Basic,B
637,UK,London,Desktop,Referral,2025-12-26,2025-12,2026-01-03,Free,A
638,USA,New York,Desktop,Organic Search,2025-11-12,2025-11,2025-11-12,Free,A
639,USA,New York,Mobile,Referral,2025-03-10,2025-03,2025-03-18,Basic,B
640,India,Bengaluru,Mobile,Organic Search,2025-12-18,2025-12,,Free,B
641,UK,London,Desktop,Organic Search,2025-08-01,2025-08,2025-08-06,Free,A
642,India,Bengaluru,Desktop,Email Campaign,2025-05-31,2025-05,,Free,B
643,UK,London,Desktop,Google Ads,2025-10-31,2025-10,2025-11-08,Pro,B
644,USA,New York,Desktop,Google Ads,2025-08-29,2025-08,2025-09-02,Free,B
645,India,Mumbai,Mobile,Organic Search,2025-12-24,2025-12,,Basic,B
646,USA,San Francisco,Desktop,Email Campaign,2025-06-22,2025-06,2025-06-25,Basic,A
647,Germany,Munich,Mobile,Organic Search,2025-08-05,2025-08,2025-08-13,Free,B
648,Canada,Toronto,Desktop,Organic Search,2025-05-22,2025-05,2025-06-04,Basic,B
649,India,Bengaluru,Desktop,Google Ads,2025-01-04,2025-01,2025-01-12,Free,A
650,Canada,Vancouver,Desktop,Organic Search,2025-08-29,2025-08,,Free,A
651,India,Mumbai,Desktop,Google Ads,2025-01-16,2025-01,2025-01-30,Free,B
652,Germany,Berlin,Desktop,Organic Search,2025-07-13,2025-07,2025-07-23,Free,A
653,India,Mumbai,Desktop,Email Campaign,2025-10-16,2025-10,,Free,A
654,India,Bengaluru,Desktop,Referral,2025-09-23,2025-09,2025-10-03,Free,A
655,USA,Austin,Desktop,Referral,2025-04-06,2025-04,2025-04-18,Basic,A
656,India,Mumbai,Desktop,Organic Search,2025-05-03,2025-05,2025-05-10,Free,A
657,India,Hyderabad,Mobile,Organic Search,2025-02-26,2025-02,2025-03-03,Free,A
658,India,Hyderabad,Desktop,Organic Search,2025-02-04,2025-02,2025-02-18,Free,A
659,India,Hyderabad,Desktop,Organic Search,2025-06-22,2025-06,2025-06-29,Free,A
660,India,Hyderabad,Mobile,Google Ads,2025-01-12,2025-01,2025-01-25,Free,B
661,India,Mumbai,Desktop,Email Campaign,2025-09-19,2025-09,2025-09-27,Free,A
662,USA,San Francisco,Desktop,Google Ads,2025-12-15,2025-12,,Free,A
663,USA,Austin,Desktop,Google Ads,2025-12-21,2025-12,2025-12-29,Free,B
664,India,Hyderabad,Mobile,Google Ads,2025-06-13,2025-06,2025-06-14,Free,B
665,USA,New York,Desktop,Organic Search,2025-02-27,2025-02,2025-03-08,Basic,A
666,India,Hyderabad,Desktop,Organic Search,2025-09-03,2025-09,2025-09-14,Basic,A
667,USA,Austin,Mobile,Google Ads,2025-07-13,2025-07,2025-07-25,Basic,B
668,India,Mumbai,Desktop,Referral,2025-06-17,2025-06,2025-06-24,Free,B
669,India,Mumbai,Desktop,Organic Search,2025-04-05,2025-04,2025-04-11,Pro,B
670,India,Bengaluru,Desktop,Organic Search,2025-12-30,2025-12,2025-12-30,Free,A
671,Germany,Munich,Mobile,Organic Search,2025-08-18,2025-08,2025-08-27,Free,B
672,Germany,Berlin,Mobile,Referral,2025-04-10,2025-04,2025-04-21,Free,A
673,India,Mumbai,Mobile,Organic Search,2025-06-07,2025-06,,Free,A
674,India,Hyderabad,Mobile,Email Campaign,2025-02-19,2025-02,,Basic,A
675,India,Hyderabad,Desktop,Organic Search,2025-09-21,2025-09,2025-09-30,Pro,A
676,India,Hyderabad,Desktop,Referral,2025-11-04,2025-11,,Pro,A
677,USA,New York,Desktop,Google Ads,2025-09-14,2025-09,2025-09-22,Free,A
678,India,Mumbai,Mobile,Google Ads,2025-12-12,2025-12,2025-12-18,Basic,B
679,USA,New York,Desktop,Organic Search,2025-02-27,2025-02,2025-03-09,Free,A
680,USA,Austin,Mobile,Google Ads,2025-09-11,2025-09,2025-09-21,Free,A
681,India,Bengaluru,Desktop,Email Campaign,2025-05-01,2025-05,2025-05-12,Free,A
682,India,Mumbai,Mobile,Organic Search,2025-09-25,2025-09,2025-10-09,Free,A
683,UK,London,Mobile,Organic Search,2025-04-25,2025-04,2025-05-02,Basic,B
684,UK,Manchester,Tablet,Google Ads,2025-04-10,2025-04,2025-04-17,Basic,A
685,USA,San Francisco,Desktop,Organic Search,2025-05-30,2025-05,,Free,B
686,Canada,Vancouver,Desktop,Email Campaign,2025-02-03,2025-02,2025-02-06,Pro,A
687,Canada,Toronto,Desktop,Organic Search,2025-05-06,2025-05,2025-05-19,Basic,B
688,Germany,Berlin,Mobile,Google Ads,2025-09-09,2025-09,2025-09-17,Free,B
689,India,Bengaluru,Desktop,Referral,2025-12-05,2025-12,,Free,B
690,USA,Austin,Mobile,Referral,2025-02-04,2025-02,2025-02-14,Free,A
691,Germany,Munich,Desktop,Referral,2025-01-01,2025-01,,Basic,B
692,India,Mumbai,Desktop,Email Campaign,2025-09-23,2025-09,2025-09-23,Free,A
693,India,Hyderabad,Mobile,Organic Search,2025-04-05,2025-04,2025-04-16,Pro,B
694,USA,Austin,Mobile,Google Ads,2025-03-03,2025-03,,Free,A
695,India,Bengaluru,Desktop,Google Ads,2025-12-25,2025-12,2025-12-29,Free,B
696,USA,San Francisco,Desktop,Referral,2025-09-08,2025-09,,Free,B
697,India,Mumbai,Desktop,Referral,2025-07-26,2025-07,2025-07-31,Free,A
698,Germany,Berlin,Desktop,Referral,2025-04-16,2025-04,2025-04-29,Basic,A
699,UK,London,Desktop,Organic Search,2025-09-26,2025-09,2025-10-04,Free,A
700,India,Hyderabad,Mobile,Google Ads,2025-01-20,2025-01,2025-01-23,Free,B
701,India,Mumbai,Mobile,Google Ads,2025-03-25,2025-03,2025-03-28,Free,A
702,India,Bengaluru,Mobile,Email Campaign,2025-05-23,2025-05,,Basic,A
703,Canada,Vancouver,Desktop,Organic Search,2025-05-14,2025-05,2025-05-27,Free,B
704,USA,Austin,Desktop,Email Campaign,2025-12-30,2025-12,2026-01-07,Pro,A
705,Germany,Munich,Mobile,Google Ads,2025-04-24,2025-04,2025-04-25,Free,B
706,India,Bengaluru,Tablet,Google Ads,2025-08-03,2025-08,,Free,B
707,UK,Manchester,Mobile,Google Ads,2025-04-06,2025-04,2025-04-12,Free,A
708,USA,Austin,Mobile,Referral,2025-02-18,2025-02,2025-03-04,Basic,A
709,UK,Manchester,Mobile,Google Ads,2025-05-02,2025-05,2025-05-06,Free,B
710,India,Bengaluru,Mobile,Organic Search,2025-02-21,2025-02,2025-03-01,Pro,B
711,UK,London,Mobile,Referral,2025-10-01,2025-10,2025-10-01,Free,B
712,India,Bengaluru,Desktop,Organic Search,2025-09-03,2025-09,2025-09-08,Basic,B
713,USA,San Francisco,Desktop,Organic Search,2025-09-21,2025-09,,Basic,B
714,India,Hyderabad,Desktop,Google Ads,2025-12-27,2025-12,,Free,A
715,India,Hyderabad,Desktop,Google Ads,2025-03-20,2025-03,2025-03-30,Free,A
716,India,Mumbai,Mobile,Organic Search,2025-11-02,2025-11,2025-11-12,Basic,A
717,UK,Manchester,Tablet,Organic Search,2025-10-11,2025-10,2025-10-23,Free,B
718,UK,London,Desktop,Organic Search,2025-01-21,2025-01,,Free,A
719,India,Bengaluru,Mobile,Organic Search,2025-03-18,2025-03,2025-03-26,Pro,A
720,India,Mumbai,Desktop,Organic Search,2025-07-23,2025-07,2025-08-04,Basic,B
721,Germany,Munich,Mobile,Google Ads,2025-05-14,2025-05,,Free,A
722,India,Bengaluru,Mobile,Organic Search,2025-01-05,2025-01,,Free,A
723,UK,Manchester,Desktop,Email Campaign,2025-12-31,2025-12,2026-01-11,Free,A
724,India,Bengaluru,Desktop,Organic Search,2025-08-28,2025-08,2025-09-02,Free,A
725,Germany,Munich,Tablet,Referral,2025-04-08,2025-04,2025-04-17,Free,A
726,UK,Manchester,Desktop,Organic Search,2025-09-16,2025-09,2025-09-26,Free,A
727,India,Bengaluru,Desktop,Organic Search,2025-01-07,2025-01,2025-01-20,Basic,A
728,UK,Manchester,Desktop,Organic Search,2025-08-12,2025-08,,Free,B
729,India,Hyderabad,Mobile,Referral,2025-09-12,2025-09,2025-09-25,Basic,A
730,India,Hyderabad,Desktop,Referral,2025-05-10,2025-05,2025-05-15,Basic,B
731,Germany,Berlin,Desktop,Organic Search,2025-07-02,2025-07,,Pro,A
732,Germany,Berlin,Desktop,Organic Search,2025-02-07,2025-02,2025-02-17,Basic,B
733,India,Hyderabad,Desktop,Google Ads,2025-01-12,2025-01,,Free,A
734,Germany,Berlin,Desktop,Google Ads,2025-10-22,2025-10,,Free,B
735,India,Bengaluru,Desktop,Google Ads,2025-01-14,2025-01,2025-01-27,Pro,A
736,India,Mumbai,Desktop,Organic Search,2025-01-22,2025-01,2025-02-03,Free,B
737,Germany,Munich,Mobile,Organic Search,2025-12-22,2025-12,2025-12-27,Free,A
738,Germany,Berlin,Desktop,Email Campaign,2025-04-10,2025-04,2025-04-24,Free,A
739,India,Hyderabad,Mobile,Google Ads,2025-03-30,2025-03,2025-04-07,Free,B
740,USA,Austin,Desktop,Organic Search,2025-07-06,2025-07,2025-07-12,Free,A
741,USA,Austin,Desktop,Organic Search,2025-12-20,2025-12,,Free,B
742,India,Hyderabad,Mobile,Organic Search,2025-05-07,2025-05,2025-05-11,Free,B
743,India,Mumbai,Mobile,Referral,2025-08-30,2025-08,2025-09-12,Free,B
744,India,Hyderabad,Mobile,Google Ads,2025-04-13,2025-04,2025-04-22,Free,B
745,Canada,Toronto,Desktop,Email Campaign,2025-03-19,2025-03,2025-03-26,Free,B
746,USA,Austin,Desktop,Organic Search,2025-12-18,2025-12,2025-12-29,Pro,A
747,India,Mumbai,Desktop,Organic Search,2025-12-16,2025-12,2025-12-26,Free,B
748,Germany,Munich,Desktop,Google Ads,2025-06-23,2025-06,2025-07-05,Pro,B
749,Germany,Munich,Desktop,Referral,2025-07-04,2025-07,2025-07-08,Free,A
750,India,Hyderabad,Mobile,Google Ads,2025-02-15,2025-02,2025-02-17,Free,A
751,India,Bengaluru,Desktop,Organic Search,2025-09-11,2025-09,2025-09-25,Free,A
752,India,Bengaluru,Desktop,Referral,2025-07-23,2025-07,,Free,A
753,UK,Manchester,Mobile,Referral,2025-09-24,2025-09,,Basic,B
754,USA,Austin,Mobile,Google Ads,2025-02-24,2025-02,2025-03-10,Free,B
755,USA,New York,Desktop,Google Ads,2025-12-27,2025-12,2026-01-05,Pro,A
756,Germany,Munich,Mobile,Referral,2025-05-31,2025-05,2025-06-09,Pro,A
757,India,Bengaluru,Mobile,Google Ads,2025-03-10,2025-03,2025-03-16,Free,A
758,India,Hyderabad,Desktop,Google Ads,2025-10-05,2025-10,2025-10-08,Basic,A
759,UK,Manchester,Desktop,Organic Search,2025-10-09,2025-10,,Free,A
760,USA,Austin,Mobile,Email Campaign,2025-07-17,2025-07,,Basic,B
761,Germany,Munich,Desktop,Organic Search,2025-01-01,2025-01,,Basic,A
762,India,Mumbai,Desktop,Referral,2025-02-13,2025-02,2025-02-24,Free,A
763,Canada,Vancouver,Desktop,Referral,2025-09-01,2025-09,,Basic,A
764,India,Mumbai,Desktop,Email Campaign,2025-03-24,2025-03,2025-03-25,Basic,B
765,Canada,Vancouver,Desktop,Organic Search,2025-03-05,2025-03,2025-03-09,Free,A
766,India,Bengaluru,Desktop,Referral,2025-11-09,2025-11,2025-11-21,Free,A
767,India,Hyderabad,Mobile,Email Campaign,2025-09-07,2025-09,2025-09-08,Free,A
768,Germany,Munich,Desktop,Organic Search,2025-11-01,2025-11,2025-11-14,Free,B
769,India,Hyderabad,Desktop,Organic Search,2025-10-07,2025-10,2025-10-19,Free,B
770,India,Bengaluru,Desktop,Organic Search,2025-09-26,2025-09,,Free,B
771,India,Bengaluru,Desktop,Google Ads,2025-09-24,2025-09,,Free,A
772,Canada,Vancouver,Desktop,Organic Search,2025-09-13,2025-09,2025-09-19,Free,A
773,Germany,Munich,Desktop,Email Campaign,2025-02-13,2025-02,2025-02-13,Free,B
774,India,Hyderabad,Desktop,Referral,2025-03-10,2025-03,,Free,A
775,USA,San Francisco,Desktop,Organic Search,2025-06-06,2025-06,,Free,B
776,India,Hyderabad,Desktop,Google Ads,2025-08-07,2025-08,,Free,A
777,India,Mumbai,Desktop,Referral,2025-10-28,2025-10,2025-11-08,Free,B
778,India,Bengaluru,Desktop,Referral,2025-10-06,2025-10,2025-10-09,Basic,A
779,India,Hyderabad,Desktop,Organic Search,2025-09-23,2025-09,2025-10-03,Pro,B
780,UK,Manchester,Mobile,Email Campaign,2025-12-22,2025-12,2025-12-24,Pro,A
781,UK,Manchester,Mobile,Organic Search,2025-11-24,2025-11,2025-12-05,Free,B
782,Germany,Munich,Mobile,Organic Search,2025-09-12,2025-09,2025-09-24,Pro,A
783,India,Bengaluru,Desktop,Google Ads,2025-12-27,2025-12,2025-12-28,Free,A
784,Canada,Toronto,Desktop,Organic Search,2025-02-08,2025-02,2025-02-15,Free,A
785,Canada,Toronto,Desktop,Organic Search,2025-05-07,2025-05,2025-05-20,Basic,A
786,USA,San Francisco,Desktop,Referral,2025-08-28,2025-08,2025-09-10,Free,A
787,India,Hyderabad,Desktop,Organic Search,2025-10-11,2025-10,,Basic,B
788,Germany,Berlin,Mobile,Organic Search,2025-09-23,2025-09,2025-10-01,Free,A
789,India,Mumbai,Desktop,Google Ads,2025-12-08,2025-12,2025-12-21,Free,B
790,Germany,Munich,Desktop,Organic Search,2025-11-18,2025-11,,Free,B
791,India,Mumbai,Desktop,Organic Search,2025-08-30,2025-08,2025-09-02,Free,A
792,USA,Austin,Desktop,Google Ads,2025-02-02,2025-02,2025-02-11,Free,B
793,India,Bengaluru,Desktop,Referral,2025-11-22,2025-11,2025-12-04,Basic,A
794,India,Bengaluru,Desktop,Organic Search,2025-04-05,2025-04,2025-04-05,Basic,A
795,UK,London,Desktop,Google Ads,2025-06-19,2025-06,2025-06-29,Free,A
796,India,Hyderabad,Desktop,Referral,2025-11-03,2025-11,,Pro,A
797,Canada,Toronto,Desktop,Google Ads,2025-11-03,2025-11,2025-11-04,Free,B
798,India,Hyderabad,Desktop,Organic Search,2025-10-09,2025-10,2025-10-12,Basic,B
799,Germany,Munich,Mobile,Organic Search,2025-08-03,2025-08,2025-08-17,Free,B
800,Germany,Munich,Mobile,Organic Search,2025-10-18,2025-10,,Free,B
801,USA,New York,Desktop,Google Ads,2025-02-18,2025-02,2025-02-24,Free,A
802,India,Bengaluru,Desktop,Organic Search,2025-04-30,2025-04,2025-05-05,Basic,A
803,UK,London,Mobile,Organic Search,2025-08-31,2025-08,2025-09-05,Basic,B
804,India,Mumbai,Mobile,Email Campaign,2025-08-08,2025-08,2025-08-19,Free,B
805,USA,New York,Desktop,Google Ads,2025-07-05,2025-07,,Pro,B
806,UK,Manchester,Mobile,Organic Search,2025-10-04,2025-10,2025-10-16,Basic,B
807,Canada,Toronto,Desktop,Organic Search,2025-05-10,2025-05,2025-05-20,Free,B
808,India,Hyderabad,Mobile,Email Campaign,2025-06-15,2025-06,2025-06-28,Basic,A
809,Canada,Toronto,Tablet,Google Ads,2025-03-31,2025-03,2025-04-06,Free,B
810,India,Bengaluru,Desktop,Referral,2025-09-01,2025-09,2025-09-05,Free,A
811,India,Mumbai,Mobile,Referral,2025-11-20,2025-11,2025-11-29,Basic,B
812,India,Mumbai,Desktop,Referral,2025-11-12,2025-11,,Free,A
813,UK,London,Tablet,Organic Search,2025-09-10,2025-09,2025-09-23,Free,A
814,UK,Manchester,Desktop,Organic Search,2025-04-21,2025-04,2025-05-04,Free,B
815,India,Hyderabad,Mobile,Organic Search,2025-10-22,2025-10,2025-10-27,Basic,B
816,India,Mumbai,Desktop,Organic Search,2025-02-06,2025-02,2025-02-13,Free,A
817,USA,Austin,Desktop,Organic Search,2025-02-12,2025-02,2025-02-22,Free,A
818,India,Bengaluru,Mobile,Organic Search,2025-03-08,2025-03,2025-03-21,Free,A
819,USA,New York,Desktop,Google Ads,2025-11-25,2025-11,,Free,A
820,USA,San Francisco,Desktop,Organic Search,2025-12-04,2025-12,,Free,B
821,Canada,Toronto,Mobile,Referral,2025-12-21,2025-12,,Basic,A
822,USA,New York,Desktop,Google Ads,2025-08-12,2025-08,2025-08-25,Free,A
823,USA,New York,Mobile,Organic Search,2025-11-08,2025-11,,Free,B
824,UK,London,Desktop,Organic Search,2025-05-07,2025-05,2025-05-11,Free,B
825,India,Mumbai,Desktop,Google Ads,2025-05-14,2025-05,2025-05-17,Basic,A
826,India,Mumbai,Mobile,Google Ads,2025-12-13,2025-12,2025-12-22,Free,A
827,India,Hyderabad,Desktop,Organic Search,2025-11-30,2025-11,2025-11-30,Free,A
828,USA,San Francisco,Mobile,Organic Search,2025-03-27,2025-03,2025-04-09,Free,A
829,USA,New York,Desktop,Google Ads,2025-02-03,2025-02,2025-02-07,Free,B
830,Canada,Toronto,Mobile,Organic Search,2025-02-17,2025-02,,Pro,A
831,USA,Austin,Desktop,Referral,2025-03-21,2025-03,2025-03-29,Free,A
832,UK,London,Desktop,Organic Search,2025-09-15,2025-09,2025-09-15,Basic,A
833,Germany,Berlin,Mobile,Referral,2025-04-24,2025-04,2025-04-27,Free,A
834,India,Mumbai,Mobile,Organic Search,2025-09-25,2025-09,2025-10-03,Free,A
835,UK,Manchester,Desktop,Referral,2025-03-18,2025-03,2025-03-21,Free,B
836,India,Mumbai,Tablet,Email Campaign,2025-10-05,2025-10,2025-10-07,Pro,A
837,India,Bengaluru,Mobile,Referral,2025-02-15,2025-02,2025-02-27,Free,A
838,USA,Austin,Mobile,Google Ads,2025-06-06,2025-06,2025-06-15,Free,B
839,Germany,Berlin,Desktop,Referral,2025-08-23,2025-08,,Free,B
840,India,Hyderabad,Mobile,Referral,2025-11-28,2025-11,,Basic,B
841,Germany,Munich,Mobile,Organic Search,2025-08-14,2025-08,,Free,A
842,India,Mumbai,Desktop,Email Campaign,2025-09-10,2025-09,2025-09-18,Basic,A
843,Germany,Berlin,Desktop,Organic Search,2025-05-30,2025-05,2025-06-06,Free,B
844,India,Hyderabad,Tablet,Google Ads,2025-05-25,2025-05,2025-06-08,Free,A
845,India,Bengaluru,Mobile,Google Ads,2025-02-18,2025-02,,Free,B
846,India,Hyderabad,Desktop,Organic Search,2025-09-18,2025-09,,Basic,B
847,USA,San Francisco,Desktop,Organic Search,2025-08-04,2025-08,,Basic,A
848,USA,New York,Mobile,Referral,2025-06-04,2025-06,2025-06-17,Free,B
849,India,Bengaluru,Mobile,Organic Search,2025-04-02,2025-04,2025-04-15,Free,A
850,UK,Manchester,Desktop,Organic Search,2025-04-17,2025-04,2025-04-29,Free,A
851,UK,London,Mobile,Google Ads,2025-08-31,2025-08,2025-08-31,Free,A
852,India,Mumbai,Mobile,Google Ads,2025-12-25,2025-12,2025-12-30,Basic,B
853,USA,San Francisco,Desktop,Google Ads,2025-08-26,2025-08,2025-09-05,Free,A
854,India,Mumbai,Desktop,Google Ads,2025-05-24,2025-05,,Free,B
855,India,Bengaluru,Desktop,Google Ads,2025-02-25,2025-02,2025-02-28,Free,A
856,India,Bengaluru,Desktop,Organic Search,2025-01-24,2025-01,2025-02-02,Basic,A
857,Canada,Toronto,Desktop,Referral,2025-09-24,2025-09,2025-10-02,Free,A
858,Canada,Toronto,Desktop,Organic Search,2025-08-12,2025-08,2025-08-20,Free,B
859,Canada,Toronto,Desktop,Google Ads,2025-10-24,2025-10,,Free,B
860,India,Hyderabad,Desktop,Referral,2025-05-21,2025-05,2025-05-30,Free,A
861,India,Bengaluru,Mobile,Referral,2025-08-11,2025-08,,Free,A
862,India,Mumbai,Desktop,Referral,2025-02-03,2025-02,2025-02-06,Free,B
863,India,Mumbai,Desktop,Referral,2025-03-13,2025-03,2025-03-16,Pro,B
864,India,Bengaluru,Mobile,Organic Search,2025-06-12,2025-06,2025-06-26,Pro,A
865,Canada,Vancouver,Desktop,Organic Search,2025-10-10,2025-10,2025-10-19,Free,A
866,India,Bengaluru,Desktop,Google Ads,2025-11-23,2025-11,2025-12-06,Free,A
867,India,Hyderabad,Desktop,Organic Search,2025-10-24,2025-10,2025-11-02,Free,B
868,UK,London,Desktop,Google Ads,2025-04-05,2025-04,2025-04-08,Free,B
869,USA,New York,Desktop,Referral,2025-05-28,2025-05,,Free,B
870,USA,Austin,Tablet,Referral,2025-01-08,2025-01,,Free,A
871,UK,London,Mobile,Referral,2025-06-28,2025-06,2025-07-07,Free,B
872,India,Hyderabad,Mobile,Organic Search,2025-12-10,2025-12,2025-12-13,Free,B
873,India,Bengaluru,Mobile,Google Ads,2025-02-02,2025-02,,Free,B
874,UK,London,Mobile,Google Ads,2025-12-28,2025-12,2026-01-04,Free,B
875,USA,Austin,Desktop,Organic Search,2025-01-21,2025-01,2025-02-04,Free,B
876,India,Bengaluru,Desktop,Organic Search,2025-03-10,2025-03,2025-03-20,Free,A
877,India,Hyderabad,Mobile,Google Ads,2025-04-16,2025-04,2025-04-28,Free,A
878,USA,San Francisco,Desktop,Google Ads,2025-09-06,2025-09,2025-09-15,Basic,B
879,USA,San Francisco,Desktop,Referral,2025-03-27,2025-03,2025-03-30,Free,B
880,India,Bengaluru,Desktop,Referral,2025-11-29,2025-11,,Free,B
881,Canada,Toronto,Mobile,Google Ads,2025-07-22,2025-07,2025-08-01,Basic,A
882,Germany,Berlin,Desktop,Organic Search,2025-01-18,2025-01,2025-01-21,Pro,A
883,UK,London,Tablet,Google Ads,2025-06-23,2025-06,2025-07-03,Free,A
884,Germany,Berlin,Desktop,Organic Search,2025-10-30,2025-10,,Basic,A
885,Canada,Vancouver,Tablet,Google Ads,2025-01-28,2025-01,2025-02-04,Free,A
886,Canada,Toronto,Desktop,Referral,2025-07-14,2025-07,2025-07-19,Basic,A
887,Germany,Berlin,Desktop,Organic Search,2025-12-13,2025-12,,Free,A
888,USA,San Francisco,Mobile,Organic Search,2025-10-01,2025-10,2025-10-06,Free,B
889,India,Hyderabad,Mobile,Organic Search,2025-04-21,2025-04,2025-04-29,Basic,B
890,India,Hyderabad,Desktop,Organic Search,2025-12-27,2025-12,2025-12-31,Pro,B
891,USA,San Francisco,Mobile,Google Ads,2025-02-18,2025-02,2025-02-22,Free,A
892,USA,Austin,Desktop,Google Ads,2025-01-14,2025-01,2025-01-25,Basic,B
893,UK,London,Desktop,Referral,2025-07-09,2025-07,,Free,A
894,USA,San Francisco,Desktop,Organic Search,2025-09-05,2025-09,2025-09-06,Basic,B
895,Canada,Toronto,Tablet,Google Ads,2025-11-18,2025-11,2025-11-18,Free,B
896,Canada,Toronto,Desktop,Organic Search,2025-01-29,2025-01,2025-02-09,Free,B
897,UK,London,Mobile,Email Campaign,2025-05-23,2025-05,2025-06-03,Free,A
898,USA,Austin,Mobile,Organic Search,2025-04-16,2025-04,,Free,B
899,India,Bengaluru,Desktop,Organic Search,2025-07-22,2025-07,,Free,B
900,USA,Austin,Desktop,Google Ads,2025-03-21,2025-03,2025-04-01,Free,B
901,UK,London,Desktop,Google Ads,2025-07-21,2025-07,2025-07-28,Free,B
902,USA,New York,Mobile,Google Ads,2025-12-31,2025-12,2026-01-14,Free,B
903,India,Bengaluru,Mobile,Google Ads,2025-10-20,2025-10,2025-11-03,Basic,B
904,India,Hyderabad,Mobile,Organic Search,2025-03-03,2025-03,,Free,B
905,UK,London,Mobile,Organic Search,2025-10-21,2025-10,,Free,B
906,India,Hyderabad,Desktop,Referral,2025-01-31,2025-01,,Free,A
907,UK,London,Mobile,Organic Search,2025-01-12,2025-01,2025-01-19,Free,B
908,India,Bengaluru,Desktop,Google Ads,2025-09-08,2025-09,2025-09-14,Free,A
909,India,Mumbai,Mobile,Referral,2025-08-09,2025-08,2025-08-12,Free,A
910,UK,Manchester,Desktop,Organic Search,2025-01-15,2025-01,2025-01-21,Free,B
911,Germany,Munich,Desktop,Organic Search,2025-03-27,2025-03,2025-04-07,Free,A
912,USA,Austin,Mobile,Referral,2025-09-12,2025-09,2025-09-19,Basic,B
913,USA,Austin,Mobile,Referral,2025-11-13,2025-11,2025-11-14,Basic,B
914,India,Hyderabad,Mobile,Organic Search,2025-01-05,2025-01,2025-01-11,Free,A
915,USA,New York,Desktop,Organic Search,2025-11-16,2025-11,2025-11-21,Pro,B
916,India,Mumbai,Desktop,Organic Search,2025-06-28,2025-06,2025-07-04,Free,A
917,Germany,Berlin,Desktop,Referral,2025-10-16,2025-10,2025-10-28,Basic,A
918,India,Mumbai,Desktop,Organic Search,2025-11-03,2025-11,2025-11-08,Pro,B
919,India,Hyderabad,Desktop,Organic Search,2025-02-28,2025-02,2025-03-05,Basic,A
920,India,Bengaluru,Desktop,Google Ads,2025-09-21,2025-09,2025-09-30,Free,A
921,USA,New York,Desktop,Google Ads,2025-03-24,2025-03,2025-04-06,Free,A
922,Canada,Vancouver,Desktop,Organic Search,2025-03-02,2025-03,2025-03-07,Free,A
923,India,Bengaluru,Desktop,Organic Search,2025-07-14,2025-07,2025-07-26,Free,A
924,India,Mumbai,Desktop,Referral,2025-05-28,2025-05,2025-06-06,Free,A
925,UK,Manchester,Desktop,Email Campaign,2025-08-27,2025-08,2025-09-05,Basic,B
926,USA,San Francisco,Desktop,Organic Search,2025-05-02,2025-05,2025-05-13,Pro,A
927,USA,Austin,Mobile,Email Campaign,2025-10-15,2025-10,2025-10-19,Free,B
928,India,Bengaluru,Desktop,Referral,2025-01-21,2025-01,2025-01-29,Free,A
929,USA,New York,Desktop,Google Ads,2025-12-23,2025-12,2025-12-30,Basic,A
930,Canada,Toronto,Mobile,Google Ads,2025-04-07,2025-04,2025-04-10,Free,A
931,India,Hyderabad,Desktop,Organic Search,2025-02-20,2025-02,2025-02-25,Free,A
932,Canada,Toronto,Tablet,Google Ads,2025-02-17,2025-02,2025-03-03,Basic,A
933,India,Mumbai,Desktop,Referral,2025-08-30,2025-08,2025-09-12,Pro,B
934,Germany,Munich,Desktop,Organic Search,2025-10-28,2025-10,2025-11-11,Free,B
935,USA,Austin,Desktop,Google Ads,2025-12-18,2025-12,2025-12-30,Free,B
936,India,Mumbai,Desktop,Organic Search,2025-05-18,2025-05,2025-05-28,Free,A
937,India,Bengaluru,Mobile,Organic Search,2025-03-31,2025-03,2025-04-02,Basic,A
938,UK,London,Desktop,Organic Search,2025-06-24,2025-06,2025-07-08,Basic,B
939,Canada,Toronto,Mobile,Referral,2025-01-25,2025-01,,Free,B
940,Canada,Toronto,Desktop,Google Ads,2025-09-19,2025-09,2025-10-01,Basic,B
941,India,Hyderabad,Desktop,Organic Search,2025-01-08,2025-01,2025-01-18,Basic,A
942,USA,San Francisco,Mobile,Google Ads,2025-05-12,2025-05,2025-05-14,Free,B
943,India,Mumbai,Desktop,Email Campaign,2025-06-24,2025-06,2025-06-26,Free,B
944,India,Mumbai,Desktop,Email Campaign,2025-02-25,2025-02,2025-03-02,Free,B
945,India,Hyderabad,Desktop,Organic Search,2025-05-20,2025-05,2025-05-27,Free,A
946,India,Mumbai,Mobile,Referral,2025-04-30,2025-04,,Free,B
947,USA,Austin,Desktop,Email Campaign,2025-03-18,2025-03,2025-03-23,Free,B
948,India,Hyderabad,Desktop,Organic Search,2025-01-21,2025-01,2025-01-28,Free,B
949,Canada,Vancouver,Desktop,Google Ads,2025-09-01,2025-09,2025-09-09,Basic,B
950,USA,Austin,Desktop,Email Campaign,2025-03-12,2025-03,2025-03-26,Free,B
951,USA,New York,Desktop,Organic Search,2025-12-31,2025-12,2026-01-12,Free,A
952,Canada,Vancouver,Mobile,Google Ads,2025-12-24,2025-12,2026-01-02,Free,A
953,India,Mumbai,Mobile,Organic Search,2025-05-14,2025-05,,Pro,A
954,India,Hyderabad,Desktop,Referral,2025-10-16,2025-10,2025-10-22,Free,A
955,Canada,Vancouver,Mobile,Google Ads,2025-04-08,2025-04,,Free,B
956,Canada,Toronto,Desktop,Organic Search,2025-10-28,2025-10,2025-10-31,Free,B
957,India,Mumbai,Desktop,Organic Search,2025-11-12,2025-11,,Free,A
958,Canada,Toronto,Desktop,Referral,2025-02-17,2025-02,2025-02-25,Free,B
959,Germany,Munich,Desktop,Referral,2025-07-19,2025-07,2025-07-23,Free,A
960,India,Bengaluru,Mobile,Organic Search,2025-05-31,2025-05,,Basic,B
961,USA,New York,Mobile,Organic Search,2025-02-16,2025-02,2025-02-28,Free,B
962,India,Mumbai,Desktop,Organic Search,2025-09-19,2025-09,2025-09-25,Pro,B
963,India,Hyderabad,Desktop,Email Campaign,2025-12-17,2025-12,,Basic,A
964,UK,Manchester,Desktop,Referral,2025-07-15,2025-07,2025-07-26,Free,B
965,UK,Manchester,Desktop,Referral,2025-12-02,2025-12,,Basic,A
966,India,Hyderabad,Desktop,Organic Search,2025-04-05,2025-04,2025-04-17,Free,A
967,USA,New York,Desktop,Organic Search,2025-08-30,2025-08,2025-09-11,Free,B
968,UK,Manchester,Mobile,Organic Search,2025-04-04,2025-04,,Basic,A
969,India,Hyderabad,Desktop,Google Ads,2025-07-23,2025-07,2025-07-30,Basic,A
970,USA,Austin,Mobile,Google Ads,2025-05-30,2025-05,2025-06-02,Free,A
971,India,Bengaluru,Desktop,Organic Search,2025-07-08,2025-07,2025-07-09,Basic,B
972,UK,Manchester,Desktop,Google Ads,2025-07-19,2025-07,2025-07-20,Pro,A
973,India,Hyderabad,Desktop,Organic Search,2025-08-08,2025-08,2025-08-17,Free,A
974,India,Hyderabad,Desktop,Organic Search,2025-05-15,2025-05,2025-05-19,Free,B
975,USA,New York,Desktop,Email Campaign,2025-02-01,2025-02,2025-02-11,Free,A
976,USA,Austin,Desktop,Organic Search,2025-07-18,2025-07,,Free,B
977,India,Mumbai,Desktop,Organic Search,2025-03-16,2025-03,2025-03-27,Pro,B
978,India,Bengaluru,Tablet,Organic Search,2025-07-28,2025-07,,Free,B
979,USA,Austin,Mobile,Referral,2025-01-13,2025-01,2025-01-25,Free,A
980,USA,San Francisco,Desktop,Organic Search,2025-09-04,2025-09,,Free,A
981,India,Hyderabad,Desktop,Google Ads,2025-05-18,2025-05,,Pro,A
982,India,Mumbai,Desktop,Google Ads,2025-12-09,2025-12,2025-12-13,Free,A
983,Germany,Berlin,Desktop,Email Campaign,2025-07-17,2025-07,,Basic,A
984,USA,Austin,Desktop,Google Ads,2025-04-06,2025-04,2025-04-09,Free,A
985,Canada,Vancouver,Desktop,Organic Search,2025-01-20,2025-01,2025-01-22,Free,B
986,Germany,Munich,Desktop,Organic Search,2025-02-11,2025-02,2025-02-12,Free,A
987,UK,Manchester,Tablet,Referral,2025-02-13,2025-02,,Pro,A
988,India,Bengaluru,Mobile,Google Ads,2025-12-01,2025-12,,Basic,B
989,USA,San Francisco,Mobile,Organic Search,2025-05-11,2025-05,2025-05-24,Free,B
990,Canada,Vancouver,Mobile,Email Campaign,2025-02-15,2025-02,,Basic,B
991,USA,New York,Desktop,Organic Search,2025-08-26,2025-08,2025-08-30,Basic,B
992,Germany,Berlin,Mobile,Referral,2025-05-12,2025-05,2025-05-20,Basic,A
993,India,Mumbai,Mobile,Referral,2025-04-23,2025-04,2025-05-01,Free,A
994,India,Bengaluru,Desktop,Organic Search,2025-01-08,2025-01,2025-01-09,Free,B
995,USA,New York,Desktop,Google Ads,2025-12-13,2025-12,2025-12-25,Free,B
996,USA,New York,Mobile,Referral,2025-05-13,2025-05,2025-05-22,Free,A
997,India,Hyderabad,Desktop,Email Campaign,2025-09-28,2025-09,2025-10-03,Basic,A
998,India,Hyderabad,Desktop,Google Ads,2025-06-01,2025-06,2025-06-07,Free,A
999,Germany,Berlin,Tablet,Referral,2025-07-09,2025-07,,Basic,B
1000,Germany,Munich,Mobile,Organic Search,2025-04-05,2025-04,2025-04-14,Free,A
1001,Germany,Munich,Desktop,Organic Search,2025-02-08,2025-02,,Free,A
1002,India,Hyderabad,Mobile,Google Ads,2025-03-15,2025-03,2025-03-27,Free,B
1003,Germany,Berlin,Desktop,Referral,2025-03-30,2025-03,2025-04-06,Free,B
1004,UK,Manchester,Desktop,Email Campaign,2025-04-23,2025-04,2025-05-02,Free,A
1005,Canada,Vancouver,Desktop,Organic Search,2025-10-10,2025-10,2025-10-14,Pro,A
1006,Canada,Vancouver,Desktop,Organic Search,2025-11-03,2025-11,2025-11-07,Free,A
1007,India,Bengaluru,Desktop,Organic Search,2025-10-25,2025-10,2025-10-31,Free,A
1008,India,Mumbai,Mobile,Organic Search,2025-06-20,2025-06,2025-07-01,Basic,B
1009,USA,Austin,Desktop,Organic Search,2025-12-15,2025-12,2025-12-28,Free,A
1010,UK,Manchester,Desktop,Organic Search,2025-08-05,2025-08,2025-08-07,Free,A
1011,UK,Manchester,Mobile,Organic Search,2025-12-29,2025-12,2026-01-12,Free,B
1012,USA,New York,Desktop,Organic Search,2025-06-10,2025-06,2025-06-18,Free,A
1013,Canada,Vancouver,Desktop,Organic Search,2025-06-13,2025-06,2025-06-14,Free,B
1014,India,Bengaluru,Desktop,Google Ads,2025-04-09,2025-04,2025-04-22,Free,A
1015,India,Hyderabad,Desktop,Google Ads,2025-12-16,2025-12,2025-12-21,Free,A
1016,India,Bengaluru,Desktop,Google Ads,2025-12-16,2025-12,2025-12-20,Free,A
1017,India,Mumbai,Desktop,Organic Search,2025-06-09,2025-06,,Pro,B
1018,India,Mumbai,Mobile,Google Ads,2025-08-01,2025-08,2025-08-11,Free,A
1019,UK,Manchester,Desktop,Organic Search,2025-06-07,2025-06,2025-06-18,Free,B
1020,Canada,Toronto,Mobile,Organic Search,2025-03-02,2025-03,2025-03-15,Free,B
1021,UK,London,Mobile,Organic Search,2025-03-02,2025-03,2025-03-04,Free,B
1022,India,Mumbai,Desktop,Organic Search,2025-02-17,2025-02,2025-03-03,Basic,B
1023,India,Bengaluru,Desktop,Referral,2025-04-24,2025-04,2025-05-07,Free,B
1024,USA,New York,Desktop,Referral,2025-02-18,2025-02,2025-02-23,Free,A
1025,UK,Manchester,Mobile,Referral,2025-07-24,2025-07,2025-07-29,Free,B
1026,Canada,Toronto,Desktop,Google Ads,2025-11-15,2025-11,,Free,A
1027,Canada,Toronto,Desktop,Google Ads,2025-07-31,2025-07,2025-08-08,Free,B
1028,UK,London,Desktop,Organic Search,2025-02-05,2025-02,2025-02-08,Free,A
1029,India,Hyderabad,Desktop,Organic Search,2025-01-13,2025-01,2025-01-15,Free,A
1030,UK,Manchester,Mobile,Organic Search,2025-10-18,2025-10,,Pro,B
1031,India,Hyderabad,Mobile,Referral,2025-09-11,2025-09,2025-09-24,Free,B
1032,UK,Manchester,Desktop,Google Ads,2025-01-05,2025-01,2025-01-07,Free,A
1033,Canada,Toronto,Mobile,Organic Search,2025-04-04,2025-04,2025-04-06,Pro,A
1034,Germany,Munich,Desktop,Referral,2025-02-01,2025-02,,Free,A
1035,Germany,Munich,Desktop,Organic Search,2025-03-17,2025-03,2025-03-28,Free,A
1036,India,Mumbai,Mobile,Organic Search,2025-11-19,2025-11,2025-11-23,Free,B
1037,Germany,Munich,Tablet,Organic Search,2025-04-22,2025-04,2025-05-02,Free,B
1038,Germany,Berlin,Desktop,Organic Search,2025-01-18,2025-01,2025-01-29,Free,B
1039,USA,San Francisco,Desktop,Organic Search,2025-10-15,2025-10,2025-10-22,Basic,A
1040,India,Bengaluru,Mobile,Organic Search,2025-11-07,2025-11,2025-11-20,Free,A
1041,USA,New York,Desktop,Referral,2025-09-01,2025-09,,Pro,B
1042,USA,Austin,Desktop,Organic Search,2025-06-22,2025-06,2025-07-06,Basic,A
1043,India,Mumbai,Desktop,Organic Search,2025-05-08,2025-05,2025-05-18,Free,A
1044,Germany,Berlin,Tablet,Organic Search,2025-12-10,2025-12,,Pro,B
1045,India,Mumbai,Tablet,Email Campaign,2025-08-10,2025-08,2025-08-17,Free,A
1046,USA,New York,Desktop,Organic Search,2025-03-03,2025-03,2025-03-11,Free,A
1047,India,Mumbai,Mobile,Organic Search,2025-01-13,2025-01,2025-01-17,Free,A
1048,UK,London,Mobile,Organic Search,2025-04-02,2025-04,2025-04-06,Free,B
1049,USA,San Francisco,Desktop,Referral,2025-02-06,2025-02,,Free,A
1050,Canada,Toronto,Tablet,Google Ads,2025-06-24,2025-06,,Basic,A
1051,UK,London,Desktop,Organic Search,2025-02-17,2025-02,2025-02-22,Pro,B
1052,USA,Austin,Desktop,Organic Search,2025-06-24,2025-06,,Basic,B
1053,India,Bengaluru,Mobile,Referral,2025-03-28,2025-03,2025-04-03,Free,A
1054,India,Hyderabad,Desktop,Organic Search,2025-11-02,2025-11,2025-11-02,Free,B
1055,USA,San Francisco,Tablet,Organic Search,2025-01-05,2025-01,2025-01-05,Free,A
1056,India,Mumbai,Desktop,Organic Search,2025-03-20,2025-03,2025-03-22,Free,A
1057,USA,San Francisco,Desktop,Email Campaign,2025-05-20,2025-05,,Free,A
1058,UK,London,Desktop,Email Campaign,2025-09-09,2025-09,2025-09-17,Basic,A
1059,UK,London,Desktop,Google Ads,2025-12-16,2025-12,2025-12-27,Free,A
1060,India,Mumbai,Desktop,Organic Search,2025-02-20,2025-02,,Basic,A
1061,India,Hyderabad,Desktop,Organic Search,2025-02-22,2025-02,2025-02-23,Free,B
1062,Germany,Berlin,Desktop,Referral,2025-09-03,2025-09,2025-09-03,Free,A
1063,Germany,Munich,Desktop,Organic Search,2025-03-12,2025-03,2025-03-13,Free,A
1064,India,Hyderabad,Mobile,Email Campaign,2025-08-11,2025-08,2025-08-22,Free,B
1065,Canada,Vancouver,Mobile,Google Ads,2025-02-24,2025-02,2025-02-25,Basic,B
1066,Canada,Toronto,Mobile,Referral,2025-08-17,2025-08,,Free,A
1067,USA,New York,Desktop,Referral,2025-04-19,2025-04,2025-04-20,Free,A
1068,Germany,Munich,Desktop,Organic Search,2025-12-05,2025-12,2025-12-05,Free,A
1069,India,Mumbai,Desktop,Organic Search,2025-08-07,2025-08,,Pro,B
1070,India,Mumbai,Desktop,Google Ads,2025-12-19,2025-12,2025-12-29,Free,A
1071,USA,San Francisco,Mobile,Organic Search,2025-06-08,2025-06,2025-06-13,Free,B
1072,USA,New York,Tablet,Google Ads,2025-03-22,2025-03,2025-03-29,Basic,B
1073,USA,San Francisco,Mobile,Organic Search,2025-09-06,2025-09,2025-09-15,Basic,B
1074,USA,Austin,Desktop,Organic Search,2025-04-07,2025-04,2025-04-11,Free,B
1075,USA,Austin,Mobile,Referral,2025-05-24,2025-05,2025-06-05,Free,A
1076,India,Mumbai,Desktop,Organic Search,2025-02-05,2025-02,2025-02-11,Basic,B
1077,USA,Austin,Desktop,Organic Search,2025-08-14,2025-08,2025-08-15,Free,B
1078,India,Bengaluru,Mobile,Referral,2025-03-19,2025-03,2025-03-28,Free,B
1079,UK,Manchester,Desktop,Organic Search,2025-09-02,2025-09,2025-09-05,Free,A
1080,USA,Austin,Desktop,Google Ads,2025-09-29,2025-09,2025-10-01,Basic,B
1081,Germany,Berlin,Desktop,Organic Search,2025-02-01,2025-02,,Free,A
1082,USA,Austin,Mobile,Referral,2025-02-10,2025-02,2025-02-14,Free,A
1083,Canada,Vancouver,Desktop,Organic Search,2025-06-20,2025-06,2025-06-26,Free,A
1084,Canada,Vancouver,Mobile,Google Ads,2025-05-15,2025-05,2025-05-18,Free,A
1085,USA,Austin,Desktop,Organic Search,2025-06-26,2025-06,2025-06-28,Free,A
1086,UK,London,Desktop,Email Campaign,2025-12-24,2025-12,2026-01-02,Free,B
1087,USA,San Francisco,Mobile,Google Ads,2025-02-24,2025-02,,Free,B
1088,Germany,Munich,Desktop,Email Campaign,2025-03-18,2025-03,2025-03-23,Free,A
1089,India,Mumbai,Mobile,Google Ads,2025-07-14,2025-07,2025-07-14,Free,B
1090,Germany,Munich,Mobile,Email Campaign,2025-03-01,2025-03,2025-03-01,Free,A
1091,USA,New York,Mobile,Referral,2025-03-21,2025-03,2025-04-02,Free,B
1092,India,Mumbai,Desktop,Organic Search,2025-03-12,2025-03,2025-03-14,Free,B
1093,USA,San Francisco,Desktop,Google Ads,2025-06-08,2025-06,,Free,B
1094,UK,Manchester,Desktop,Organic Search,2025-11-06,2025-11,,Free,A
1095,India,Bengaluru,Mobile,Organic Search,2025-11-26,2025-11,2025-12-06,Free,B
1096,India,Mumbai,Mobile,Google Ads,2025-02-08,2025-02,2025-02-09,Free,A
1097,USA,San Francisco,Desktop,Organic Search,2025-06-29,2025-06,2025-06-29,Free,A
1098,Germany,Munich,Mobile,Organic Search,2025-08-20,2025-08,,Free,B
1099,India,Bengaluru,Mobile,Organic Search,2025-06-05,2025-06,2025-06-07,Pro,A
1100,Canada,Toronto,Desktop,Organic Search,2025-01-15,2025-01,2025-01-17,Free,B
1101,Germany,Munich,Mobile,Organic Search,2025-03-10,2025-03,2025-03-11,Free,B
1102,India,Bengaluru,Desktop,Organic Search,2025-07-13,2025-07,,Basic,A
1103,Germany,Munich,Mobile,Google Ads,2025-02-13,2025-02,2025-02-20,Free,A
1104,India,Mumbai,Desktop,Organic Search,2025-02-09,2025-02,2025-02-14,Basic,B
1105,Germany,Berlin,Desktop,Referral,2025-06-05,2025-06,,Free,A
1106,Canada,Toronto,Desktop,Email Campaign,2025-12-08,2025-12,2025-12-12,Free,B
1107,India,Bengaluru,Desktop,Organic Search,2025-11-06,2025-11,2025-11-20,Free,A
1108,USA,New York,Mobile,Organic Search,2025-03-18,2025-03,2025-03-24,Free,B
1109,Germany,Berlin,Mobile,Organic Search,2025-12-15,2025-12,,Free,B
1110,Canada,Vancouver,Mobile,Organic Search,2025-12-20,2025-12,,Free,B
1111,Germany,Munich,Desktop,Organic Search,2025-11-30,2025-11,2025-12-08,Basic,B
1112,India,Mumbai,Desktop,Referral,2025-06-16,2025-06,2025-06-17,Free,B
1113,UK,London,Mobile,Organic Search,2025-04-21,2025-04,2025-04-27,Free,A
1114,Germany,Munich,Desktop,Google Ads,2025-03-16,2025-03,2025-03-21,Basic,A
1115,India,Mumbai,Desktop,Referral,2025-04-15,2025-04,2025-04-28,Free,A
1116,India,Mumbai,Mobile,Referral,2025-03-04,2025-03,2025-03-16,Free,B
1117,Germany,Munich,Desktop,Organic Search,2025-02-16,2025-02,2025-02-16,Basic,A
1118,Germany,Munich,Desktop,Organic Search,2025-07-11,2025-07,2025-07-12,Free,A
1119,India,Hyderabad,Desktop,Organic Search,2025-12-08,2025-12,,Free,B
1120,Canada,Toronto,Desktop,Referral,2025-07-27,2025-07,2025-08-06,Basic,B
1121,India,Mumbai,Mobile,Organic Search,2025-09-18,2025-09,2025-09-27,Free,A
1122,USA,Austin,Desktop,Referral,2025-03-02,2025-03,,Basic,A
1123,USA,New York,Tablet,Email Campaign,2025-03-10,2025-03,2025-03-12,Pro,A
1124,UK,Manchester,Mobile,Organic Search,2025-07-04,2025-07,2025-07-18,Pro,A
1125,UK,London,Desktop,Organic Search,2025-05-17,2025-05,2025-05-23,Free,A
1126,USA,San Francisco,Desktop,Referral,2025-04-19,2025-04,2025-04-22,Free,A
1127,India,Hyderabad,Mobile,Referral,2025-11-03,2025-11,2025-11-12,Free,A
1128,India,Mumbai,Desktop,Organic Search,2025-08-19,2025-08,2025-08-19,Basic,A
1129,India,Hyderabad,Mobile,Organic Search,2025-11-24,2025-11,,Free,A
1130,India,Bengaluru,Desktop,Organic Search,2025-11-22,2025-11,,Pro,B
1131,Germany,Munich,Mobile,Google Ads,2025-08-18,2025-08,2025-08-28,Pro,B
1132,UK,London,Mobile,Organic Search,2025-04-02,2025-04,2025-04-09,Free,A
1133,UK,Manchester,Desktop,Email Campaign,2025-04-06,2025-04,2025-04-16,Free,B
1134,Germany,Munich,Desktop,Google Ads,2025-08-10,2025-08,,Pro,A
1135,India,Bengaluru,Desktop,Referral,2025-11-08,2025-11,2025-11-20,Free,A
1136,India,Mumbai,Desktop,Google Ads,2025-06-14,2025-06,2025-06-22,Free,B
1137,USA,New York,Mobile,Organic Search,2025-05-28,2025-05,2025-06-02,Free,A
1138,India,Mumbai,Desktop,Referral,2025-03-07,2025-03,2025-03-10,Free,B
1139,Germany,Berlin,Desktop,Organic Search,2025-07-29,2025-07,,Free,B
1140,India,Hyderabad,Desktop,Google Ads,2025-11-16,2025-11,2025-11-27,Free,A
1141,India,Hyderabad,Desktop,Organic Search,2025-09-17,2025-09,2025-09-20,Basic,B
1142,Germany,Berlin,Desktop,Organic Search,2025-01-15,2025-01,2025-01-28,Free,B
1143,USA,San Francisco,Desktop,Referral,2025-05-28,2025-05,2025-06-11,Free,A
1144,Canada,Vancouver,Desktop,Organic Search,2025-10-09,2025-10,,Free,B
1145,India,Mumbai,Tablet,Organic Search,2025-12-17,2025-12,2025-12-19,Basic,B
1146,India,Hyderabad,Desktop,Organic Search,2025-07-23,2025-07,2025-07-27,Free,B
1147,India,Bengaluru,Mobile,Organic Search,2025-10-18,2025-10,2025-10-25,Free,A
1148,Germany,Munich,Desktop,Referral,2025-05-18,2025-05,2025-05-29,Free,A
1149,India,Mumbai,Desktop,Organic Search,2025-07-18,2025-07,,Free,B
1150,India,Hyderabad,Desktop,Organic Search,2025-03-09,2025-03,2025-03-09,Free,B
1151,Canada,Toronto,Desktop,Organic Search,2025-07-13,2025-07,2025-07-15,Basic,B
1152,India,Hyderabad,Desktop,Referral,2025-12-29,2025-12,2026-01-01,Basic,B
1153,Germany,Munich,Desktop,Referral,2025-03-14,2025-03,2025-03-21,Free,A
1154,UK,Manchester,Desktop,Organic Search,2025-12-27,2025-12,,Free,A
1155,India,Mumbai,Desktop,Organic Search,2025-05-23,2025-05,2025-05-30,Basic,A
1156,UK,Manchester,Mobile,Referral,2025-04-09,2025-04,,Basic,B
1157,UK,Manchester,Desktop,Google Ads,2025-11-04,2025-11,2025-11-18,Free,A
1158,USA,New York,Mobile,Google Ads,2025-09-12,2025-09,,Free,A
1159,India,Mumbai,Desktop,Google Ads,2025-09-22,2025-09,2025-10-02,Free,B
1160,Germany,Berlin,Mobile,Organic Search,2025-10-14,2025-10,2025-10-26,Free,B
1161,India,Mumbai,Desktop,Organic Search,2025-09-26,2025-09,2025-09-27,Free,A
1162,USA,Austin,Desktop,Organic Search,2025-08-05,2025-08,2025-08-16,Free,A
1163,India,Hyderabad,Desktop,Organic Search,2025-12-13,2025-12,2025-12-27,Free,A
1164,India,Hyderabad,Mobile,Organic Search,2025-02-02,2025-02,2025-02-03,Free,A
1165,UK,London,Mobile,Organic Search,2025-05-15,2025-05,2025-05-25,Pro,A
1166,UK,London,Mobile,Referral,2025-02-25,2025-02,,Free,A
1167,India,Mumbai,Desktop,Google Ads,2025-08-17,2025-08,,Free,A
1168,USA,San Francisco,Desktop,Organic Search,2025-09-07,2025-09,2025-09-08,Free,B
1169,USA,New York,Desktop,Organic Search,2025-01-17,2025-01,,Free,B
1170,USA,Austin,Mobile,Organic Search,2025-12-26,2025-12,2026-01-07,Free,A
1171,Canada,Vancouver,Desktop,Google Ads,2025-10-24,2025-10,2025-11-03,Free,B
1172,India,Hyderabad,Mobile,Google Ads,2025-12-24,2025-12,2025-12-25,Free,B
1173,UK,London,Mobile,Referral,2025-05-09,2025-05,2025-05-14,Free,A
1174,India,Mumbai,Mobile,Organic Search,2025-08-11,2025-08,,Free,A
1175,India,Hyderabad,Desktop,Organic Search,2025-11-09,2025-11,2025-11-22,Free,A
1176,USA,Austin,Mobile,Organic Search,2025-07-19,2025-07,2025-07-26,Basic,A
1177,India,Mumbai,Desktop,Organic Search,2025-08-06,2025-08,2025-08-17,Free,B
1178,Germany,Munich,Mobile,Organic Search,2025-03-11,2025-03,2025-03-20,Free,B
1179,India,Hyderabad,Mobile,Organic Search,2025-11-04,2025-11,2025-11-04,Free,A
1180,Canada,Vancouver,Mobile,Organic Search,2025-06-20,2025-06,2025-06-26,Free,A
1181,UK,London,Mobile,Referral,2025-03-11,2025-03,2025-03-25,Free,B
1182,India,Hyderabad,Desktop,Referral,2025-03-04,2025-03,,Free,A
1183,USA,Austin,Desktop,Referral,2025-07-01,2025-07,,Pro,A
1184,India,Bengaluru,Desktop,Google Ads,2025-01-09,2025-01,2025-01-13,Pro,A
1185,UK,Manchester,Mobile,Google Ads,2025-09-23,2025-09,2025-10-02,Free,A
1186,Canada,Toronto,Desktop,Organic Search,2025-06-02,2025-06,2025-06-08,Free,B
1187,USA,New York,Desktop,Organic Search,2025-02-20,2025-02,2025-03-04,Free,B
1188,USA,New York,Mobile,Referral,2025-10-18,2025-10,,Basic,B
1189,Germany,Berlin,Mobile,Google Ads,2025-01-24,2025-01,2025-01-30,Free,B
1190,Canada,Toronto,Mobile,Email Campaign,2025-07-07,2025-07,2025-07-09,Free,A
1191,Germany,Berlin,Mobile,Organic Search,2025-08-13,2025-08,,Free,B
1192,UK,Manchester,Mobile,Google Ads,2025-05-03,2025-05,2025-05-06,Free,B
1193,India,Mumbai,Desktop,Google Ads,2025-07-27,2025-07,2025-08-08,Free,B
1194,UK,Manchester,Desktop,Organic Search,2025-02-12,2025-02,,Pro,B
1195,UK,Manchester,Mobile,Referral,2025-05-12,2025-05,2025-05-19,Free,A
1196,Canada,Vancouver,Desktop,Referral,2025-01-12,2025-01,2025-01-19,Free,A
1197,UK,Manchester,Desktop,Google Ads,2025-05-11,2025-05,2025-05-16,Basic,B
1198,UK,Manchester,Mobile,Referral,2025-09-30,2025-09,2025-10-03,Basic,A
1199,India,Mumbai,Desktop,Google Ads,2025-09-08,2025-09,2025-09-22,Free,B
1200,USA,New York,Desktop,Organic Search,2025-02-10,2025-02,2025-02-17,Basic,B
1201,Canada,Vancouver,Desktop,Organic Search,2025-03-29,2025-03,2025-04-09,Basic,B
1202,USA,Austin,Desktop,Referral,2025-05-08,2025-05,2025-05-08,Free,A
1203,India,Hyderabad,Desktop,Referral,2025-07-09,2025-07,2025-07-17,Pro,B
1204,USA,Austin,Tablet,Organic Search,2025-07-09,2025-07,2025-07-13,Pro,B
1205,Canada,Vancouver,Desktop,Organic Search,2025-11-12,2025-11,2025-11-21,Free,A
1206,USA,Austin,Desktop,Organic Search,2025-07-22,2025-07,,Pro,B
1207,UK,Manchester,Mobile,Organic Search,2025-02-05,2025-02,,Free,B
1208,India,Bengaluru,Desktop,Organic Search,2025-06-19,2025-06,2025-06-27,Free,B
1209,UK,London,Mobile,Google Ads,2025-10-30,2025-10,,Free,B
1210,UK,Manchester,Desktop,Google Ads,2025-09-16,2025-09,2025-09-28,Free,A
1211,Canada,Toronto,Desktop,Organic Search,2025-02-03,2025-02,,Free,B
1212,Canada,Toronto,Desktop,Google Ads,2025-06-13,2025-06,2025-06-24,Basic,B
1213,Germany,Berlin,Mobile,Referral,2025-02-21,2025-02,2025-02-21,Free,A
1214,Canada,Vancouver,Desktop,Organic Search,2025-01-23,2025-01,2025-02-03,Basic,A
1215,UK,Manchester,Mobile,Organic Search,2025-07-12,2025-07,2025-07-16,Free,A
1216,India,Hyderabad,Mobile,Google Ads,2025-11-17,2025-11,2025-11-28,Pro,A
1217,India,Mumbai,Mobile,Organic Search,2025-05-17,2025-05,2025-05-20,Basic,B
1218,India,Mumbai,Desktop,Email Campaign,2025-07-12,2025-07,2025-07-13,Free,A
1219,India,Hyderabad,Mobile,Referral,2025-03-22,2025-03,2025-03-30,Basic,A
1220,India,Mumbai,Desktop,Organic Search,2025-11-09,2025-11,2025-11-14,Free,A
1221,UK,London,Mobile,Google Ads,2025-08-21,2025-08,2025-08-24,Free,B
1222,USA,San Francisco,Desktop,Referral,2025-04-24,2025-04,2025-04-24,Free,A
1223,Canada,Toronto,Desktop,Google Ads,2025-06-21,2025-06,,Pro,A
1224,Canada,Vancouver,Desktop,Organic Search,2025-11-21,2025-11,2025-11-22,Free,A
1225,Germany,Berlin,Desktop,Referral,2025-07-08,2025-07,,Free,B
1226,India,Bengaluru,Desktop,Organic Search,2025-05-01,2025-05,2025-05-10,Free,A
1227,Germany,Munich,Desktop,Referral,2025-10-08,2025-10,,Free,B
1228,Canada,Toronto,Tablet,Organic Search,2025-12-05,2025-12,2025-12-10,Free,B
1229,India,Bengaluru,Tablet,Organic Search,2025-11-16,2025-11,2025-11-24,Free,A
1230,India,Bengaluru,Desktop,Google Ads,2025-08-09,2025-08,2025-08-18,Free,A
1231,USA,Austin,Desktop,Organic Search,2025-01-26,2025-01,2025-02-06,Free,A
1232,India,Mumbai,Desktop,Organic Search,2025-12-25,2025-12,2026-01-03,Free,B
1233,Germany,Munich,Mobile,Referral,2025-12-31,2025-12,2026-01-14,Free,B
1234,USA,New York,Mobile,Email Campaign,2025-03-08,2025-03,2025-03-17,Free,B
1235,India,Hyderabad,Desktop,Referral,2025-07-16,2025-07,,Free,B
1236,Germany,Berlin,Desktop,Organic Search,2025-09-26,2025-09,2025-10-05,Basic,B
1237,USA,New York,Desktop,Referral,2025-10-23,2025-10,,Free,B
1238,India,Bengaluru,Mobile,Organic Search,2025-07-24,2025-07,2025-07-25,Basic,A
1239,USA,Austin,Desktop,Organic Search,2025-12-13,2025-12,2025-12-13,Free,A
1240,USA,New York,Desktop,Organic Search,2025-12-31,2025-12,2026-01-14,Basic,B
1241,India,Mumbai,Desktop,Referral,2025-07-13,2025-07,2025-07-16,Free,A
1242,UK,Manchester,Desktop,Organic Search,2025-02-05,2025-02,2025-02-06,Basic,A
1243,UK,London,Desktop,Google Ads,2025-08-22,2025-08,2025-08-25,Free,B
1244,USA,San Francisco,Mobile,Organic Search,2025-03-10,2025-03,2025-03-18,Free,A
1245,Germany,Munich,Desktop,Organic Search,2025-04-07,2025-04,2025-04-16,Free,A
1246,India,Bengaluru,Desktop,Google Ads,2025-03-01,2025-03,2025-03-08,Free,B
1247,UK,Manchester,Desktop,Google Ads,2025-05-08,2025-05,,Free,B
1248,USA,Austin,Desktop,Google Ads,2025-07-18,2025-07,2025-07-25,Free,A
1249,India,Mumbai,Desktop,Organic Search,2025-02-08,2025-02,2025-02-21,Basic,B
1250,UK,London,Desktop,Email Campaign,2025-04-20,2025-04,2025-05-01,Basic,B
1251,UK,London,Mobile,Organic Search,2025-07-31,2025-07,2025-08-01,Free,B
1252,USA,San Francisco,Mobile,Organic Search,2025-06-25,2025-06,2025-07-07,Free,A
1253,India,Mumbai,Desktop,Google Ads,2025-11-07,2025-11,2025-11-16,Free,A
1254,UK,London,Desktop,Google Ads,2025-03-03,2025-03,,Free,A
1255,Canada,Toronto,Desktop,Referral,2025-05-07,2025-05,2025-05-21,Basic,B
1256,India,Mumbai,Mobile,Google Ads,2025-12-14,2025-12,2025-12-25,Pro,B
1257,UK,Manchester,Desktop,Referral,2025-10-11,2025-10,,Free,B
1258,India,Hyderabad,Desktop,Organic Search,2025-03-23,2025-03,2025-03-26,Basic,A
1259,India,Hyderabad,Mobile,Google Ads,2025-09-20,2025-09,,Free,B
1260,Germany,Munich,Mobile,Google Ads,2025-10-12,2025-10,2025-10-19,Free,A
1261,India,Hyderabad,Desktop,Organic Search,2025-11-30,2025-11,2025-12-01,Free,B
1262,UK,London,Tablet,Organic Search,2025-06-02,2025-06,2025-06-16,Basic,A
1263,India,Mumbai,Desktop,Organic Search,2025-11-08,2025-11,2025-11-08,Pro,B
1264,India,Mumbai,Mobile,Organic Search,2025-02-01,2025-02,2025-02-14,Free,A
1265,USA,San Francisco,Desktop,Google Ads,2025-12-23,2025-12,,Free,B
1266,India,Bengaluru,Desktop,Google Ads,2025-06-02,2025-06,2025-06-09,Free,A
1267,India,Bengaluru,Mobile,Organic Search,2025-03-23,2025-03,2025-04-04,Free,A
1268,UK,London,Desktop,Google Ads,2025-02-01,2025-02,2025-02-09,Basic,A
1269,UK,London,Mobile,Organic Search,2025-06-03,2025-06,2025-06-14,Free,B
1270,India,Bengaluru,Desktop,Organic Search,2025-07-27,2025-07,2025-07-31,Free,A
1271,USA,New York,Desktop,Referral,2025-09-19,2025-09,2025-09-28,Free,A
1272,USA,San Francisco,Mobile,Organic Search,2025-02-04,2025-02,2025-02-07,Free,B
1273,UK,London,Mobile,Email Campaign,2025-11-27,2025-11,2025-12-10,Free,B
1274,Canada,Toronto,Desktop,Referral,2025-09-30,2025-09,2025-10-08,Free,A
1275,India,Mumbai,Desktop,Organic Search,2025-02-11,2025-02,2025-02-20,Basic,B
1276,India,Hyderabad,Desktop,Organic Search,2025-05-14,2025-05,2025-05-28,Free,A
1277,USA,Austin,Desktop,Organic Search,2025-03-10,2025-03,2025-03-17,Free,B
1278,India,Hyderabad,Desktop,Organic Search,2025-07-03,2025-07,2025-07-06,Basic,A
1279,India,Bengaluru,Desktop,Google Ads,2025-06-14,2025-06,2025-06-25,Free,A
1280,UK,London,Desktop,Google Ads,2025-11-02,2025-11,2025-11-16,Basic,A
1281,USA,New York,Mobile,Organic Search,2025-10-14,2025-10,2025-10-26,Basic,A
1282,India,Hyderabad,Desktop,Organic Search,2025-07-10,2025-07,2025-07-24,Free,A
1283,USA,San Francisco,Desktop,Google Ads,2025-07-14,2025-07,2025-07-28,Basic,A
1284,India,Bengaluru,Mobile,Organic Search,2025-05-16,2025-05,2025-05-17,Free,A
1285,Germany,Berlin,Desktop,Referral,2025-12-03,2025-12,2025-12-05,Free,B
1286,USA,Austin,Desktop,Organic Search,2025-05-05,2025-05,2025-05-08,Basic,B
1287,India,Bengaluru,Desktop,Organic Search,2025-07-29,2025-07,2025-08-10,Basic,B
1288,USA,New York,Desktop,Organic Search,2025-10-18,2025-10,2025-10-21,Free,A
1289,India,Mumbai,Mobile,Referral,2025-08-14,2025-08,2025-08-28,Basic,B
1290,UK,London,Desktop,Organic Search,2025-04-23,2025-04,2025-04-23,Basic,A
1291,Canada,Vancouver,Desktop,Google Ads,2025-12-26,2025-12,2026-01-01,Basic,B
1292,India,Hyderabad,Mobile,Google Ads,2025-10-25,2025-10,,Basic,B
1293,India,Mumbai,Mobile,Organic Search,2025-05-14,2025-05,,Free,A
1294,India,Bengaluru,Desktop,Email Campaign,2025-03-05,2025-03,2025-03-15,Free,A
1295,India,Hyderabad,Desktop,Google Ads,2025-10-30,2025-10,2025-11-08,Basic,A
1296,India,Bengaluru,Tablet,Referral,2025-10-17,2025-10,2025-10-23,Pro,A
1297,UK,Manchester,Desktop,Email Campaign,2025-02-19,2025-02,2025-03-04,Free,B
1298,USA,New York,Mobile,Email Campaign,2025-01-20,2025-01,2025-01-29,Pro,A
1299,Germany,Berlin,Desktop,Google Ads,2025-04-29,2025-04,2025-05-05,Free,A
1300,Canada,Toronto,Desktop,Google Ads,2025-09-24,2025-09,2025-09-29,Free,A
1301,USA,Austin,Desktop,Organic Search,2025-11-28,2025-11,2025-12-12,Free,B
1302,USA,San Francisco,Desktop,Organic Search,2025-01-27,2025-01,,Free,B
1303,UK,London,Desktop,Organic Search,2025-09-13,2025-09,2025-09-18,Free,A
1304,India,Bengaluru,Desktop,Organic Search,2025-12-02,2025-12,,Free,B
1305,UK,London,Desktop,Google Ads,2025-04-26,2025-04,,Free,B
1306,USA,Austin,Mobile,Email Campaign,2025-08-01,2025-08,,Pro,B
1307,India,Bengaluru,Desktop,Referral,2025-11-23,2025-11,2025-12-02,Free,A
1308,India,Hyderabad,Desktop,Organic Search,2025-04-22,2025-04,2025-04-25,Pro,A
1309,India,Hyderabad,Desktop,Organic Search,2025-09-06,2025-09,2025-09-15,Free,A
1310,USA,New York,Mobile,Organic Search,2025-09-10,2025-09,,Free,A
1311,UK,London,Desktop,Google Ads,2025-05-13,2025-05,2025-05-20,Free,A
1312,USA,San Francisco,Desktop,Google Ads,2025-10-20,2025-10,2025-10-28,Free,B
1313,India,Mumbai,Mobile,Email Campaign,2025-03-05,2025-03,2025-03-17,Free,A
1314,USA,Austin,Desktop,Google Ads,2025-01-28,2025-01,2025-02-11,Free,B
1315,UK,London,Mobile,Organic Search,2025-06-06,2025-06,2025-06-14,Free,A
1316,India,Hyderabad,Mobile,Referral,2025-03-22,2025-03,2025-03-24,Free,B
1317,India,Hyderabad,Desktop,Referral,2025-12-18,2025-12,2025-12-29,Free,B
1318,Canada,Toronto,Tablet,Referral,2025-07-19,2025-07,2025-07-29,Pro,B
1319,USA,Austin,Desktop,Organic Search,2025-09-14,2025-09,,Free,A
1320,Germany,Munich,Mobile,Organic Search,2025-10-14,2025-10,2025-10-16,Basic,A
1321,UK,London,Desktop,Referral,2025-10-03,2025-10,2025-10-03,Free,B
1322,India,Hyderabad,Mobile,Google Ads,2025-04-26,2025-04,,Basic,B
1323,India,Hyderabad,Desktop,Google Ads,2025-03-04,2025-03,2025-03-14,Free,A
1324,USA,New York,Desktop,Google Ads,2025-04-06,2025-04,2025-04-06,Free,A
1325,USA,New York,Mobile,Organic Search,2025-07-13,2025-07,2025-07-17,Free,B
1326,Germany,Munich,Desktop,Organic Search,2025-11-24,2025-11,2025-12-08,Free,A
1327,UK,London,Desktop,Referral,2025-09-25,2025-09,2025-10-09,Free,B
1328,USA,San Francisco,Mobile,Referral,2025-11-02,2025-11,,Basic,A
1329,India,Hyderabad,Mobile,Organic Search,2025-08-14,2025-08,,Free,A
1330,Canada,Toronto,Desktop,Referral,2025-08-16,2025-08,2025-08-26,Free,B
1331,India,Bengaluru,Mobile,Organic Search,2025-04-30,2025-04,2025-05-13,Free,A
1332,India,Mumbai,Desktop,Organic Search,2025-02-22,2025-02,2025-02-25,Free,A
1333,USA,San Francisco,Mobile,Google Ads,2025-02-11,2025-02,,Pro,B
1334,Germany,Munich,Desktop,Organic Search,2025-01-25,2025-01,,Free,A
1335,Germany,Munich,Desktop,Referral,2025-12-20,2025-12,,Free,B
1336,USA,Austin,Mobile,Referral,2025-10-26,2025-10,2025-10-31,Free,B
1337,USA,Austin,Mobile,Google Ads,2025-03-19,2025-03,2025-03-23,Basic,B
1338,India,Hyderabad,Desktop,Referral,2025-08-17,2025-08,2025-08-31,Free,B
1339,Canada,Toronto,Desktop,Google Ads,2025-01-01,2025-01,2025-01-02,Pro,A
1340,Germany,Berlin,Tablet,Referral,2025-01-16,2025-01,2025-01-29,Free,A
1341,USA,San Francisco,Mobile,Referral,2025-07-10,2025-07,2025-07-23,Basic,B
1342,USA,Austin,Desktop,Referral,2025-07-22,2025-07,2025-08-02,Free,A
1343,UK,Manchester,Desktop,Referral,2025-04-24,2025-04,,Free,A
1344,India,Mumbai,Desktop,Organic Search,2025-02-15,2025-02,2025-02-28,Free,B
1345,India,Bengaluru,Mobile,Email Campaign,2025-03-15,2025-03,2025-03-15,Basic,A
1346,India,Mumbai,Mobile,Organic Search,2025-06-10,2025-06,2025-06-13,Free,B
1347,India,Mumbai,Desktop,Organic Search,2025-05-26,2025-05,2025-06-08,Free,A
1348,Germany,Munich,Desktop,Organic Search,2025-10-21,2025-10,2025-11-02,Free,A
1349,USA,San Francisco,Desktop,Google Ads,2025-01-12,2025-01,,Free,B
1350,India,Bengaluru,Desktop,Google Ads,2025-04-25,2025-04,2025-05-03,Free,B
1351,USA,San Francisco,Tablet,Email Campaign,2025-03-17,2025-03,2025-03-20,Pro,B
1352,Germany,Berlin,Desktop,Organic Search,2025-04-09,2025-04,2025-04-23,Free,A
1353,Canada,Vancouver,Desktop,Organic Search,2025-05-02,2025-05,,Free,A
1354,UK,London,Desktop,Organic Search,2025-01-17,2025-01,2025-01-19,Free,B
1355,Canada,Vancouver,Mobile,Referral,2025-09-10,2025-09,2025-09-12,Pro,A
1356,Canada,Toronto,Desktop,Organic Search,2025-04-26,2025-04,2025-04-29,Free,A
1357,UK,Manchester,Mobile,Google Ads,2025-08-24,2025-08,2025-09-03,Free,A
1358,India,Hyderabad,Desktop,Google Ads,2025-02-24,2025-02,,Free,A
1359,UK,London,Desktop,Organic Search,2025-11-27,2025-11,2025-11-27,Free,A
1360,Germany,Berlin,Desktop,Referral,2025-08-13,2025-08,2025-08-23,Free,B
1361,India,Hyderabad,Desktop,Organic Search,2025-08-19,2025-08,2025-08-29,Basic,B
1362,USA,Austin,Tablet,Referral,2025-05-07,2025-05,2025-05-19,Free,B
1363,UK,London,Mobile,Google Ads,2025-01-12,2025-01,2025-01-19,Pro,B
1364,Germany,Munich,Desktop,Organic Search,2025-12-18,2025-12,2025-12-18,Free,B
1365,UK,Manchester,Mobile,Referral,2025-04-15,2025-04,2025-04-28,Pro,B
1366,USA,Austin,Tablet,Referral,2025-06-12,2025-06,2025-06-24,Pro,A
1367,Germany,Munich,Mobile,Referral,2025-04-24,2025-04,2025-05-08,Pro,B
1368,USA,New York,Mobile,Organic Search,2025-03-04,2025-03,2025-03-04,Basic,B
1369,USA,San Francisco,Mobile,Google Ads,2025-01-31,2025-01,2025-01-31,Free,B
1370,India,Mumbai,Mobile,Google Ads,2025-08-24,2025-08,2025-09-02,Free,A
1371,Germany,Berlin,Desktop,Organic Search,2025-07-10,2025-07,,Free,A
1372,India,Bengaluru,Mobile,Organic Search,2025-11-30,2025-11,2025-12-10,Free,B
1373,India,Mumbai,Desktop,Organic Search,2025-08-03,2025-08,2025-08-07,Free,A
1374,USA,New York,Desktop,Email Campaign,2025-12-07,2025-12,2025-12-19,Free,B
1375,UK,Manchester,Desktop,Organic Search,2025-08-19,2025-08,2025-08-20,Basic,A
1376,UK,Manchester,Tablet,Organic Search,2025-05-08,2025-05,2025-05-18,Free,A
1377,Canada,Toronto,Mobile,Email Campaign,2025-02-20,2025-02,2025-02-21,Free,A
1378,India,Hyderabad,Desktop,Organic Search,2025-11-23,2025-11,2025-11-28,Pro,B
1379,India,Bengaluru,Mobile,Organic Search,2025-07-19,2025-07,2025-07-25,Free,B
1380,India,Mumbai,Mobile,Organic Search,2025-01-13,2025-01,2025-01-14,Free,A
1381,USA,New York,Mobile,Organic Search,2025-06-03,2025-06,,Free,A
1382,UK,Manchester,Desktop,Organic Search,2025-07-12,2025-07,2025-07-15,Free,A
1383,India,Bengaluru,Desktop,Organic Search,2025-01-17,2025-01,2025-01-21,Free,B
1384,USA,Austin,Desktop,Google Ads,2025-07-11,2025-07,,Free,B
1385,UK,London,Mobile,Referral,2025-08-18,2025-08,2025-08-21,Free,A
1386,Canada,Toronto,Desktop,Organic Search,2025-05-25,2025-05,2025-06-04,Free,B
1387,India,Mumbai,Desktop,Organic Search,2025-05-23,2025-05,2025-05-31,Free,B
1388,USA,New York,Desktop,Referral,2025-07-10,2025-07,2025-07-10,Free,B
1389,USA,New York,Mobile,Organic Search,2025-08-19,2025-08,,Free,B
1390,USA,San Francisco,Desktop,Google Ads,2025-12-26,2025-12,2025-12-30,Free,B
1391,India,Hyderabad,Desktop,Referral,2025-07-28,2025-07,2025-08-06,Free,A
1392,UK,London,Desktop,Organic Search,2025-04-17,2025-04,2025-04-21,Basic,A
1393,UK,London,Mobile,Organic Search,2025-03-14,2025-03,,Free,B
1394,India,Mumbai,Desktop,Email Campaign,2025-01-11,2025-01,2025-01-18,Free,A
1395,India,Mumbai,Desktop,Google Ads,2025-03-13,2025-03,2025-03-23,Free,B
1396,India,Bengaluru,Desktop,Organic Search,2025-08-24,2025-08,2025-08-31,Free,B
1397,USA,Austin,Desktop,Referral,2025-09-02,2025-09,2025-09-11,Free,B
1398,India,Hyderabad,Desktop,Organic Search,2025-04-03,2025-04,2025-04-14,Free,B
1399,USA,Austin,Desktop,Organic Search,2025-02-14,2025-02,2025-02-25,Free,A
1400,India,Hyderabad,Desktop,Google Ads,2025-02-21,2025-02,,Basic,B
1401,India,Bengaluru,Mobile,Email Campaign,2025-11-25,2025-11,,Free,B
1402,India,Hyderabad,Mobile,Organic Search,2025-11-13,2025-11,2025-11-14,Free,B
1403,India,Bengaluru,Desktop,Google Ads,2025-04-08,2025-04,2025-04-17,Pro,A
1404,India,Bengaluru,Mobile,Referral,2025-08-08,2025-08,2025-08-16,Free,B
1405,Canada,Vancouver,Desktop,Organic Search,2025-02-28,2025-02,2025-03-08,Free,B
1406,India,Bengaluru,Desktop,Organic Search,2025-08-03,2025-08,,Free,B
1407,India,Hyderabad,Desktop,Organic Search,2025-12-24,2025-12,,Free,B
1408,USA,Austin,Desktop,Organic Search,2025-10-23,2025-10,2025-11-04,Free,A
1409,India,Hyderabad,Desktop,Referral,2025-03-29,2025-03,2025-04-12,Free,A
1410,India,Mumbai,Desktop,Referral,2025-06-03,2025-06,,Basic,A
1411,India,Bengaluru,Mobile,Google Ads,2025-05-09,2025-05,,Free,A
1412,India,Bengaluru,Desktop,Organic Search,2025-04-24,2025-04,,Free,A
1413,India,Hyderabad,Desktop,Google Ads,2025-12-07,2025-12,2025-12-10,Free,B
1414,Canada,Toronto,Mobile,Organic Search,2025-01-19,2025-01,2025-01-30,Basic,A
1415,UK,London,Desktop,Organic Search,2025-05-06,2025-05,2025-05-17,Free,B
1416,India,Bengaluru,Mobile,Organic Search,2025-05-21,2025-05,2025-05-27,Free,A
1417,UK,Manchester,Mobile,Organic Search,2025-03-30,2025-03,2025-04-04,Free,B
1418,India,Hyderabad,Desktop,Google Ads,2025-12-19,2025-12,,Basic,B
1419,USA,Austin,Mobile,Organic Search,2025-01-20,2025-01,,Free,A
1420,USA,Austin,Mobile,Organic Search,2025-11-20,2025-11,2025-11-24,Free,B
1421,USA,New York,Desktop,Organic Search,2025-08-23,2025-08,2025-08-26,Free,A
1422,India,Bengaluru,Mobile,Organic Search,2025-08-06,2025-08,2025-08-11,Free,B
1423,UK,London,Mobile,Organic Search,2025-11-16,2025-11,2025-11-27,Basic,A
1424,India,Hyderabad,Mobile,Organic Search,2025-07-31,2025-07,,Free,A
1425,India,Hyderabad,Desktop,Referral,2025-01-27,2025-01,2025-02-04,Basic,A
1426,UK,London,Desktop,Organic Search,2025-09-15,2025-09,2025-09-27,Free,B
1427,USA,San Francisco,Desktop,Organic Search,2025-09-08,2025-09,2025-09-19,Basic,B
1428,Canada,Toronto,Tablet,Organic Search,2025-02-01,2025-02,,Free,A
1429,India,Mumbai,Desktop,Organic Search,2025-08-06,2025-08,2025-08-13,Free,B
1430,India,Bengaluru,Desktop,Google Ads,2025-09-08,2025-09,,Free,B
1431,Germany,Berlin,Desktop,Google Ads,2025-05-15,2025-05,2025-05-23,Free,B
1432,India,Hyderabad,Desktop,Organic Search,2025-12-27,2025-12,,Basic,B
1433,Canada,Vancouver,Desktop,Organic Search,2025-03-09,2025-03,2025-03-10,Free,B
1434,UK,London,Desktop,Organic Search,2025-12-10,2025-12,2025-12-21,Basic,A
1435,UK,London,Mobile,Referral,2025-04-17,2025-04,2025-04-23,Free,B
1436,India,Mumbai,Desktop,Google Ads,2025-10-25,2025-10,2025-11-01,Free,B
1437,UK,Manchester,Desktop,Email Campaign,2025-08-28,2025-08,2025-09-04,Pro,B
1438,Canada,Vancouver,Desktop,Organic Search,2025-05-16,2025-05,2025-05-18,Free,B
1439,India,Bengaluru,Mobile,Referral,2025-07-09,2025-07,2025-07-16,Basic,B
1440,UK,Manchester,Desktop,Email Campaign,2025-02-04,2025-02,2025-02-05,Free,A
1441,Canada,Toronto,Mobile,Referral,2025-04-02,2025-04,,Basic,B
1442,India,Bengaluru,Desktop,Organic Search,2025-05-19,2025-05,,Basic,A
1443,India,Mumbai,Mobile,Email Campaign,2025-08-27,2025-08,2025-09-06,Basic,A
1444,UK,London,Desktop,Google Ads,2025-08-04,2025-08,2025-08-04,Basic,B
1445,India,Mumbai,Desktop,Organic Search,2025-07-23,2025-07,,Basic,B
1446,USA,San Francisco,Desktop,Organic Search,2025-01-12,2025-01,,Free,B
1447,USA,Austin,Desktop,Google Ads,2025-08-06,2025-08,2025-08-16,Basic,A
1448,USA,San Francisco,Desktop,Referral,2025-10-24,2025-10,2025-11-03,Free,A
1449,Canada,Vancouver,Desktop,Google Ads,2025-07-28,2025-07,2025-07-29,Basic,B
1450,Canada,Toronto,Desktop,Google Ads,2025-09-27,2025-09,2025-10-08,Free,B
1451,India,Mumbai,Mobile,Organic Search,2025-08-04,2025-08,,Free,A
1452,UK,Manchester,Desktop,Organic Search,2025-10-20,2025-10,2025-10-21,Free,A
1453,India,Hyderabad,Desktop,Google Ads,2025-09-30,2025-09,2025-10-09,Free,A
1454,India,Hyderabad,Desktop,Organic Search,2025-06-12,2025-06,,Basic,A
1455,USA,Austin,Desktop,Organic Search,2025-12-12,2025-12,2025-12-16,Basic,A
1456,India,Bengaluru,Tablet,Google Ads,2025-03-24,2025-03,2025-04-03,Pro,A
1457,India,Mumbai,Desktop,Google Ads,2025-07-14,2025-07,2025-07-23,Basic,A
1458,Canada,Toronto,Tablet,Email Campaign,2025-08-13,2025-08,2025-08-24,Free,B
1459,USA,New York,Desktop,Referral,2025-02-03,2025-02,2025-02-17,Free,B
1460,USA,San Francisco,Desktop,Organic Search,2025-03-01,2025-03,2025-03-03,Free,A
1461,India,Bengaluru,Tablet,Organic Search,2025-02-28,2025-02,2025-03-05,Free,B
1462,India,Hyderabad,Mobile,Organic Search,2025-09-24,2025-09,2025-10-03,Pro,A
1463,India,Bengaluru,Tablet,Organic Search,2025-10-20,2025-10,2025-11-02,Free,A
1464,India,Mumbai,Mobile,Google Ads,2025-03-12,2025-03,2025-03-17,Free,B
1465,Canada,Toronto,Desktop,Referral,2025-03-09,2025-03,,Basic,B
1466,India,Mumbai,Mobile,Google Ads,2025-10-28,2025-10,2025-11-07,Pro,A
1467,Canada,Toronto,Mobile,Referral,2025-11-16,2025-11,2025-11-29,Basic,B
1468,India,Hyderabad,Desktop,Referral,2025-05-06,2025-05,2025-05-11,Free,B
1469,India,Mumbai,Mobile,Organic Search,2025-10-02,2025-10,,Free,A
1470,India,Bengaluru,Mobile,Referral,2025-04-05,2025-04,2025-04-12,Basic,A
1471,UK,Manchester,Mobile,Email Campaign,2025-09-15,2025-09,,Free,A
1472,India,Hyderabad,Desktop,Organic Search,2025-07-12,2025-07,2025-07-24,Pro,A
1473,Canada,Vancouver,Desktop,Organic Search,2025-06-19,2025-06,2025-07-01,Free,A
1474,USA,San Francisco,Desktop,Referral,2025-11-20,2025-11,,Basic,A
1475,India,Hyderabad,Mobile,Organic Search,2025-09-14,2025-09,2025-09-15,Free,B
1476,USA,San Francisco,Mobile,Organic Search,2025-04-19,2025-04,2025-04-24,Free,A
1477,India,Hyderabad,Desktop,Google Ads,2025-11-23,2025-11,2025-12-03,Free,A
1478,UK,Manchester,Desktop,Organic Search,2025-08-09,2025-08,2025-08-12,Free,B
1479,USA,New York,Desktop,Google Ads,2025-07-21,2025-07,2025-07-24,Free,A
1480,USA,Austin,Desktop,Organic Search,2025-11-12,2025-11,2025-11-18,Free,A
1481,USA,San Francisco,Mobile,Organic Search,2025-10-19,2025-10,2025-10-28,Free,B
1482,USA,New York,Mobile,Organic Search,2025-01-13,2025-01,2025-01-25,Free,B
1483,India,Mumbai,Tablet,Referral,2025-12-28,2025-12,2026-01-11,Pro,B
1484,UK,Manchester,Desktop,Organic Search,2025-07-10,2025-07,2025-07-18,Basic,B
1485,India,Hyderabad,Mobile,Organic Search,2025-09-26,2025-09,2025-10-06,Free,B
1486,USA,New York,Desktop,Organic Search,2025-03-04,2025-03,2025-03-09,Free,B
1487,Germany,Berlin,Mobile,Referral,2025-03-15,2025-03,2025-03-25,Free,B
1488,Germany,Munich,Desktop,Referral,2025-11-20,2025-11,2025-11-26,Free,B
1489,UK,London,Mobile,Google Ads,2025-02-26,2025-02,,Free,B
1490,UK,London,Desktop,Organic Search,2025-04-30,2025-04,2025-05-13,Free,A
1491,India,Bengaluru,Desktop,Organic Search,2025-08-09,2025-08,2025-08-19,Free,B
1492,India,Mumbai,Tablet,Organic Search,2025-09-01,2025-09,2025-09-02,Free,A
1493,India,Hyderabad,Mobile,Google Ads,2025-08-15,2025-08,2025-08-17,Free,B
1494,India,Bengaluru,Mobile,Organic Search,2025-02-03,2025-02,2025-02-07,Free,A
1495,India,Bengaluru,Mobile,Google Ads,2025-06-23,2025-06,2025-07-06,Free,A
1496,Germany,Munich,Desktop,Organic Search,2025-09-24,2025-09,2025-09-26,Pro,B
1497,USA,Austin,Desktop,Email Campaign,2025-07-08,2025-07,2025-07-16,Basic,A
1498,Canada,Vancouver,Mobile,Organic Search,2025-02-11,2025-02,2025-02-13,Pro,B
1499,USA,San Francisco,Desktop,Google Ads,2025-01-26,2025-01,2025-02-06,Basic,B
1500,USA,Austin,Desktop,Organic Search,2025-07-05,2025-07,2025-07-10,Free,B
1501,UK,London,Desktop,Organic Search,2025-06-13,2025-06,,Basic,B
1502,Canada,Vancouver,Desktop,Email Campaign,2025-10-23,2025-10,2025-11-01,Free,A
1503,India,Mumbai,Tablet,Email Campaign,2025-11-08,2025-11,2025-11-19,Free,A
1504,Canada,Vancouver,Desktop,Organic Search,2025-03-29,2025-03,2025-04-11,Basic,B
1505,India,Hyderabad,Desktop,Google Ads,2025-12-12,2025-12,2025-12-13,Pro,A
1506,India,Mumbai,Mobile,Google Ads,2025-10-17,2025-10,2025-10-21,Pro,A
1507,India,Hyderabad,Mobile,Organic Search,2025-12-18,2025-12,2025-12-21,Free,B
1508,India,Bengaluru,Mobile,Email Campaign,2025-10-22,2025-10,,Free,A
1509,Germany,Berlin,Desktop,Google Ads,2025-08-24,2025-08,,Free,B
1510,Germany,Munich,Desktop,Google Ads,2025-07-24,2025-07,2025-08-07,Free,A
1511,Canada,Toronto,Desktop,Organic Search,2025-10-16,2025-10,,Pro,A
1512,USA,Austin,Desktop,Email Campaign,2025-08-13,2025-08,2025-08-26,Free,B
1513,USA,San Francisco,Desktop,Organic Search,2025-02-13,2025-02,,Basic,B
1514,India,Bengaluru,Desktop,Organic Search,2025-04-11,2025-04,,Basic,B
1515,India,Mumbai,Desktop,Google Ads,2025-05-07,2025-05,,Basic,B
1516,USA,San Francisco,Desktop,Email Campaign,2025-09-15,2025-09,2025-09-21,Basic,B
1517,USA,San Francisco,Mobile,Google Ads,2025-09-08,2025-09,2025-09-15,Free,A
1518,Canada,Vancouver,Desktop,Referral,2025-10-19,2025-10,2025-10-21,Free,A
1519,India,Hyderabad,Desktop,Organic Search,2025-11-18,2025-11,2025-11-25,Free,B
1520,USA,Austin,Desktop,Organic Search,2025-03-29,2025-03,2025-04-03,Free,A
1521,USA,San Francisco,Desktop,Referral,2025-02-24,2025-02,2025-03-01,Free,B
1522,India,Hyderabad,Mobile,Referral,2025-04-04,2025-04,,Free,B
1523,India,Hyderabad,Desktop,Google Ads,2025-07-20,2025-07,2025-07-24,Free,A
1524,India,Bengaluru,Desktop,Google Ads,2025-10-30,2025-10,2025-10-30,Basic,A
1525,India,Mumbai,Desktop,Google Ads,2025-07-25,2025-07,2025-08-04,Free,A
1526,UK,Manchester,Mobile,Organic Search,2025-08-21,2025-08,2025-09-03,Basic,B
1527,USA,New York,Desktop,Referral,2025-06-13,2025-06,2025-06-14,Basic,B
1528,Germany,Berlin,Desktop,Google Ads,2025-07-29,2025-07,2025-07-29,Free,B
1529,USA,New York,Mobile,Referral,2025-09-26,2025-09,2025-10-09,Free,B
1530,Germany,Berlin,Desktop,Organic Search,2025-02-08,2025-02,2025-02-09,Free,A
1531,India,Bengaluru,Mobile,Email Campaign,2025-03-03,2025-03,,Free,A
1532,India,Bengaluru,Desktop,Referral,2025-12-02,2025-12,2025-12-02,Free,B
1533,India,Bengaluru,Desktop,Referral,2025-01-09,2025-01,2025-01-13,Basic,A
1534,USA,New York,Mobile,Organic Search,2025-05-04,2025-05,2025-05-08,Free,A
1535,USA,New York,Desktop,Email Campaign,2025-08-09,2025-08,2025-08-16,Free,A
1536,USA,New York,Desktop,Organic Search,2025-08-19,2025-08,2025-08-20,Free,B
1537,India,Bengaluru,Desktop,Referral,2025-07-08,2025-07,2025-07-22,Basic,B
1538,USA,New York,Desktop,Organic Search,2025-11-04,2025-11,2025-11-12,Pro,A
1539,India,Mumbai,Desktop,Referral,2025-04-18,2025-04,,Pro,B
1540,India,Hyderabad,Desktop,Referral,2025-11-23,2025-11,2025-12-01,Basic,B
1541,India,Hyderabad,Desktop,Email Campaign,2025-10-22,2025-10,2025-11-05,Free,B
1542,USA,New York,Mobile,Organic Search,2025-10-19,2025-10,,Basic,B
1543,India,Bengaluru,Desktop,Organic Search,2025-07-01,2025-07,2025-07-10,Basic,A
1544,India,Hyderabad,Desktop,Google Ads,2025-03-07,2025-03,2025-03-10,Free,B
1545,India,Mumbai,Mobile,Google Ads,2025-07-18,2025-07,,Basic,B
1546,India,Hyderabad,Desktop,Google Ads,2025-09-19,2025-09,,Free,A
1547,USA,Austin,Mobile,Email Campaign,2025-04-27,2025-04,2025-04-30,Free,A
1548,Canada,Toronto,Desktop,Organic Search,2025-10-26,2025-10,2025-10-26,Basic,A
1549,Canada,Toronto,Desktop,Organic Search,2025-07-08,2025-07,2025-07-08,Basic,B
1550,India,Hyderabad,Desktop,Organic Search,2025-10-12,2025-10,2025-10-17,Free,B
1551,India,Bengaluru,Mobile,Google Ads,2025-09-23,2025-09,2025-09-24,Free,B
1552,UK,London,Desktop,Google Ads,2025-08-04,2025-08,2025-08-04,Free,A
1553,India,Bengaluru,Mobile,Email Campaign,2025-10-17,2025-10,2025-10-27,Basic,B
1554,India,Bengaluru,Desktop,Google Ads,2025-02-05,2025-02,,Free,B
1555,India,Bengaluru,Desktop,Google Ads,2025-05-05,2025-05,,Free,A
1556,India,Hyderabad,Desktop,Organic Search,2025-08-31,2025-08,2025-09-11,Free,B
1557,India,Mumbai,Desktop,Referral,2025-06-21,2025-06,2025-06-26,Free,A
1558,India,Mumbai,Desktop,Referral,2025-01-02,2025-01,2025-01-04,Free,A
1559,USA,New York,Mobile,Google Ads,2025-02-02,2025-02,2025-02-16,Free,A
1560,UK,Manchester,Tablet,Google Ads,2025-09-20,2025-09,,Pro,A
1561,India,Hyderabad,Desktop,Organic Search,2025-01-05,2025-01,2025-01-17,Pro,A
1562,Canada,Toronto,Tablet,Organic Search,2025-03-03,2025-03,2025-03-06,Free,A
1563,Canada,Vancouver,Mobile,Organic Search,2025-09-28,2025-09,2025-10-08,Basic,A
1564,UK,London,Desktop,Email Campaign,2025-10-12,2025-10,2025-10-19,Free,B
1565,USA,New York,Desktop,Google Ads,2025-03-08,2025-03,2025-03-14,Free,A
1566,India,Mumbai,Desktop,Google Ads,2025-02-25,2025-02,2025-03-07,Free,B
1567,India,Bengaluru,Mobile,Organic Search,2025-01-21,2025-01,2025-01-21,Basic,B
1568,UK,London,Desktop,Google Ads,2025-07-31,2025-07,2025-08-14,Free,A
1569,Germany,Munich,Tablet,Organic Search,2025-03-27,2025-03,2025-04-02,Free,A
1570,India,Hyderabad,Desktop,Organic Search,2025-05-24,2025-05,,Free,B
1571,India,Mumbai,Desktop,Referral,2025-05-13,2025-05,,Free,A
1572,India,Mumbai,Desktop,Google Ads,2025-03-21,2025-03,2025-03-24,Free,B
1573,Germany,Berlin,Desktop,Google Ads,2025-01-24,2025-01,,Basic,B
1574,USA,San Francisco,Mobile,Organic Search,2025-10-12,2025-10,2025-10-12,Basic,B
1575,USA,San Francisco,Desktop,Google Ads,2025-09-01,2025-09,,Free,B
1576,India,Bengaluru,Desktop,Google Ads,2025-05-10,2025-05,,Free,B
1577,USA,New York,Desktop,Email Campaign,2025-07-08,2025-07,,Pro,A
1578,Germany,Munich,Desktop,Organic Search,2025-04-10,2025-04,,Basic,B
1579,UK,Manchester,Mobile,Organic Search,2025-05-05,2025-05,2025-05-17,Free,B
1580,USA,New York,Mobile,Referral,2025-10-01,2025-10,2025-10-03,Free,A
1581,India,Bengaluru,Mobile,Referral,2025-12-06,2025-12,2025-12-11,Basic,A
1582,India,Mumbai,Desktop,Organic Search,2025-06-22,2025-06,2025-06-22,Free,A
1583,India,Bengaluru,Mobile,Organic Search,2025-02-21,2025-02,2025-02-25,Free,B
1584,UK,Manchester,Mobile,Organic Search,2025-08-14,2025-08,2025-08-21,Basic,B
1585,India,Hyderabad,Desktop,Organic Search,2025-01-28,2025-01,,Pro,A
1586,Canada,Vancouver,Mobile,Referral,2025-07-30,2025-07,2025-08-10,Free,A
1587,USA,New York,Desktop,Organic Search,2025-01-25,2025-01,,Free,A
1588,India,Bengaluru,Desktop,Google Ads,2025-06-19,2025-06,2025-06-22,Free,A
1589,India,Mumbai,Desktop,Organic Search,2025-07-12,2025-07,2025-07-15,Free,B
1590,UK,London,Mobile,Organic Search,2025-04-14,2025-04,,Free,A
1591,USA,San Francisco,Desktop,Organic Search,2025-09-28,2025-09,2025-10-01,Free,A
1592,India,Mumbai,Desktop,Google Ads,2025-08-21,2025-08,2025-08-21,Free,A
1593,Germany,Berlin,Desktop,Organic Search,2025-10-10,2025-10,2025-10-11,Pro,A
1594,USA,New York,Mobile,Google Ads,2025-05-09,2025-05,2025-05-09,Free,B
1595,Canada,Vancouver,Desktop,Google Ads,2025-03-08,2025-03,2025-03-15,Free,A
1596,USA,New York,Mobile,Google Ads,2025-02-11,2025-02,,Basic,B
1597,India,Mumbai,Desktop,Email Campaign,2025-05-07,2025-05,2025-05-07,Basic,B
1598,UK,London,Desktop,Referral,2025-11-04,2025-11,2025-11-04,Free,A
1599,USA,Austin,Desktop,Organic Search,2025-08-30,2025-08,,Basic,B
1600,USA,San Francisco,Desktop,Referral,2025-01-09,2025-01,,Free,B
1601,USA,Austin,Desktop,Email Campaign,2025-05-08,2025-05,2025-05-19,Free,B
1602,India,Bengaluru,Desktop,Email Campaign,2025-07-13,2025-07,,Free,B
1603,India,Hyderabad,Desktop,Organic Search,2025-11-09,2025-11,2025-11-22,Basic,B
1604,India,Bengaluru,Mobile,Organic Search,2025-11-23,2025-11,,Free,B
1605,India,Hyderabad,Mobile,Referral,2025-06-19,2025-06,,Basic,B
1606,India,Bengaluru,Tablet,Organic Search,2025-03-11,2025-03,2025-03-24,Basic,A
1607,India,Hyderabad,Desktop,Referral,2025-03-23,2025-03,2025-04-03,Free,B
1608,USA,Austin,Mobile,Google Ads,2025-04-21,2025-04,2025-04-23,Basic,A
1609,India,Hyderabad,Desktop,Referral,2025-12-18,2025-12,2026-01-01,Free,A
1610,India,Mumbai,Desktop,Organic Search,2025-09-07,2025-09,2025-09-21,Free,A
1611,Germany,Berlin,Desktop,Referral,2025-04-08,2025-04,2025-04-15,Free,A
1612,USA,San Francisco,Desktop,Google Ads,2025-11-15,2025-11,2025-11-15,Free,B
1613,India,Hyderabad,Desktop,Google Ads,2025-03-21,2025-03,2025-03-31,Free,B
1614,Germany,Munich,Desktop,Organic Search,2025-02-28,2025-02,,Free,B
1615,India,Bengaluru,Desktop,Google Ads,2025-12-26,2025-12,2025-12-29,Free,A
1616,Germany,Berlin,Desktop,Organic Search,2025-06-03,2025-06,2025-06-05,Free,B
1617,USA,San Francisco,Desktop,Referral,2025-09-15,2025-09,2025-09-28,Pro,A
1618,USA,San Francisco,Mobile,Google Ads,2025-03-22,2025-03,2025-04-03,Free,A
1619,UK,Manchester,Mobile,Google Ads,2025-03-16,2025-03,2025-03-25,Free,A
1620,UK,London,Desktop,Organic Search,2025-04-30,2025-04,2025-05-10,Free,A
1621,India,Bengaluru,Desktop,Organic Search,2025-05-22,2025-05,2025-05-22,Free,B
1622,Canada,Toronto,Desktop,Google Ads,2025-06-26,2025-06,2025-07-03,Free,A
1623,Germany,Berlin,Mobile,Referral,2025-07-19,2025-07,2025-07-29,Free,A
1624,USA,San Francisco,Desktop,Organic Search,2025-05-27,2025-05,2025-06-06,Free,B
1625,Germany,Berlin,Mobile,Google Ads,2025-01-23,2025-01,2025-02-02,Free,B
1626,India,Bengaluru,Mobile,Organic Search,2025-02-16,2025-02,2025-02-20,Pro,A
1627,Canada,Vancouver,Mobile,Google Ads,2025-08-08,2025-08,2025-08-12,Free,A
1628,UK,London,Tablet,Google Ads,2025-10-28,2025-10,2025-10-28,Free,A
1629,UK,Manchester,Mobile,Organic Search,2025-06-09,2025-06,2025-06-09,Free,A
1630,India,Bengaluru,Desktop,Organic Search,2025-11-21,2025-11,2025-12-05,Free,A
1631,India,Hyderabad,Desktop,Organic Search,2025-08-23,2025-08,,Free,A
1632,USA,San Francisco,Desktop,Referral,2025-06-01,2025-06,2025-06-06,Free,B
1633,India,Hyderabad,Desktop,Referral,2025-10-05,2025-10,2025-10-05,Basic,A
1634,UK,London,Tablet,Organic Search,2025-03-25,2025-03,2025-03-25,Pro,B
1635,UK,Manchester,Desktop,Email Campaign,2025-10-28,2025-10,2025-11-08,Free,B
1636,UK,London,Desktop,Email Campaign,2025-04-14,2025-04,2025-04-24,Basic,A
1637,USA,Austin,Mobile,Organic Search,2025-04-20,2025-04,,Free,B
1638,India,Mumbai,Desktop,Organic Search,2025-09-20,2025-09,2025-09-20,Free,A
1639,India,Hyderabad,Desktop,Referral,2025-09-16,2025-09,2025-09-28,Free,A
1640,UK,London,Desktop,Referral,2025-09-23,2025-09,2025-10-07,Free,B
1641,India,Bengaluru,Desktop,Organic Search,2025-01-29,2025-01,,Free,B
1642,India,Hyderabad,Desktop,Organic Search,2025-03-27,2025-03,2025-03-30,Free,B
1643,India,Bengaluru,Desktop,Google Ads,2025-03-24,2025-03,2025-03-29,Basic,A
1644,Canada,Toronto,Tablet,Referral,2025-01-28,2025-01,2025-02-11,Free,B
1645,UK,Manchester,Mobile,Google Ads,2025-10-08,2025-10,2025-10-22,Free,B
1646,India,Mumbai,Desktop,Organic Search,2025-08-16,2025-08,2025-08-21,Free,A
1647,UK,Manchester,Desktop,Organic Search,2025-03-10,2025-03,2025-03-24,Free,B
1648,UK,Manchester,Desktop,Email Campaign,2025-04-12,2025-04,2025-04-17,Free,A
1649,USA,New York,Mobile,Organic Search,2025-10-16,2025-10,2025-10-24,Basic,A
1650,Canada,Vancouver,Mobile,Organic Search,2025-11-14,2025-11,2025-11-24,Free,A
1651,USA,New York,Desktop,Organic Search,2025-10-31,2025-10,2025-10-31,Free,B
1652,USA,New York,Desktop,Organic Search,2025-08-30,2025-08,2025-09-01,Free,B
1653,Germany,Munich,Tablet,Referral,2025-11-03,2025-11,2025-11-10,Basic,B
1654,Canada,Toronto,Desktop,Organic Search,2025-04-29,2025-04,,Free,B
1655,Germany,Berlin,Desktop,Organic Search,2025-11-16,2025-11,2025-11-25,Basic,A
1656,India,Bengaluru,Desktop,Email Campaign,2025-10-23,2025-10,2025-11-01,Free,B
1657,Canada,Vancouver,Desktop,Google Ads,2025-10-04,2025-10,2025-10-07,Free,B
1658,Germany,Berlin,Mobile,Google Ads,2025-08-08,2025-08,2025-08-09,Free,B
1659,USA,New York,Desktop,Referral,2025-06-28,2025-06,2025-06-28,Pro,A
1660,Canada,Toronto,Desktop,Organic Search,2025-12-29,2025-12,2026-01-11,Free,B
1661,USA,New York,Desktop,Email Campaign,2025-02-16,2025-02,,Free,B
1662,USA,Austin,Desktop,Referral,2025-08-23,2025-08,,Free,B
1663,India,Hyderabad,Mobile,Organic Search,2025-12-25,2025-12,2026-01-04,Free,B
1664,India,Bengaluru,Desktop,Organic Search,2025-11-16,2025-11,2025-11-18,Free,A
1665,UK,Manchester,Mobile,Referral,2025-04-24,2025-04,2025-05-06,Free,B
1666,Germany,Berlin,Desktop,Email Campaign,2025-07-31,2025-07,2025-08-03,Free,B
1667,Germany,Munich,Desktop,Email Campaign,2025-08-20,2025-08,2025-08-25,Free,B
1668,India,Hyderabad,Desktop,Referral,2025-07-24,2025-07,2025-07-26,Free,A
1669,India,Hyderabad,Desktop,Google Ads,2025-01-16,2025-01,2025-01-28,Free,B
1670,India,Mumbai,Tablet,Organic Search,2025-06-15,2025-06,2025-06-29,Free,A
1671,India,Hyderabad,Desktop,Organic Search,2025-07-26,2025-07,2025-08-06,Free,B
1672,India,Bengaluru,Desktop,Organic Search,2025-11-22,2025-11,2025-11-24,Free,A
1673,India,Hyderabad,Desktop,Organic Search,2025-12-27,2025-12,2025-12-28,Free,B
1674,Germany,Munich,Desktop,Google Ads,2025-08-07,2025-08,2025-08-12,Free,A
1675,India,Mumbai,Mobile,Email Campaign,2025-03-23,2025-03,2025-03-29,Pro,A
1676,UK,London,Desktop,Organic Search,2025-04-02,2025-04,2025-04-06,Basic,A
1677,Germany,Munich,Desktop,Organic Search,2025-07-14,2025-07,,Free,B
1678,UK,Manchester,Mobile,Organic Search,2025-12-30,2025-12,2026-01-10,Pro,A
1679,India,Bengaluru,Desktop,Organic Search,2025-08-20,2025-08,2025-08-28,Pro,A
1680,India,Bengaluru,Desktop,Organic Search,2025-05-22,2025-05,2025-06-03,Basic,A
1681,UK,Manchester,Mobile,Google Ads,2025-01-03,2025-01,,Basic,B
1682,India,Bengaluru,Desktop,Organic Search,2025-01-09,2025-01,2025-01-12,Free,B
1683,Germany,Munich,Desktop,Referral,2025-12-08,2025-12,2025-12-20,Basic,A
1684,USA,Austin,Mobile,Organic Search,2025-06-28,2025-06,2025-07-11,Basic,B
1685,Canada,Toronto,Mobile,Organic Search,2025-10-22,2025-10,2025-10-23,Free,B
1686,UK,Manchester,Mobile,Google Ads,2025-09-15,2025-09,2025-09-18,Free,A
1687,India,Hyderabad,Desktop,Organic Search,2025-06-05,2025-06,,Free,A
1688,Canada,Toronto,Tablet,Organic Search,2025-07-05,2025-07,2025-07-06,Free,A
1689,Germany,Berlin,Desktop,Referral,2025-04-19,2025-04,,Pro,A
1690,USA,San Francisco,Mobile,Email Campaign,2025-12-28,2025-12,2026-01-06,Free,B
1691,India,Bengaluru,Mobile,Google Ads,2025-06-14,2025-06,2025-06-15,Basic,A
1692,India,Hyderabad,Desktop,Google Ads,2025-12-29,2025-12,2026-01-11,Basic,B
1693,USA,Austin,Desktop,Organic Search,2025-07-26,2025-07,2025-07-28,Basic,B
1694,India,Mumbai,Desktop,Referral,2025-10-30,2025-10,2025-11-11,Free,A
1695,Germany,Munich,Mobile,Organic Search,2025-09-09,2025-09,2025-09-14,Free,B
1696,India,Hyderabad,Mobile,Referral,2025-01-22,2025-01,2025-01-31,Free,A
1697,India,Bengaluru,Desktop,Google Ads,2025-02-20,2025-02,2025-02-21,Basic,B
1698,India,Hyderabad,Desktop,Organic Search,2025-12-14,2025-12,2025-12-22,Pro,B
1699,USA,San Francisco,Mobile,Organic Search,2025-06-14,2025-06,,Basic,B
1700,India,Hyderabad,Desktop,Email Campaign,2025-05-08,2025-05,,Free,A
1701,Germany,Munich,Desktop,Google Ads,2025-08-06,2025-08,2025-08-10,Basic,B
1702,India,Hyderabad,Desktop,Organic Search,2025-09-17,2025-09,2025-09-30,Free,A
1703,USA,New York,Desktop,Google Ads,2025-03-23,2025-03,2025-03-28,Free,B
1704,India,Mumbai,Desktop,Referral,2025-02-27,2025-02,2025-03-12,Pro,B
1705,India,Mumbai,Desktop,Google Ads,2025-03-11,2025-03,2025-03-16,Free,A
1706,India,Hyderabad,Desktop,Referral,2025-06-12,2025-06,,Pro,A
1707,USA,New York,Mobile,Organic Search,2025-09-24,2025-09,,Free,A
1708,India,Mumbai,Desktop,Organic Search,2025-07-16,2025-07,2025-07-28,Free,B
1709,Canada,Toronto,Mobile,Referral,2025-11-27,2025-11,2025-12-04,Pro,B
1710,Germany,Berlin,Tablet,Google Ads,2025-09-27,2025-09,2025-09-28,Free,B
1711,UK,Manchester,Desktop,Organic Search,2025-06-04,2025-06,2025-06-17,Free,B
1712,Canada,Toronto,Mobile,Referral,2025-11-28,2025-11,,Free,A
1713,USA,San Francisco,Desktop,Google Ads,2025-10-06,2025-10,2025-10-10,Free,A
1714,India,Hyderabad,Mobile,Google Ads,2025-07-12,2025-07,,Free,A
1715,UK,London,Mobile,Google Ads,2025-06-09,2025-06,2025-06-22,Free,A
1716,Germany,Berlin,Mobile,Email Campaign,2025-12-15,2025-12,2025-12-15,Free,B
1717,USA,Austin,Mobile,Email Campaign,2025-11-26,2025-11,,Free,B
1718,India,Hyderabad,Desktop,Email Campaign,2025-12-20,2025-12,2025-12-27,Free,B
1719,USA,San Francisco,Desktop,Email Campaign,2025-02-05,2025-02,2025-02-09,Basic,A
1720,Canada,Toronto,Desktop,Organic Search,2025-04-04,2025-04,,Free,B
1721,India,Mumbai,Mobile,Google Ads,2025-07-17,2025-07,2025-07-21,Free,B
1722,Canada,Vancouver,Mobile,Organic Search,2025-04-25,2025-04,2025-04-28,Basic,A
1723,India,Bengaluru,Mobile,Referral,2025-06-05,2025-06,2025-06-07,Free,B
1724,India,Mumbai,Mobile,Email Campaign,2025-06-10,2025-06,2025-06-10,Free,B
1725,USA,Austin,Desktop,Referral,2025-05-30,2025-05,2025-05-31,Free,B
1726,India,Bengaluru,Desktop,Referral,2025-07-11,2025-07,,Basic,A
1727,India,Mumbai,Mobile,Organic Search,2025-08-12,2025-08,,Free,A
1728,India,Hyderabad,Mobile,Google Ads,2025-10-15,2025-10,2025-10-23,Free,B
1729,Canada,Vancouver,Mobile,Referral,2025-12-15,2025-12,,Free,A
1730,USA,New York,Mobile,Google Ads,2025-01-08,2025-01,2025-01-21,Free,A
1731,UK,Manchester,Mobile,Organic Search,2025-12-02,2025-12,2025-12-14,Free,B
1732,India,Mumbai,Mobile,Google Ads,2025-10-31,2025-10,2025-11-12,Free,A
1733,USA,Austin,Mobile,Organic Search,2025-09-01,2025-09,2025-09-01,Free,B
1734,Germany,Berlin,Desktop,Google Ads,2025-08-27,2025-08,2025-08-27,Free,B
1735,USA,New York,Mobile,Email Campaign,2025-12-28,2025-12,2026-01-05,Free,A
1736,India,Bengaluru,Desktop,Email Campaign,2025-04-06,2025-04,2025-04-06,Basic,A
1737,India,Bengaluru,Desktop,Organic Search,2025-07-27,2025-07,2025-08-09,Free,B
1738,India,Hyderabad,Desktop,Google Ads,2025-08-26,2025-08,2025-08-30,Free,A
1739,USA,San Francisco,Desktop,Organic Search,2025-10-02,2025-10,2025-10-10,Free,B
1740,USA,San Francisco,Desktop,Google Ads,2025-02-25,2025-02,2025-03-07,Free,A
1741,India,Bengaluru,Mobile,Organic Search,2025-01-27,2025-01,2025-02-05,Pro,A
1742,India,Mumbai,Tablet,Organic Search,2025-10-13,2025-10,2025-10-18,Free,A
1743,India,Hyderabad,Desktop,Organic Search,2025-01-01,2025-01,2025-01-01,Free,B
1744,Canada,Vancouver,Desktop,Organic Search,2025-12-01,2025-12,2025-12-12,Basic,A
1745,India,Mumbai,Mobile,Organic Search,2025-11-28,2025-11,2025-12-02,Basic,A
1746,India,Bengaluru,Desktop,Organic Search,2025-09-19,2025-09,2025-09-21,Basic,A
1747,USA,San Francisco,Desktop,Organic Search,2025-08-02,2025-08,2025-08-07,Basic,A
1748,India,Mumbai,Mobile,Referral,2025-07-15,2025-07,,Pro,A
1749,Canada,Vancouver,Desktop,Organic Search,2025-12-01,2025-12,2025-12-05,Basic,A
1750,USA,Austin,Mobile,Referral,2025-09-16,2025-09,2025-09-21,Basic,B
1751,USA,Austin,Desktop,Referral,2025-09-08,2025-09,2025-09-10,Basic,B
1752,India,Bengaluru,Desktop,Organic Search,2025-12-21,2025-12,2025-12-26,Basic,B
1753,India,Hyderabad,Mobile,Organic Search,2025-06-19,2025-06,2025-06-27,Pro,B
1754,UK,London,Desktop,Organic Search,2025-03-10,2025-03,2025-03-22,Free,A
1755,India,Hyderabad,Mobile,Google Ads,2025-03-20,2025-03,2025-03-23,Free,B
1756,India,Mumbai,Mobile,Referral,2025-04-26,2025-04,2025-05-02,Free,B
1757,India,Bengaluru,Mobile,Email Campaign,2025-02-12,2025-02,2025-02-25,Free,A
1758,USA,Austin,Mobile,Referral,2025-06-06,2025-06,2025-06-18,Pro,A
1759,USA,Austin,Desktop,Referral,2025-01-03,2025-01,,Free,B
1760,UK,Manchester,Mobile,Organic Search,2025-02-17,2025-02,,Pro,B
1761,Canada,Toronto,Desktop,Organic Search,2025-12-17,2025-12,2025-12-18,Free,A
1762,USA,New York,Tablet,Organic Search,2025-12-05,2025-12,2025-12-09,Free,A
1763,India,Mumbai,Desktop,Referral,2025-03-19,2025-03,2025-03-31,Free,A
1764,UK,Manchester,Mobile,Organic Search,2025-10-28,2025-10,2025-11-04,Free,B
1765,India,Mumbai,Desktop,Organic Search,2025-03-02,2025-03,2025-03-02,Free,A
1766,India,Bengaluru,Tablet,Google Ads,2025-02-08,2025-02,2025-02-12,Free,A
1767,Canada,Vancouver,Mobile,Organic Search,2025-03-24,2025-03,2025-04-04,Pro,B
1768,USA,New York,Desktop,Organic Search,2025-12-18,2025-12,,Free,A
1769,India,Hyderabad,Mobile,Organic Search,2025-01-25,2025-01,2025-02-08,Basic,A
1770,India,Mumbai,Desktop,Organic Search,2025-11-01,2025-11,2025-11-02,Basic,B
1771,India,Mumbai,Desktop,Google Ads,2025-09-07,2025-09,,Free,A
1772,Canada,Toronto,Desktop,Google Ads,2025-08-29,2025-08,2025-09-08,Free,A
1773,India,Bengaluru,Desktop,Email Campaign,2025-12-02,2025-12,2025-12-09,Pro,B
1774,USA,San Francisco,Desktop,Organic Search,2025-01-10,2025-01,2025-01-13,Pro,A
1775,USA,New York,Desktop,Organic Search,2025-08-18,2025-08,2025-08-25,Free,B
1776,India,Bengaluru,Mobile,Google Ads,2025-05-19,2025-05,2025-06-01,Free,A
1777,India,Hyderabad,Mobile,Google Ads,2025-05-07,2025-05,2025-05-10,Free,B
1778,Germany,Berlin,Mobile,Organic Search,2025-08-03,2025-08,2025-08-05,Free,B
1779,Germany,Berlin,Mobile,Organic Search,2025-08-19,2025-08,2025-08-21,Free,B
1780,India,Bengaluru,Desktop,Google Ads,2025-02-27,2025-02,,Free,B
1781,India,Hyderabad,Mobile,Google Ads,2025-08-01,2025-08,,Free,B
1782,Canada,Toronto,Desktop,Organic Search,2025-05-23,2025-05,,Free,B
1783,India,Mumbai,Desktop,Google Ads,2025-11-25,2025-11,2025-11-29,Free,B
1784,Canada,Toronto,Desktop,Google Ads,2025-07-03,2025-07,2025-07-07,Free,B
1785,UK,Manchester,Mobile,Email Campaign,2025-07-05,2025-07,2025-07-13,Basic,B
1786,Germany,Berlin,Mobile,Organic Search,2025-02-03,2025-02,2025-02-10,Pro,B
1787,USA,Austin,Mobile,Email Campaign,2025-09-13,2025-09,2025-09-22,Basic,A
1788,India,Hyderabad,Desktop,Referral,2025-09-22,2025-09,2025-09-22,Free,B
1789,Canada,Toronto,Desktop,Organic Search,2025-02-17,2025-02,2025-02-23,Basic,A
1790,India,Bengaluru,Mobile,Organic Search,2025-12-15,2025-12,2025-12-17,Free,A
1791,India,Mumbai,Desktop,Organic Search,2025-11-07,2025-11,2025-11-14,Free,A
1792,India,Bengaluru,Tablet,Organic Search,2025-11-20,2025-11,,Free,A
1793,UK,London,Desktop,Email Campaign,2025-09-22,2025-09,2025-10-04,Free,B
1794,USA,San Francisco,Desktop,Organic Search,2025-06-04,2025-06,,Free,B
1795,India,Bengaluru,Tablet,Google Ads,2025-05-06,2025-05,,Basic,A
1796,UK,London,Desktop,Referral,2025-07-24,2025-07,2025-08-02,Free,A
1797,India,Bengaluru,Tablet,Google Ads,2025-07-11,2025-07,2025-07-23,Basic,A
1798,Canada,Vancouver,Desktop,Google Ads,2025-05-12,2025-05,2025-05-16,Free,B
1799,India,Hyderabad,Desktop,Organic Search,2025-06-26,2025-06,2025-07-02,Free,A
1800,USA,Austin,Desktop,Organic Search,2025-05-07,2025-05,2025-05-10,Basic,A
1801,Germany,Munich,Desktop,Organic Search,2025-04-01,2025-04,2025-04-06,Free,B
1802,India,Mumbai,Desktop,Google Ads,2025-11-13,2025-11,2025-11-24,Free,A
1803,India,Bengaluru,Mobile,Organic Search,2025-06-27,2025-06,,Basic,B
1804,USA,Austin,Desktop,Google Ads,2025-01-08,2025-01,,Free,B
1805,India,Bengaluru,Mobile,Organic Search,2025-09-19,2025-09,2025-09-29,Free,B
1806,UK,London,Desktop,Google Ads,2025-12-06,2025-12,2025-12-13,Free,B
1807,USA,Austin,Desktop,Google Ads,2025-07-01,2025-07,,Free,B
1808,India,Bengaluru,Desktop,Google Ads,2025-08-23,2025-08,2025-08-24,Free,B
1809,UK,Manchester,Desktop,Organic Search,2025-01-03,2025-01,2025-01-15,Free,A
1810,Germany,Munich,Mobile,Google Ads,2025-04-03,2025-04,2025-04-03,Free,B
1811,USA,Austin,Desktop,Organic Search,2025-05-27,2025-05,2025-06-08,Free,A
1812,USA,Austin,Tablet,Referral,2025-09-28,2025-09,,Free,A
1813,USA,Austin,Desktop,Referral,2025-06-28,2025-06,2025-07-01,Free,B
1814,USA,Austin,Desktop,Organic Search,2025-10-06,2025-10,2025-10-19,Free,A
1815,India,Bengaluru,Desktop,Google Ads,2025-08-23,2025-08,2025-08-25,Free,A
1816,India,Hyderabad,Desktop,Email Campaign,2025-05-17,2025-05,2025-05-17,Free,A
1817,USA,New York,Desktop,Organic Search,2025-09-05,2025-09,2025-09-07,Free,A
1818,India,Hyderabad,Desktop,Referral,2025-02-12,2025-02,2025-02-15,Free,A
1819,Canada,Vancouver,Desktop,Organic Search,2025-04-15,2025-04,2025-04-18,Basic,A
1820,India,Mumbai,Desktop,Organic Search,2025-04-19,2025-04,2025-05-02,Basic,B
1821,Germany,Berlin,Mobile,Email Campaign,2025-07-17,2025-07,2025-07-29,Free,B
1822,UK,Manchester,Desktop,Organic Search,2025-02-23,2025-02,2025-03-05,Pro,B
1823,UK,Manchester,Mobile,Organic Search,2025-05-02,2025-05,2025-05-06,Free,A
1824,India,Hyderabad,Desktop,Email Campaign,2025-02-14,2025-02,2025-02-24,Pro,B
1825,Germany,Berlin,Desktop,Google Ads,2025-07-19,2025-07,2025-07-27,Free,A
1826,India,Hyderabad,Mobile,Organic Search,2025-06-07,2025-06,2025-06-21,Pro,B
1827,USA,San Francisco,Desktop,Google Ads,2025-07-17,2025-07,2025-07-30,Free,B
1828,UK,Manchester,Mobile,Google Ads,2025-06-06,2025-06,2025-06-11,Basic,A
1829,USA,San Francisco,Desktop,Email Campaign,2025-01-11,2025-01,,Free,A
1830,USA,San Francisco,Mobile,Organic Search,2025-08-27,2025-08,,Free,A
1831,Canada,Toronto,Desktop,Google Ads,2025-02-08,2025-02,2025-02-19,Free,B
1832,USA,Austin,Mobile,Organic Search,2025-03-31,2025-03,2025-04-04,Free,A
1833,India,Hyderabad,Desktop,Organic Search,2025-01-03,2025-01,2025-01-11,Basic,A
1834,USA,New York,Desktop,Google Ads,2025-04-05,2025-04,2025-04-05,Free,B
1835,UK,Manchester,Desktop,Referral,2025-01-22,2025-01,2025-01-28,Free,B
1836,USA,New York,Desktop,Google Ads,2025-11-02,2025-11,,Free,B
1837,India,Mumbai,Mobile,Google Ads,2025-07-25,2025-07,2025-07-25,Basic,B
1838,USA,San Francisco,Desktop,Google Ads,2025-06-25,2025-06,2025-07-04,Free,A
1839,USA,San Francisco,Desktop,Google Ads,2025-09-19,2025-09,2025-09-26,Free,B
1840,UK,Manchester,Mobile,Email Campaign,2025-09-20,2025-09,2025-10-03,Free,B
1841,USA,New York,Mobile,Organic Search,2025-08-11,2025-08,2025-08-13,Free,A
1842,India,Bengaluru,Desktop,Organic Search,2025-05-16,2025-05,2025-05-28,Pro,A
1843,India,Bengaluru,Desktop,Referral,2025-07-30,2025-07,2025-08-13,Free,A
1844,India,Mumbai,Desktop,Referral,2025-12-22,2025-12,2025-12-31,Free,A
1845,India,Bengaluru,Desktop,Organic Search,2025-06-08,2025-06,,Free,A
1846,India,Mumbai,Mobile,Google Ads,2025-01-07,2025-01,,Basic,B
1847,India,Mumbai,Mobile,Email Campaign,2025-03-20,2025-03,,Free,A
1848,USA,San Francisco,Desktop,Organic Search,2025-05-28,2025-05,2025-05-29,Free,B
1849,UK,London,Desktop,Referral,2025-05-10,2025-05,2025-05-22,Free,B
1850,India,Bengaluru,Desktop,Organic Search,2025-08-01,2025-08,,Free,B
1851,India,Mumbai,Mobile,Organic Search,2025-07-21,2025-07,2025-07-31,Basic,B
1852,India,Hyderabad,Desktop,Referral,2025-10-31,2025-10,2025-11-14,Free,B
1853,India,Mumbai,Mobile,Google Ads,2025-08-22,2025-08,,Free,B
1854,UK,Manchester,Mobile,Referral,2025-03-22,2025-03,2025-04-02,Free,B
1855,UK,Manchester,Desktop,Google Ads,2025-03-10,2025-03,2025-03-10,Free,A
1856,India,Mumbai,Desktop,Organic Search,2025-08-06,2025-08,2025-08-10,Free,B
1857,USA,Austin,Desktop,Google Ads,2025-04-25,2025-04,,Free,B
1858,USA,Austin,Desktop,Organic Search,2025-02-14,2025-02,2025-02-20,Pro,B
1859,USA,New York,Mobile,Google Ads,2025-02-19,2025-02,2025-03-04,Free,B
1860,India,Hyderabad,Desktop,Referral,2025-03-21,2025-03,2025-04-04,Basic,A
1861,Germany,Munich,Mobile,Organic Search,2025-05-12,2025-05,2025-05-12,Pro,B
1862,UK,Manchester,Desktop,Email Campaign,2025-12-29,2025-12,,Basic,A
1863,UK,Manchester,Desktop,Organic Search,2025-11-08,2025-11,2025-11-14,Basic,A
1864,USA,San Francisco,Mobile,Google Ads,2025-04-08,2025-04,2025-04-21,Pro,A
1865,India,Hyderabad,Desktop,Organic Search,2025-08-18,2025-08,2025-09-01,Pro,A
1866,Germany,Munich,Desktop,Google Ads,2025-03-20,2025-03,2025-03-22,Free,A
1867,India,Hyderabad,Tablet,Referral,2025-07-14,2025-07,,Free,A
1868,UK,London,Desktop,Organic Search,2025-08-17,2025-08,2025-08-25,Free,A
1869,India,Bengaluru,Mobile,Email Campaign,2025-04-22,2025-04,2025-05-06,Free,A
1870,UK,Manchester,Mobile,Organic Search,2025-11-27,2025-11,2025-12-01,Free,B
1871,India,Bengaluru,Mobile,Organic Search,2025-03-19,2025-03,2025-03-28,Free,B
1872,India,Hyderabad,Desktop,Google Ads,2025-05-31,2025-05,2025-06-03,Basic,A
1873,Canada,Vancouver,Desktop,Referral,2025-12-27,2025-12,,Pro,B
1874,USA,Austin,Desktop,Organic Search,2025-06-14,2025-06,2025-06-14,Free,A
1875,India,Hyderabad,Desktop,Google Ads,2025-03-30,2025-03,2025-03-31,Pro,A
1876,UK,London,Mobile,Organic Search,2025-10-10,2025-10,2025-10-24,Free,B
1877,India,Hyderabad,Mobile,Google Ads,2025-12-11,2025-12,,Basic,B
1878,Germany,Berlin,Mobile,Organic Search,2025-12-24,2025-12,2026-01-04,Free,B
1879,Canada,Toronto,Desktop,Organic Search,2025-09-17,2025-09,,Pro,A
1880,USA,New York,Mobile,Organic Search,2025-10-23,2025-10,2025-10-29,Free,A
1881,Germany,Berlin,Mobile,Referral,2025-06-14,2025-06,2025-06-25,Free,A
1882,Canada,Toronto,Desktop,Referral,2025-05-18,2025-05,2025-05-20,Free,B
1883,UK,London,Mobile,Organic Search,2025-06-10,2025-06,2025-06-14,Free,B
1884,Canada,Toronto,Mobile,Referral,2025-09-20,2025-09,,Free,A
1885,India,Hyderabad,Mobile,Organic Search,2025-12-13,2025-12,,Free,B
1886,USA,New York,Desktop,Referral,2025-06-02,2025-06,2025-06-02,Free,B
1887,India,Bengaluru,Mobile,Email Campaign,2025-12-27,2025-12,,Free,B
1888,India,Mumbai,Mobile,Organic Search,2025-04-10,2025-04,,Free,B
1889,India,Hyderabad,Desktop,Organic Search,2025-02-16,2025-02,2025-03-01,Free,B
1890,Germany,Berlin,Tablet,Organic Search,2025-05-21,2025-05,2025-06-04,Free,B
1891,UK,Manchester,Desktop,Email Campaign,2025-02-08,2025-02,2025-02-16,Free,A
1892,USA,Austin,Desktop,Google Ads,2025-01-14,2025-01,,Free,A
1893,Germany,Munich,Mobile,Organic Search,2025-06-15,2025-06,2025-06-21,Free,A
1894,Canada,Vancouver,Desktop,Organic Search,2025-11-20,2025-11,2025-11-22,Free,B
1895,USA,Austin,Desktop,Organic Search,2025-03-05,2025-03,,Free,A
1896,India,Mumbai,Mobile,Referral,2025-12-05,2025-12,2025-12-14,Pro,B
1897,UK,Manchester,Desktop,Google Ads,2025-04-09,2025-04,,Free,B
1898,USA,San Francisco,Mobile,Organic Search,2025-02-18,2025-02,2025-02-24,Free,B
1899,UK,London,Tablet,Google Ads,2025-10-14,2025-10,2025-10-15,Free,B
1900,USA,Austin,Mobile,Organic Search,2025-07-22,2025-07,2025-07-22,Free,B
1901,Germany,Munich,Desktop,Google Ads,2025-06-04,2025-06,2025-06-05,Free,B
1902,India,Hyderabad,Desktop,Referral,2025-05-14,2025-05,2025-05-17,Pro,A
1903,India,Bengaluru,Desktop,Organic Search,2025-09-20,2025-09,2025-09-20,Basic,B
1904,India,Mumbai,Mobile,Organic Search,2025-10-10,2025-10,2025-10-15,Pro,B
1905,Germany,Munich,Mobile,Google Ads,2025-10-11,2025-10,2025-10-22,Free,A
1906,USA,Austin,Desktop,Referral,2025-07-29,2025-07,2025-08-12,Free,B
1907,Germany,Munich,Desktop,Organic Search,2025-07-21,2025-07,,Free,A
1908,USA,San Francisco,Desktop,Organic Search,2025-03-26,2025-03,2025-03-26,Free,B
1909,Germany,Berlin,Desktop,Organic Search,2025-12-07,2025-12,2025-12-20,Free,A
1910,Germany,Munich,Mobile,Google Ads,2025-05-28,2025-05,2025-06-08,Basic,B
1911,USA,Austin,Desktop,Google Ads,2025-09-22,2025-09,2025-10-02,Free,B
1912,USA,San Francisco,Mobile,Google Ads,2025-05-12,2025-05,2025-05-19,Free,A
1913,USA,Austin,Tablet,Organic Search,2025-11-29,2025-11,2025-12-01,Free,A
1914,India,Hyderabad,Tablet,Google Ads,2025-01-15,2025-01,2025-01-19,Free,B
1915,India,Bengaluru,Mobile,Organic Search,2025-02-19,2025-02,2025-02-19,Basic,A
1916,India,Hyderabad,Desktop,Organic Search,2025-07-10,2025-07,2025-07-10,Basic,A
1917,USA,New York,Desktop,Organic Search,2025-10-10,2025-10,2025-10-19,Basic,B
1918,USA,New York,Desktop,Google Ads,2025-04-28,2025-04,2025-05-08,Free,A
1919,UK,London,Desktop,Google Ads,2025-08-26,2025-08,2025-09-08,Free,B
1920,USA,New York,Mobile,Google Ads,2025-04-22,2025-04,2025-04-29,Pro,A
1921,India,Mumbai,Desktop,Email Campaign,2025-04-30,2025-04,2025-05-06,Pro,B
1922,Germany,Berlin,Desktop,Organic Search,2025-11-17,2025-11,2025-11-27,Free,A
1923,Germany,Berlin,Desktop,Organic Search,2025-10-23,2025-10,2025-11-02,Free,A
1924,USA,New York,Mobile,Organic Search,2025-11-28,2025-11,2025-12-01,Basic,B
1925,USA,San Francisco,Desktop,Google Ads,2025-04-15,2025-04,2025-04-25,Free,A
1926,Germany,Berlin,Mobile,Organic Search,2025-08-06,2025-08,2025-08-11,Basic,A
1927,Canada,Vancouver,Desktop,Google Ads,2025-03-24,2025-03,2025-03-31,Free,B
1928,India,Mumbai,Desktop,Organic Search,2025-03-29,2025-03,2025-04-07,Free,B
1929,USA,San Francisco,Desktop,Google Ads,2025-08-04,2025-08,,Free,A
1930,India,Bengaluru,Desktop,Organic Search,2025-02-27,2025-02,2025-03-09,Free,A
1931,India,Hyderabad,Desktop,Referral,2025-05-09,2025-05,,Free,A
1932,Germany,Munich,Mobile,Organic Search,2025-07-23,2025-07,2025-07-28,Basic,A
1933,India,Mumbai,Desktop,Referral,2025-08-29,2025-08,,Free,A
1934,USA,New York,Desktop,Referral,2025-11-11,2025-11,2025-11-13,Free,B
1935,India,Mumbai,Desktop,Organic Search,2025-07-09,2025-07,2025-07-18,Pro,A
1936,UK,Manchester,Desktop,Email Campaign,2025-03-25,2025-03,2025-04-08,Free,B
1937,India,Bengaluru,Desktop,Google Ads,2025-04-15,2025-04,2025-04-19,Basic,A
1938,UK,London,Mobile,Referral,2025-05-05,2025-05,2025-05-09,Basic,A
1939,Germany,Munich,Desktop,Google Ads,2025-12-09,2025-12,2025-12-18,Free,A
1940,India,Mumbai,Mobile,Organic Search,2025-09-11,2025-09,2025-09-17,Free,A
1941,UK,London,Tablet,Email Campaign,2025-03-27,2025-03,2025-04-01,Basic,B
1942,USA,Austin,Desktop,Organic Search,2025-02-02,2025-02,2025-02-11,Free,A
1943,Germany,Berlin,Desktop,Email Campaign,2025-03-19,2025-03,,Basic,A
1944,India,Bengaluru,Desktop,Referral,2025-05-25,2025-05,2025-06-05,Free,A
1945,India,Bengaluru,Desktop,Organic Search,2025-11-15,2025-11,2025-11-24,Basic,B
1946,USA,New York,Desktop,Email Campaign,2025-01-05,2025-01,2025-01-09,Free,B
1947,India,Hyderabad,Mobile,Organic Search,2025-02-22,2025-02,,Basic,B
1948,India,Hyderabad,Mobile,Google Ads,2025-03-09,2025-03,2025-03-12,Free,B
1949,UK,London,Desktop,Organic Search,2025-12-06,2025-12,2025-12-15,Free,B
1950,Canada,Vancouver,Desktop,Organic Search,2025-10-22,2025-10,2025-10-29,Basic,A
1951,Canada,Toronto,Mobile,Organic Search,2025-04-23,2025-04,2025-05-02,Free,B
1952,Germany,Munich,Desktop,Google Ads,2025-06-29,2025-06,,Free,A
1953,Canada,Toronto,Mobile,Organic Search,2025-08-03,2025-08,2025-08-14,Free,A
1954,India,Hyderabad,Desktop,Email Campaign,2025-07-21,2025-07,2025-08-04,Free,A
1955,Germany,Munich,Mobile,Referral,2025-06-11,2025-06,2025-06-16,Basic,B
1956,USA,San Francisco,Mobile,Google Ads,2025-10-05,2025-10,2025-10-09,Free,B
1957,USA,New York,Desktop,Organic Search,2025-03-30,2025-03,2025-04-11,Free,B
1958,Germany,Munich,Desktop,Google Ads,2025-11-14,2025-11,2025-11-18,Free,A
1959,India,Bengaluru,Mobile,Organic Search,2025-12-04,2025-12,2025-12-14,Basic,B
1960,India,Mumbai,Desktop,Google Ads,2025-11-01,2025-11,2025-11-02,Basic,A
1961,USA,New York,Desktop,Organic Search,2025-02-19,2025-02,,Free,A
1962,India,Hyderabad,Mobile,Organic Search,2025-04-01,2025-04,2025-04-03,Free,A
1963,UK,London,Desktop,Referral,2025-02-23,2025-02,2025-03-02,Free,B
1964,India,Mumbai,Mobile,Organic Search,2025-11-01,2025-11,,Free,A
1965,India,Mumbai,Desktop,Organic Search,2025-07-21,2025-07,2025-08-03,Basic,B
1966,Canada,Toronto,Tablet,Referral,2025-02-27,2025-02,2025-03-01,Free,B
1967,USA,Austin,Tablet,Organic Search,2025-04-30,2025-04,,Free,A
1968,India,Mumbai,Desktop,Email Campaign,2025-03-26,2025-03,2025-04-08,Free,B
1969,USA,Austin,Desktop,Organic Search,2025-12-29,2025-12,2026-01-08,Free,B
1970,UK,London,Desktop,Organic Search,2025-09-17,2025-09,2025-09-26,Free,A
1971,UK,London,Mobile,Organic Search,2025-10-16,2025-10,2025-10-17,Free,B
1972,USA,Austin,Desktop,Organic Search,2025-11-12,2025-11,2025-11-26,Pro,B
1973,India,Bengaluru,Desktop,Organic Search,2025-04-25,2025-04,2025-04-25,Free,B
1974,India,Hyderabad,Mobile,Google Ads,2025-08-30,2025-08,2025-09-08,Free,B
1975,USA,San Francisco,Mobile,Organic Search,2025-10-03,2025-10,2025-10-15,Free,B
1976,USA,Austin,Desktop,Organic Search,2025-11-15,2025-11,2025-11-29,Free,A
1977,India,Bengaluru,Mobile,Organic Search,2025-10-26,2025-10,2025-11-06,Free,B
1978,India,Hyderabad,Desktop,Google Ads,2025-12-26,2025-12,2025-12-26,Free,B
1979,USA,New York,Desktop,Referral,2025-03-30,2025-03,2025-03-31,Free,A
1980,UK,Manchester,Mobile,Google Ads,2025-10-21,2025-10,2025-11-03,Pro,A
1981,Germany,Berlin,Desktop,Organic Search,2025-12-22,2025-12,2025-12-22,Free,A
1982,India,Bengaluru,Desktop,Organic Search,2025-07-20,2025-07,2025-07-27,Free,B
1983,India,Mumbai,Desktop,Referral,2025-02-17,2025-02,2025-02-17,Free,A
1984,India,Mumbai,Desktop,Organic Search,2025-10-15,2025-10,2025-10-17,Free,A
1985,India,Bengaluru,Desktop,Organic Search,2025-10-09,2025-10,2025-10-09,Free,B
1986,Canada,Toronto,Desktop,Google Ads,2025-12-29,2025-12,2026-01-10,Free,A
1987,USA,San Francisco,Tablet,Google Ads,2025-06-10,2025-06,,Basic,A
1988,India,Bengaluru,Desktop,Organic Search,2025-05-29,2025-05,2025-05-31,Free,A
1989,USA,Austin,Tablet,Referral,2025-07-27,2025-07,2025-08-10,Free,B
1990,Canada,Vancouver,Mobile,Referral,2025-06-15,2025-06,2025-06-29,Free,A
1991,Canada,Vancouver,Desktop,Organic Search,2025-09-10,2025-09,2025-09-24,Free,A
1992,Canada,Toronto,Desktop,Google Ads,2025-12-02,2025-12,,Basic,A
1993,USA,Austin,Mobile,Google Ads,2025-03-03,2025-03,2025-03-04,Free,B
1994,India,Bengaluru,Tablet,Organic Search,2025-10-18,2025-10,2025-10-31,Free,B
1995,India,Mumbai,Mobile,Referral,2025-12-05,2025-12,2025-12-08,Free,A
1996,Germany,Munich,Desktop,Organic Search,2025-11-26,2025-11,,Free,A
1997,USA,San Francisco,Desktop,Organic Search,2025-11-12,2025-11,2025-11-13,Free,B
1998,India,Hyderabad,Desktop,Referral,2025-01-11,2025-01,2025-01-13,Free,B
1999,Canada,Toronto,Desktop,Organic Search,2025-09-03,2025-09,2025-09-14,Free,A
2000,India,Mumbai,Mobile,Organic Search,2025-10-24,2025-10,,Basic,B
2001,India,Mumbai,Mobile,Organic Search,2025-06-03,2025-06,2025-06-07,Free,A
2002,India,Bengaluru,Mobile,Google Ads,2025-10-25,2025-10,2025-11-01,Free,B
2003,Canada,Vancouver,Mobile,Organic Search,2025-07-29,2025-07,2025-08-10,Basic,B
2004,Germany,Berlin,Desktop,Referral,2025-02-25,2025-02,,Free,A
2005,Germany,Munich,Mobile,Google Ads,2025-03-08,2025-03,2025-03-09,Free,A
2006,Canada,Vancouver,Mobile,Organic Search,2025-02-07,2025-02,2025-02-11,Free,B
2007,India,Mumbai,Desktop,Organic Search,2025-01-13,2025-01,2025-01-14,Free,A
2008,UK,London,Desktop,Google Ads,2025-08-02,2025-08,2025-08-07,Free,B
2009,India,Bengaluru,Desktop,Organic Search,2025-09-19,2025-09,2025-09-26,Pro,A
2010,India,Hyderabad,Mobile,Organic Search,2025-02-04,2025-02,2025-02-10,Free,B
2011,USA,New York,Desktop,Organic Search,2025-10-23,2025-10,2025-10-26,Free,A
2012,USA,Austin,Desktop,Google Ads,2025-11-06,2025-11,,Free,A
2013,USA,San Francisco,Desktop,Organic Search,2025-01-30,2025-01,,Free,A
2014,UK,London,Mobile,Google Ads,2025-09-11,2025-09,2025-09-25,Free,B
2015,USA,Austin,Desktop,Organic Search,2025-12-12,2025-12,2025-12-21,Free,B
2016,USA,Austin,Mobile,Referral,2025-09-11,2025-09,2025-09-25,Free,A
2017,UK,Manchester,Mobile,Referral,2025-11-12,2025-11,2025-11-15,Pro,A
2018,India,Bengaluru,Mobile,Email Campaign,2025-02-18,2025-02,2025-02-24,Free,B
2019,UK,London,Mobile,Google Ads,2025-03-30,2025-03,2025-04-06,Free,B
2020,USA,Austin,Desktop,Referral,2025-12-16,2025-12,2025-12-17,Free,B
2021,India,Bengaluru,Desktop,Referral,2025-04-05,2025-04,2025-04-10,Free,B
2022,India,Bengaluru,Mobile,Google Ads,2025-12-22,2025-12,2025-12-30,Free,A
2023,USA,New York,Mobile,Email Campaign,2025-04-23,2025-04,2025-04-30,Free,B
2024,USA,San Francisco,Mobile,Organic Search,2025-07-29,2025-07,2025-07-29,Free,B
2025,Canada,Toronto,Desktop,Email Campaign,2025-02-08,2025-02,2025-02-20,Free,B
2026,India,Bengaluru,Mobile,Google Ads,2025-11-05,2025-11,2025-11-09,Basic,B
2027,USA,New York,Mobile,Referral,2025-06-11,2025-06,2025-06-19,Free,B
2028,USA,Austin,Mobile,Google Ads,2025-10-21,2025-10,2025-10-22,Free,A
2029,USA,Austin,Desktop,Organic Search,2025-10-29,2025-10,2025-10-29,Basic,A
2030,Germany,Munich,Mobile,Email Campaign,2025-01-05,2025-01,2025-01-07,Free,B
2031,Germany,Berlin,Mobile,Google Ads,2025-10-30,2025-10,2025-11-06,Free,B
2032,Canada,Toronto,Mobile,Referral,2025-12-17,2025-12,2025-12-30,Free,B
2033,India,Bengaluru,Mobile,Google Ads,2025-08-26,2025-08,2025-08-30,Basic,A
2034,Germany,Munich,Mobile,Google Ads,2025-03-10,2025-03,,Free,A
2035,UK,Manchester,Mobile,Google Ads,2025-01-08,2025-01,2025-01-21,Free,A
2036,UK,London,Desktop,Google Ads,2025-07-13,2025-07,,Free,A
2037,USA,Austin,Desktop,Google Ads,2025-01-05,2025-01,2025-01-15,Free,B
2038,India,Mumbai,Desktop,Email Campaign,2025-09-28,2025-09,2025-10-03,Free,B
2039,India,Hyderabad,Desktop,Organic Search,2025-02-06,2025-02,2025-02-09,Pro,A
2040,USA,San Francisco,Mobile,Referral,2025-08-28,2025-08,2025-09-03,Free,B
2041,USA,Austin,Desktop,Organic Search,2025-11-09,2025-11,2025-11-14,Free,A
2042,USA,San Francisco,Mobile,Organic Search,2025-02-04,2025-02,,Basic,A
2043,India,Mumbai,Mobile,Referral,2025-06-20,2025-06,2025-06-28,Basic,B
2044,USA,Austin,Mobile,Email Campaign,2025-06-18,2025-06,2025-06-18,Free,B
2045,India,Hyderabad,Mobile,Email Campaign,2025-06-09,2025-06,2025-06-14,Free,A
2046,Germany,Berlin,Desktop,Email Campaign,2025-12-13,2025-12,2025-12-26,Free,A
2047,India,Bengaluru,Mobile,Organic Search,2025-12-18,2025-12,,Free,A
2048,UK,London,Mobile,Referral,2025-08-05,2025-08,,Free,B
2049,India,Bengaluru,Mobile,Organic Search,2025-05-14,2025-05,2025-05-25,Free,A
2050,India,Hyderabad,Mobile,Organic Search,2025-01-11,2025-01,2025-01-20,Basic,A
2051,India,Bengaluru,Desktop,Google Ads,2025-01-09,2025-01,2025-01-23,Basic,B
2052,UK,London,Tablet,Google Ads,2025-09-24,2025-09,2025-09-29,Free,B
2053,USA,San Francisco,Desktop,Referral,2025-09-16,2025-09,2025-09-21,Basic,A
2054,USA,San Francisco,Tablet,Organic Search,2025-06-21,2025-06,,Free,B
2055,UK,London,Tablet,Organic Search,2025-01-27,2025-01,2025-02-02,Free,B
2056,India,Mumbai,Desktop,Organic Search,2025-04-12,2025-04,2025-04-18,Basic,B
2057,UK,Manchester,Desktop,Referral,2025-05-06,2025-05,2025-05-20,Pro,A
2058,India,Bengaluru,Desktop,Referral,2025-08-30,2025-08,2025-09-12,Basic,B
2059,UK,Manchester,Mobile,Google Ads,2025-05-04,2025-05,,Free,B
2060,India,Mumbai,Mobile,Referral,2025-05-11,2025-05,2025-05-20,Free,A
2061,Canada,Toronto,Desktop,Google Ads,2025-10-28,2025-10,2025-11-10,Free,B
2062,Canada,Toronto,Desktop,Organic Search,2025-08-25,2025-08,2025-08-25,Free,B
2063,Germany,Munich,Mobile,Google Ads,2025-07-11,2025-07,2025-07-19,Free,B
2064,Germany,Berlin,Desktop,Google Ads,2025-07-31,2025-07,2025-08-11,Free,A
2065,UK,London,Desktop,Organic Search,2025-10-09,2025-10,2025-10-12,Free,A
2066,Germany,Munich,Mobile,Google Ads,2025-03-15,2025-03,,Free,A
2067,USA,Austin,Desktop,Google Ads,2025-11-01,2025-11,2025-11-13,Basic,B
2068,India,Bengaluru,Desktop,Google Ads,2025-02-23,2025-02,2025-03-06,Basic,A
2069,UK,London,Desktop,Organic Search,2025-07-01,2025-07,,Free,B
2070,UK,London,Mobile,Google Ads,2025-03-21,2025-03,2025-03-24,Free,B
2071,UK,London,Mobile,Google Ads,2025-08-25,2025-08,2025-09-04,Free,A
2072,India,Hyderabad,Mobile,Organic Search,2025-05-20,2025-05,2025-05-25,Free,B
2073,Germany,Munich,Desktop,Google Ads,2025-04-21,2025-04,2025-05-02,Pro,A
2074,Germany,Munich,Desktop,Email Campaign,2025-03-17,2025-03,,Free,B
2075,India,Hyderabad,Mobile,Organic Search,2025-10-12,2025-10,2025-10-15,Basic,A
2076,Germany,Munich,Tablet,Organic Search,2025-03-27,2025-03,,Free,A
2077,UK,Manchester,Mobile,Google Ads,2025-06-30,2025-06,,Free,A
2078,India,Hyderabad,Mobile,Google Ads,2025-09-26,2025-09,,Free,A
2079,India,Hyderabad,Desktop,Referral,2025-01-27,2025-01,2025-01-29,Free,A
2080,India,Hyderabad,Tablet,Organic Search,2025-02-28,2025-02,2025-03-04,Basic,B
2081,India,Hyderabad,Mobile,Google Ads,2025-07-01,2025-07,2025-07-06,Free,B
2082,USA,Austin,Desktop,Referral,2025-07-21,2025-07,2025-07-27,Free,B
2083,UK,Manchester,Desktop,Organic Search,2025-11-16,2025-11,2025-11-17,Free,A
2084,USA,Austin,Mobile,Google Ads,2025-02-09,2025-02,2025-02-19,Free,B
2085,India,Mumbai,Tablet,Organic Search,2025-09-09,2025-09,,Basic,B
2086,USA,San Francisco,Mobile,Organic Search,2025-11-20,2025-11,2025-11-28,Free,B
2087,India,Hyderabad,Desktop,Email Campaign,2025-07-31,2025-07,2025-08-14,Free,A
2088,USA,Austin,Desktop,Organic Search,2025-07-30,2025-07,2025-08-11,Basic,A
2089,USA,Austin,Desktop,Organic Search,2025-07-02,2025-07,2025-07-14,Free,A
2090,USA,San Francisco,Desktop,Organic Search,2025-02-07,2025-02,2025-02-16,Free,A
2091,India,Mumbai,Tablet,Google Ads,2025-08-23,2025-08,2025-08-27,Free,B
2092,USA,Austin,Desktop,Google Ads,2025-02-10,2025-02,2025-02-14,Free,A
2093,Germany,Berlin,Desktop,Email Campaign,2025-03-16,2025-03,2025-03-28,Free,B
2094,UK,London,Mobile,Organic Search,2025-05-01,2025-05,2025-05-09,Free,B
2095,India,Bengaluru,Mobile,Organic Search,2025-05-08,2025-05,2025-05-13,Basic,B
2096,India,Mumbai,Desktop,Referral,2025-05-05,2025-05,2025-05-11,Basic,A
2097,USA,New York,Desktop,Email Campaign,2025-12-08,2025-12,2025-12-22,Free,A
2098,UK,Manchester,Desktop,Organic Search,2025-03-06,2025-03,2025-03-18,Free,A
2099,Canada,Toronto,Desktop,Email Campaign,2025-03-16,2025-03,2025-03-30,Free,A
2100,Germany,Munich,Tablet,Google Ads,2025-03-13,2025-03,2025-03-23,Free,B
2101,India,Bengaluru,Desktop,Organic Search,2025-04-30,2025-04,2025-05-02,Free,A
2102,Canada,Vancouver,Desktop,Organic Search,2025-11-29,2025-11,2025-12-02,Free,B
2103,India,Mumbai,Desktop,Referral,2025-04-04,2025-04,2025-04-12,Free,B
2104,India,Mumbai,Desktop,Referral,2025-10-06,2025-10,2025-10-06,Basic,A
2105,India,Mumbai,Mobile,Email Campaign,2025-08-26,2025-08,2025-09-09,Free,B
2106,Germany,Berlin,Mobile,Google Ads,2025-10-20,2025-10,2025-10-26,Basic,B
2107,UK,London,Mobile,Email Campaign,2025-06-29,2025-06,2025-07-13,Basic,B
2108,India,Hyderabad,Desktop,Organic Search,2025-07-26,2025-07,2025-08-01,Basic,B
2109,India,Hyderabad,Mobile,Referral,2025-03-21,2025-03,2025-03-26,Free,A
2110,USA,Austin,Desktop,Organic Search,2025-12-29,2025-12,2025-12-30,Basic,B
2111,USA,New York,Desktop,Organic Search,2025-02-17,2025-02,,Free,B
2112,USA,New York,Mobile,Referral,2025-04-26,2025-04,2025-04-26,Free,B
2113,USA,New York,Mobile,Google Ads,2025-10-16,2025-10,2025-10-17,Free,A
2114,USA,New York,Mobile,Referral,2025-10-27,2025-10,2025-10-31,Free,A
2115,USA,Austin,Mobile,Referral,2025-02-27,2025-02,2025-03-05,Free,A
2116,USA,San Francisco,Desktop,Google Ads,2025-09-14,2025-09,2025-09-14,Basic,B
2117,USA,San Francisco,Desktop,Organic Search,2025-06-26,2025-06,,Free,A
2118,India,Bengaluru,Desktop,Organic Search,2025-07-15,2025-07,2025-07-26,Free,B
2119,UK,Manchester,Desktop,Google Ads,2025-01-03,2025-01,2025-01-17,Basic,B
2120,Germany,Munich,Desktop,Referral,2025-11-02,2025-11,2025-11-02,Basic,B
2121,Germany,Munich,Tablet,Google Ads,2025-02-25,2025-02,2025-02-27,Basic,B
2122,USA,New York,Desktop,Email Campaign,2025-05-31,2025-05,2025-06-14,Free,A
2123,USA,San Francisco,Desktop,Organic Search,2025-08-22,2025-08,2025-08-24,Basic,A
2124,India,Hyderabad,Mobile,Organic Search,2025-05-14,2025-05,,Free,A
2125,Canada,Vancouver,Mobile,Referral,2025-10-31,2025-10,2025-11-04,Free,B
2126,India,Hyderabad,Desktop,Google Ads,2025-08-14,2025-08,2025-08-18,Basic,B
2127,India,Bengaluru,Desktop,Google Ads,2025-09-11,2025-09,2025-09-17,Free,A
2128,Germany,Berlin,Mobile,Email Campaign,2025-07-29,2025-07,2025-08-02,Free,B
2129,USA,San Francisco,Mobile,Organic Search,2025-05-27,2025-05,2025-06-09,Basic,B
2130,India,Bengaluru,Desktop,Organic Search,2025-04-28,2025-04,2025-05-10,Free,A
2131,UK,London,Desktop,Organic Search,2025-09-19,2025-09,2025-09-28,Basic,B
2132,India,Mumbai,Desktop,Referral,2025-03-07,2025-03,,Free,B
2133,UK,Manchester,Desktop,Referral,2025-09-10,2025-09,,Free,B
2134,India,Mumbai,Mobile,Email Campaign,2025-05-09,2025-05,2025-05-20,Basic,A
2135,USA,Austin,Mobile,Google Ads,2025-06-28,2025-06,2025-07-06,Pro,A
2136,USA,San Francisco,Mobile,Organic Search,2025-04-29,2025-04,2025-04-29,Free,A
2137,India,Hyderabad,Mobile,Organic Search,2025-07-15,2025-07,,Free,B
2138,UK,Manchester,Desktop,Organic Search,2025-11-25,2025-11,2025-12-07,Free,A
2139,India,Hyderabad,Mobile,Google Ads,2025-11-12,2025-11,,Free,B
2140,USA,New York,Desktop,Organic Search,2025-09-12,2025-09,,Free,B
2141,India,Mumbai,Desktop,Referral,2025-05-13,2025-05,2025-05-17,Pro,A
2142,India,Mumbai,Mobile,Google Ads,2025-01-17,2025-01,2025-01-28,Free,A
2143,India,Bengaluru,Mobile,Referral,2025-12-21,2025-12,2025-12-26,Free,B
2144,Canada,Vancouver,Desktop,Email Campaign,2025-12-18,2025-12,,Free,A
2145,Canada,Toronto,Desktop,Organic Search,2025-09-25,2025-09,2025-09-30,Free,B
2146,India,Mumbai,Desktop,Referral,2025-01-11,2025-01,2025-01-18,Basic,A
2147,USA,Austin,Tablet,Organic Search,2025-08-20,2025-08,2025-08-22,Free,A
2148,UK,Manchester,Mobile,Email Campaign,2025-09-11,2025-09,2025-09-25,Free,A
2149,India,Mumbai,Desktop,Google Ads,2025-08-29,2025-08,2025-08-29,Free,B
2150,India,Mumbai,Desktop,Organic Search,2025-12-08,2025-12,,Free,A
2151,India,Mumbai,Tablet,Google Ads,2025-12-12,2025-12,,Free,B
2152,India,Hyderabad,Desktop,Organic Search,2025-04-10,2025-04,2025-04-12,Free,B
2153,India,Mumbai,Desktop,Organic Search,2025-12-17,2025-12,2025-12-23,Free,A
2154,USA,San Francisco,Tablet,Organic Search,2025-05-22,2025-05,2025-06-05,Basic,B
2155,India,Mumbai,Desktop,Email Campaign,2025-04-27,2025-04,2025-04-27,Basic,A
2156,USA,Austin,Desktop,Referral,2025-12-09,2025-12,2025-12-14,Pro,B
2157,India,Hyderabad,Desktop,Organic Search,2025-06-03,2025-06,2025-06-13,Free,A
2158,USA,San Francisco,Desktop,Google Ads,2025-06-05,2025-06,,Free,B
2159,Canada,Vancouver,Desktop,Referral,2025-10-27,2025-10,2025-11-10,Free,B
2160,USA,New York,Mobile,Referral,2025-12-30,2025-12,2026-01-07,Free,A
2161,India,Bengaluru,Mobile,Organic Search,2025-08-30,2025-08,,Free,A
2162,Germany,Berlin,Mobile,Organic Search,2025-11-22,2025-11,2025-11-27,Free,B
2163,USA,San Francisco,Desktop,Referral,2025-08-11,2025-08,2025-08-24,Free,A
2164,Canada,Vancouver,Desktop,Organic Search,2025-05-04,2025-05,,Free,B
2165,USA,San Francisco,Mobile,Google Ads,2025-11-07,2025-11,,Free,B
2166,India,Hyderabad,Desktop,Referral,2025-09-06,2025-09,2025-09-13,Free,B
2167,USA,San Francisco,Mobile,Referral,2025-05-09,2025-05,2025-05-20,Basic,A
2168,USA,Austin,Mobile,Email Campaign,2025-05-18,2025-05,2025-05-20,Free,B
2169,USA,San Francisco,Desktop,Email Campaign,2025-08-15,2025-08,,Free,B
2170,India,Hyderabad,Mobile,Email Campaign,2025-01-19,2025-01,2025-01-31,Basic,A
2171,Germany,Munich,Desktop,Email Campaign,2025-11-17,2025-11,,Free,B
2172,India,Mumbai,Desktop,Google Ads,2025-07-29,2025-07,2025-08-04,Free,A
2173,India,Bengaluru,Desktop,Referral,2025-09-13,2025-09,2025-09-17,Basic,A
2174,Canada,Vancouver,Desktop,Organic Search,2025-07-05,2025-07,2025-07-15,Free,B
2175,UK,Manchester,Mobile,Email Campaign,2025-12-25,2025-12,2025-12-27,Free,B
2176,USA,New York,Desktop,Email Campaign,2025-12-28,2025-12,2026-01-07,Basic,A
2177,India,Bengaluru,Mobile,Referral,2025-01-08,2025-01,2025-01-20,Free,A
2178,UK,Manchester,Desktop,Organic Search,2025-11-19,2025-11,2025-11-27,Free,B
2179,Canada,Toronto,Desktop,Organic Search,2025-06-28,2025-06,,Free,B
2180,India,Hyderabad,Desktop,Email Campaign,2025-09-16,2025-09,2025-09-19,Free,B
2181,USA,San Francisco,Desktop,Email Campaign,2025-11-27,2025-11,2025-12-11,Free,A
2182,Germany,Munich,Desktop,Google Ads,2025-03-03,2025-03,2025-03-13,Free,A
2183,USA,Austin,Desktop,Google Ads,2025-04-11,2025-04,2025-04-20,Basic,B
2184,USA,San Francisco,Mobile,Organic Search,2025-08-14,2025-08,,Pro,B
2185,Germany,Munich,Mobile,Referral,2025-07-28,2025-07,,Basic,A
2186,USA,San Francisco,Desktop,Google Ads,2025-12-05,2025-12,,Free,B
2187,Canada,Vancouver,Desktop,Referral,2025-02-05,2025-02,2025-02-19,Free,A
2188,UK,London,Desktop,Email Campaign,2025-06-30,2025-06,,Basic,A
2189,Canada,Toronto,Desktop,Organic Search,2025-12-02,2025-12,2025-12-14,Free,B
2190,India,Mumbai,Mobile,Referral,2025-08-31,2025-08,2025-08-31,Free,A
2191,USA,San Francisco,Desktop,Email Campaign,2025-08-19,2025-08,2025-08-20,Pro,B
2192,India,Mumbai,Mobile,Email Campaign,2025-06-07,2025-06,,Free,B
2193,India,Bengaluru,Desktop,Referral,2025-02-22,2025-02,2025-03-04,Free,A
2194,UK,Manchester,Desktop,Organic Search,2025-11-20,2025-11,2025-11-20,Free,A
2195,USA,New York,Mobile,Referral,2025-09-22,2025-09,2025-10-04,Free,A
2196,Germany,Berlin,Mobile,Organic Search,2025-04-06,2025-04,2025-04-16,Free,A
2197,UK,London,Desktop,Organic Search,2025-04-02,2025-04,2025-04-16,Free,B
2198,USA,Austin,Desktop,Google Ads,2025-10-16,2025-10,2025-10-29,Free,A
2199,Germany,Berlin,Desktop,Referral,2025-08-30,2025-08,2025-09-12,Free,B
2200,UK,London,Mobile,Organic Search,2025-08-21,2025-08,2025-08-21,Free,A
2201,India,Hyderabad,Desktop,Organic Search,2025-12-11,2025-12,2025-12-25,Free,B
2202,India,Mumbai,Desktop,Organic Search,2025-02-06,2025-02,2025-02-16,Basic,A
2203,UK,Manchester,Desktop,Google Ads,2025-06-04,2025-06,,Basic,A
2204,India,Mumbai,Desktop,Referral,2025-12-02,2025-12,2025-12-08,Pro,B
2205,USA,Austin,Mobile,Organic Search,2025-11-14,2025-11,2025-11-22,Pro,B
2206,USA,New York,Mobile,Google Ads,2025-03-05,2025-03,2025-03-07,Free,B
2207,India,Hyderabad,Desktop,Email Campaign,2025-03-11,2025-03,2025-03-18,Free,B
2208,UK,London,Mobile,Email Campaign,2025-06-01,2025-06,2025-06-13,Free,A
2209,USA,New York,Desktop,Google Ads,2025-05-24,2025-05,2025-06-04,Free,B
2210,India,Mumbai,Desktop,Referral,2025-10-31,2025-10,2025-11-13,Free,B
2211,India,Bengaluru,Desktop,Email Campaign,2025-11-30,2025-11,2025-11-30,Pro,A
2212,India,Mumbai,Desktop,Google Ads,2025-02-14,2025-02,2025-02-26,Free,B
2213,UK,Manchester,Desktop,Referral,2025-07-05,2025-07,2025-07-05,Free,A
2214,India,Hyderabad,Desktop,Organic Search,2025-08-29,2025-08,2025-09-07,Free,B
2215,India,Mumbai,Mobile,Organic Search,2025-10-10,2025-10,2025-10-17,Free,B
2216,Germany,Munich,Desktop,Organic Search,2025-10-10,2025-10,,Basic,B
2217,USA,Austin,Desktop,Google Ads,2025-07-06,2025-07,2025-07-07,Free,A
2218,USA,Austin,Mobile,Google Ads,2025-04-21,2025-04,,Free,B
2219,Germany,Munich,Desktop,Organic Search,2025-05-17,2025-05,2025-05-31,Free,B
2220,Germany,Berlin,Mobile,Organic Search,2025-04-26,2025-04,2025-04-29,Pro,A
2221,UK,Manchester,Desktop,Organic Search,2025-12-16,2025-12,2025-12-18,Free,B
2222,USA,San Francisco,Desktop,Organic Search,2025-12-16,2025-12,,Free,B
2223,USA,Austin,Desktop,Google Ads,2025-11-13,2025-11,,Free,B
2224,Canada,Vancouver,Desktop,Email Campaign,2025-09-20,2025-09,2025-09-22,Pro,B
2225,India,Hyderabad,Desktop,Referral,2025-06-14,2025-06,,Free,A
2226,India,Bengaluru,Mobile,Organic Search,2025-07-27,2025-07,,Free,B
2227,India,Bengaluru,Desktop,Organic Search,2025-09-05,2025-09,2025-09-09,Free,A
2228,Germany,Munich,Mobile,Organic Search,2025-09-30,2025-09,2025-10-13,Free,B
2229,USA,San Francisco,Desktop,Google Ads,2025-10-25,2025-10,,Free,A
2230,India,Hyderabad,Desktop,Organic Search,2025-02-15,2025-02,2025-02-28,Free,A
2231,Germany,Munich,Desktop,Organic Search,2025-05-12,2025-05,2025-05-20,Pro,A
2232,India,Bengaluru,Mobile,Organic Search,2025-12-13,2025-12,,Free,A
2233,Canada,Toronto,Mobile,Organic Search,2025-05-07,2025-05,2025-05-10,Free,B
2234,Canada,Toronto,Desktop,Google Ads,2025-11-24,2025-11,2025-11-29,Basic,B
2235,USA,San Francisco,Mobile,Referral,2025-05-20,2025-05,2025-05-28,Pro,B
2236,Canada,Vancouver,Desktop,Google Ads,2025-11-17,2025-11,2025-11-24,Free,A
2237,India,Mumbai,Desktop,Google Ads,2025-08-09,2025-08,,Free,A
2238,UK,Manchester,Mobile,Organic Search,2025-04-30,2025-04,,Free,A
2239,USA,San Francisco,Desktop,Referral,2025-06-17,2025-06,2025-06-19,Free,A
2240,India,Mumbai,Desktop,Organic Search,2025-11-29,2025-11,2025-12-06,Pro,B
2241,Canada,Toronto,Mobile,Google Ads,2025-05-11,2025-05,2025-05-11,Basic,B
2242,India,Hyderabad,Mobile,Organic Search,2025-07-14,2025-07,2025-07-26,Free,A
2243,USA,New York,Tablet,Organic Search,2025-08-14,2025-08,2025-08-21,Free,B
2244,India,Mumbai,Desktop,Google Ads,2025-10-04,2025-10,2025-10-12,Free,A
2245,India,Mumbai,Desktop,Organic Search,2025-01-06,2025-01,2025-01-11,Basic,A
2246,Canada,Vancouver,Desktop,Google Ads,2025-09-21,2025-09,,Free,A
2247,USA,Austin,Mobile,Organic Search,2025-10-21,2025-10,2025-10-27,Basic,B
2248,India,Bengaluru,Desktop,Organic Search,2025-03-09,2025-03,2025-03-17,Free,A
2249,India,Mumbai,Desktop,Google Ads,2025-04-04,2025-04,,Basic,B
2250,India,Hyderabad,Mobile,Google Ads,2025-12-08,2025-12,,Free,A
2251,Germany,Munich,Desktop,Organic Search,2025-03-20,2025-03,2025-03-24,Basic,A
2252,India,Hyderabad,Mobile,Organic Search,2025-04-23,2025-04,2025-04-27,Free,A
2253,Canada,Vancouver,Desktop,Organic Search,2025-08-06,2025-08,2025-08-18,Pro,A
2254,India,Mumbai,Desktop,Email Campaign,2025-03-04,2025-03,2025-03-10,Basic,A
2255,India,Bengaluru,Desktop,Google Ads,2025-10-06,2025-10,2025-10-20,Free,B
2256,India,Mumbai,Mobile,Email Campaign,2025-10-15,2025-10,2025-10-29,Free,B
2257,India,Bengaluru,Mobile,Email Campaign,2025-09-22,2025-09,2025-09-23,Free,B
2258,USA,Austin,Desktop,Google Ads,2025-08-22,2025-08,2025-09-05,Free,B
2259,India,Hyderabad,Desktop,Organic Search,2025-07-06,2025-07,2025-07-11,Pro,B
2260,India,Bengaluru,Desktop,Google Ads,2025-09-09,2025-09,2025-09-19,Basic,A
2261,USA,Austin,Desktop,Organic Search,2025-09-16,2025-09,2025-09-22,Free,B
2262,Germany,Munich,Desktop,Organic Search,2025-04-22,2025-04,2025-05-02,Free,B
2263,India,Hyderabad,Mobile,Organic Search,2025-03-12,2025-03,2025-03-22,Free,A
2264,Germany,Munich,Mobile,Google Ads,2025-11-12,2025-11,,Free,B
2265,UK,London,Desktop,Google Ads,2025-09-05,2025-09,2025-09-09,Pro,B
2266,USA,San Francisco,Tablet,Google Ads,2025-03-30,2025-03,2025-04-04,Free,B
2267,Canada,Vancouver,Tablet,Organic Search,2025-12-20,2025-12,2025-12-22,Free,A
2268,India,Bengaluru,Desktop,Google Ads,2025-04-18,2025-04,,Pro,A
2269,India,Bengaluru,Mobile,Referral,2025-05-02,2025-05,2025-05-05,Free,B
2270,UK,Manchester,Mobile,Google Ads,2025-12-30,2025-12,2026-01-09,Free,A
2271,India,Hyderabad,Desktop,Referral,2025-12-28,2025-12,2026-01-02,Free,A
2272,USA,New York,Mobile,Organic Search,2025-02-17,2025-02,2025-02-22,Free,A
2273,India,Mumbai,Desktop,Organic Search,2025-04-27,2025-04,2025-05-08,Basic,B
2274,India,Bengaluru,Desktop,Organic Search,2025-12-30,2025-12,2025-12-30,Pro,A
2275,USA,New York,Desktop,Email Campaign,2025-01-11,2025-01,2025-01-24,Free,B
2276,India,Bengaluru,Desktop,Organic Search,2025-01-30,2025-01,2025-02-10,Free,B
2277,USA,New York,Desktop,Google Ads,2025-07-07,2025-07,2025-07-07,Pro,B
2278,Germany,Berlin,Mobile,Organic Search,2025-05-27,2025-05,,Free,A
2279,UK,London,Desktop,Google Ads,2025-11-06,2025-11,2025-11-14,Basic,A
2280,India,Hyderabad,Mobile,Google Ads,2025-06-16,2025-06,2025-06-27,Free,A
2281,USA,San Francisco,Mobile,Organic Search,2025-05-22,2025-05,2025-06-01,Free,A
2282,USA,Austin,Mobile,Organic Search,2025-08-27,2025-08,2025-09-09,Free,B
2283,UK,Manchester,Mobile,Referral,2025-02-15,2025-02,2025-02-28,Free,A
2284,UK,Manchester,Mobile,Referral,2025-05-20,2025-05,,Free,B
2285,Germany,Berlin,Desktop,Email Campaign,2025-01-17,2025-01,,Free,A
2286,India,Mumbai,Desktop,Google Ads,2025-10-12,2025-10,2025-10-17,Free,B
2287,UK,London,Desktop,Referral,2025-10-13,2025-10,,Basic,B
2288,India,Mumbai,Desktop,Referral,2025-02-27,2025-02,2025-03-06,Basic,B
2289,USA,Austin,Desktop,Organic Search,2025-09-16,2025-09,2025-09-19,Basic,B
2290,India,Mumbai,Desktop,Google Ads,2025-10-18,2025-10,2025-10-19,Basic,A
2291,UK,London,Mobile,Email Campaign,2025-01-28,2025-01,2025-02-05,Free,B
2292,UK,London,Mobile,Organic Search,2025-07-26,2025-07,,Basic,A
2293,UK,London,Desktop,Referral,2025-05-13,2025-05,2025-05-25,Free,A
2294,India,Mumbai,Mobile,Referral,2025-07-19,2025-07,2025-07-22,Basic,B
2295,India,Mumbai,Mobile,Organic Search,2025-11-07,2025-11,2025-11-20,Free,A
2296,UK,Manchester,Mobile,Organic Search,2025-11-09,2025-11,2025-11-20,Free,A
2297,USA,Austin,Desktop,Organic Search,2025-08-23,2025-08,2025-08-28,Free,A
2298,India,Mumbai,Mobile,Google Ads,2025-11-28,2025-11,2025-12-04,Free,A
2299,Canada,Toronto,Mobile,Referral,2025-09-14,2025-09,,Free,A
2300,India,Hyderabad,Mobile,Organic Search,2025-01-12,2025-01,2025-01-14,Free,A
2301,Canada,Vancouver,Desktop,Email Campaign,2025-10-20,2025-10,2025-11-02,Basic,A
2302,India,Bengaluru,Mobile,Google Ads,2025-07-13,2025-07,2025-07-16,Basic,B
2303,UK,London,Desktop,Organic Search,2025-07-08,2025-07,2025-07-12,Free,A
2304,USA,San Francisco,Desktop,Email Campaign,2025-11-10,2025-11,2025-11-16,Free,B
2305,India,Hyderabad,Mobile,Referral,2025-01-18,2025-01,2025-01-20,Free,B
2306,UK,Manchester,Mobile,Organic Search,2025-06-01,2025-06,2025-06-01,Free,B
2307,USA,Austin,Desktop,Organic Search,2025-06-20,2025-06,,Free,B
2308,Canada,Toronto,Mobile,Google Ads,2025-04-30,2025-04,,Free,A
2309,Germany,Berlin,Mobile,Referral,2025-10-01,2025-10,2025-10-12,Basic,A
2310,India,Bengaluru,Desktop,Google Ads,2025-10-15,2025-10,2025-10-22,Free,B
2311,USA,Austin,Desktop,Referral,2025-09-10,2025-09,2025-09-21,Free,A
2312,UK,Manchester,Mobile,Organic Search,2025-10-20,2025-10,2025-11-03,Basic,B
2313,India,Hyderabad,Desktop,Referral,2025-02-17,2025-02,,Free,A
2314,Canada,Vancouver,Desktop,Google Ads,2025-11-08,2025-11,2025-11-13,Free,B
2315,India,Hyderabad,Mobile,Email Campaign,2025-03-25,2025-03,2025-03-30,Free,A
2316,Germany,Berlin,Desktop,Referral,2025-10-25,2025-10,2025-11-06,Pro,A
2317,USA,Austin,Desktop,Organic Search,2025-09-15,2025-09,2025-09-21,Free,B
2318,Germany,Munich,Mobile,Organic Search,2025-01-26,2025-01,2025-02-08,Free,B
2319,India,Bengaluru,Desktop,Organic Search,2025-01-30,2025-01,,Free,B
2320,India,Bengaluru,Mobile,Organic Search,2025-08-15,2025-08,2025-08-25,Free,B
2321,India,Hyderabad,Desktop,Referral,2025-04-24,2025-04,2025-05-04,Free,B
2322,Canada,Vancouver,Desktop,Organic Search,2025-12-13,2025-12,2025-12-16,Free,A
2323,India,Mumbai,Desktop,Organic Search,2025-10-20,2025-10,2025-10-26,Basic,B
2324,India,Mumbai,Desktop,Organic Search,2025-12-13,2025-12,2025-12-27,Free,B
2325,USA,Austin,Mobile,Organic Search,2025-06-11,2025-06,2025-06-21,Basic,B
2326,India,Mumbai,Mobile,Google Ads,2025-11-05,2025-11,2025-11-17,Free,B
2327,India,Bengaluru,Desktop,Google Ads,2025-04-09,2025-04,2025-04-12,Pro,B
2328,India,Mumbai,Mobile,Organic Search,2025-12-08,2025-12,2025-12-08,Basic,B
2329,Germany,Munich,Mobile,Organic Search,2025-05-05,2025-05,2025-05-17,Free,A
2330,India,Hyderabad,Desktop,Organic Search,2025-09-11,2025-09,2025-09-19,Basic,A
2331,UK,London,Mobile,Referral,2025-10-04,2025-10,2025-10-18,Basic,A
2332,UK,Manchester,Desktop,Google Ads,2025-06-15,2025-06,,Free,B
2333,India,Mumbai,Desktop,Organic Search,2025-01-04,2025-01,2025-01-16,Basic,A
2334,USA,Austin,Mobile,Email Campaign,2025-03-20,2025-03,2025-04-01,Free,A
2335,UK,Manchester,Desktop,Organic Search,2025-10-31,2025-10,,Free,A
2336,India,Bengaluru,Desktop,Organic Search,2025-04-03,2025-04,2025-04-11,Basic,A
2337,India,Bengaluru,Desktop,Referral,2025-04-05,2025-04,2025-04-14,Free,B
2338,India,Bengaluru,Mobile,Organic Search,2025-07-07,2025-07,2025-07-12,Free,B
2339,Germany,Berlin,Desktop,Organic Search,2025-03-24,2025-03,2025-03-27,Basic,B
2340,Canada,Vancouver,Desktop,Organic Search,2025-03-31,2025-03,2025-04-12,Free,A
2341,USA,Austin,Desktop,Organic Search,2025-03-16,2025-03,2025-03-16,Free,A
2342,India,Mumbai,Desktop,Organic Search,2025-10-07,2025-10,,Pro,B
2343,India,Bengaluru,Mobile,Organic Search,2025-11-06,2025-11,2025-11-11,Free,A
2344,India,Hyderabad,Desktop,Organic Search,2025-05-13,2025-05,2025-05-21,Pro,B
2345,UK,London,Mobile,Organic Search,2025-03-03,2025-03,,Free,A
2346,Germany,Berlin,Tablet,Email Campaign,2025-07-25,2025-07,2025-08-01,Basic,B
2347,UK,Manchester,Desktop,Google Ads,2025-01-11,2025-01,2025-01-15,Basic,A
2348,India,Bengaluru,Mobile,Organic Search,2025-02-15,2025-02,2025-02-28,Free,B
2349,UK,London,Desktop,Organic Search,2025-04-28,2025-04,2025-05-03,Free,B
2350,India,Hyderabad,Desktop,Google Ads,2025-01-11,2025-01,2025-01-22,Free,A
2351,UK,London,Desktop,Google Ads,2025-06-15,2025-06,2025-06-28,Free,A
2352,UK,Manchester,Mobile,Google Ads,2025-12-06,2025-12,2025-12-15,Free,A
2353,Germany,Berlin,Desktop,Organic Search,2025-03-07,2025-03,2025-03-15,Free,A
2354,Germany,Munich,Desktop,Referral,2025-06-19,2025-06,2025-06-26,Free,B
2355,UK,London,Desktop,Email Campaign,2025-01-20,2025-01,2025-01-22,Basic,A
2356,India,Mumbai,Desktop,Organic Search,2025-08-21,2025-08,2025-08-22,Free,A
2357,USA,San Francisco,Desktop,Organic Search,2025-06-01,2025-06,,Free,B
2358,USA,San Francisco,Mobile,Google Ads,2025-10-03,2025-10,2025-10-14,Free,A
2359,India,Bengaluru,Mobile,Google Ads,2025-06-10,2025-06,2025-06-21,Free,B
2360,Canada,Toronto,Mobile,Organic Search,2025-01-27,2025-01,2025-01-27,Pro,B
2361,India,Bengaluru,Desktop,Google Ads,2025-09-12,2025-09,2025-09-26,Free,A
2362,UK,London,Mobile,Email Campaign,2025-06-20,2025-06,2025-07-02,Free,A
2363,India,Bengaluru,Tablet,Organic Search,2025-03-08,2025-03,2025-03-10,Pro,B
2364,India,Mumbai,Tablet,Referral,2025-07-01,2025-07,2025-07-15,Free,B
2365,India,Hyderabad,Desktop,Google Ads,2025-09-09,2025-09,2025-09-18,Basic,B
2366,India,Bengaluru,Desktop,Email Campaign,2025-11-27,2025-11,2025-11-28,Pro,A
2367,India,Mumbai,Mobile,Email Campaign,2025-10-23,2025-10,,Free,B
2368,UK,Manchester,Mobile,Organic Search,2025-03-17,2025-03,2025-03-23,Basic,B
2369,UK,London,Mobile,Referral,2025-02-16,2025-02,2025-02-23,Free,A
2370,Germany,Berlin,Desktop,Organic Search,2025-06-04,2025-06,2025-06-12,Free,B
2371,India,Hyderabad,Desktop,Google Ads,2025-01-29,2025-01,,Free,A
2372,UK,Manchester,Desktop,Google Ads,2025-08-08,2025-08,2025-08-12,Free,A
2373,USA,San Francisco,Desktop,Referral,2025-06-16,2025-06,2025-06-18,Basic,B
2374,India,Hyderabad,Mobile,Organic Search,2025-02-18,2025-02,2025-03-04,Basic,A
2375,Germany,Munich,Mobile,Organic Search,2025-11-11,2025-11,2025-11-15,Free,A
2376,India,Bengaluru,Desktop,Email Campaign,2025-09-05,2025-09,2025-09-12,Free,A
2377,India,Bengaluru,Desktop,Organic Search,2025-07-03,2025-07,2025-07-12,Free,A
2378,USA,Austin,Mobile,Email Campaign,2025-05-04,2025-05,2025-05-12,Free,B
2379,USA,Austin,Desktop,Google Ads,2025-11-13,2025-11,,Pro,A
2380,India,Mumbai,Desktop,Referral,2025-03-18,2025-03,2025-03-19,Basic,A
2381,USA,San Francisco,Desktop,Referral,2025-09-05,2025-09,2025-09-14,Basic,A
2382,USA,New York,Desktop,Google Ads,2025-11-05,2025-11,2025-11-19,Pro,B
2383,Germany,Berlin,Desktop,Referral,2025-08-13,2025-08,2025-08-25,Free,A
2384,India,Hyderabad,Mobile,Email Campaign,2025-11-22,2025-11,2025-12-01,Basic,A
2385,India,Bengaluru,Desktop,Referral,2025-04-16,2025-04,2025-04-29,Basic,B
2386,USA,San Francisco,Desktop,Organic Search,2025-10-11,2025-10,,Free,B
2387,India,Bengaluru,Desktop,Google Ads,2025-02-24,2025-02,,Free,A
2388,Germany,Munich,Desktop,Organic Search,2025-03-03,2025-03,2025-03-11,Free,A
2389,USA,Austin,Desktop,Referral,2025-03-20,2025-03,2025-03-21,Basic,B
2390,USA,San Francisco,Desktop,Referral,2025-05-19,2025-05,2025-05-26,Free,B
2391,India,Hyderabad,Desktop,Organic Search,2025-02-20,2025-02,,Free,B
2392,USA,San Francisco,Desktop,Referral,2025-04-28,2025-04,2025-05-02,Basic,B
2393,USA,Austin,Mobile,Referral,2025-09-14,2025-09,2025-09-17,Free,B
2394,India,Mumbai,Desktop,Organic Search,2025-04-20,2025-04,2025-05-01,Pro,B
2395,USA,New York,Mobile,Organic Search,2025-07-15,2025-07,,Free,A
2396,Germany,Berlin,Mobile,Referral,2025-08-11,2025-08,2025-08-22,Pro,A
2397,USA,New York,Desktop,Referral,2025-02-18,2025-02,2025-03-03,Free,B
2398,Germany,Berlin,Mobile,Google Ads,2025-02-10,2025-02,2025-02-22,Pro,B
2399,India,Mumbai,Mobile,Google Ads,2025-07-23,2025-07,2025-07-31,Free,B
2400,India,Bengaluru,Tablet,Referral,2025-11-15,2025-11,2025-11-24,Free,B
2401,India,Bengaluru,Tablet,Organic Search,2025-05-10,2025-05,2025-05-10,Free,A
2402,USA,New York,Desktop,Google Ads,2025-10-02,2025-10,2025-10-12,Free,B
2403,Canada,Vancouver,Desktop,Organic Search,2025-07-12,2025-07,2025-07-26,Free,A
2404,Germany,Munich,Desktop,Google Ads,2025-07-31,2025-07,,Basic,A
2405,Canada,Toronto,Desktop,Organic Search,2025-09-25,2025-09,2025-09-30,Basic,B
2406,Germany,Berlin,Desktop,Organic Search,2025-11-02,2025-11,2025-11-14,Free,B
2407,USA,Austin,Mobile,Organic Search,2025-11-15,2025-11,2025-11-27,Free,A
2408,Canada,Toronto,Mobile,Organic Search,2025-12-03,2025-12,2025-12-03,Free,B
2409,UK,Manchester,Mobile,Email Campaign,2025-04-15,2025-04,2025-04-20,Basic,B
2410,Canada,Vancouver,Desktop,Organic Search,2025-11-12,2025-11,2025-11-25,Free,A
2411,Canada,Vancouver,Mobile,Organic Search,2025-09-21,2025-09,2025-09-23,Free,A
2412,UK,London,Desktop,Organic Search,2025-01-06,2025-01,2025-01-08,Free,B
2413,India,Hyderabad,Mobile,Organic Search,2025-11-30,2025-11,2025-12-12,Basic,B
2414,UK,London,Desktop,Referral,2025-02-12,2025-02,2025-02-20,Free,A
2415,India,Hyderabad,Mobile,Google Ads,2025-09-23,2025-09,2025-09-24,Basic,B
2416,Canada,Vancouver,Mobile,Organic Search,2025-07-24,2025-07,2025-07-28,Free,B
2417,USA,San Francisco,Desktop,Google Ads,2025-01-21,2025-01,2025-01-24,Free,B
2418,India,Bengaluru,Desktop,Google Ads,2025-05-26,2025-05,2025-06-05,Free,B
2419,USA,San Francisco,Desktop,Referral,2025-11-15,2025-11,,Basic,A
2420,India,Hyderabad,Desktop,Referral,2025-05-28,2025-05,2025-06-05,Free,B
2421,India,Mumbai,Mobile,Google Ads,2025-11-16,2025-11,2025-11-30,Basic,A
2422,UK,London,Desktop,Organic Search,2025-05-05,2025-05,,Free,A
2423,Canada,Toronto,Desktop,Google Ads,2025-06-27,2025-06,2025-07-04,Free,B
2424,India,Mumbai,Desktop,Organic Search,2025-06-21,2025-06,2025-06-26,Pro,A
2425,India,Mumbai,Tablet,Referral,2025-06-21,2025-06,2025-06-23,Free,B
2426,India,Bengaluru,Desktop,Organic Search,2025-02-22,2025-02,2025-03-02,Free,B
2427,USA,New York,Desktop,Organic Search,2025-07-06,2025-07,,Pro,A
2428,Canada,Toronto,Mobile,Organic Search,2025-07-04,2025-07,2025-07-14,Free,B
2429,Germany,Berlin,Mobile,Google Ads,2025-08-08,2025-08,2025-08-17,Free,A
2430,Canada,Toronto,Desktop,Google Ads,2025-08-24,2025-08,2025-09-06,Free,A
2431,India,Bengaluru,Desktop,Email Campaign,2025-03-29,2025-03,2025-04-07,Pro,A
2432,UK,London,Desktop,Organic Search,2025-06-02,2025-06,,Free,A
2433,India,Hyderabad,Tablet,Referral,2025-08-12,2025-08,2025-08-22,Basic,A
2434,India,Mumbai,Mobile,Organic Search,2025-06-06,2025-06,2025-06-18,Free,B
2435,India,Mumbai,Desktop,Organic Search,2025-04-06,2025-04,2025-04-06,Free,A
2436,USA,Austin,Mobile,Google Ads,2025-07-22,2025-07,2025-07-25,Free,B
2437,India,Hyderabad,Mobile,Google Ads,2025-07-31,2025-07,2025-08-13,Pro,B
2438,India,Mumbai,Mobile,Email Campaign,2025-10-17,2025-10,2025-10-23,Basic,B
2439,USA,New York,Desktop,Google Ads,2025-01-29,2025-01,,Basic,A
2440,USA,Austin,Desktop,Referral,2025-09-22,2025-09,2025-09-27,Pro,A
2441,India,Mumbai,Desktop,Organic Search,2025-05-28,2025-05,2025-06-07,Free,B
2442,Canada,Toronto,Desktop,Organic Search,2025-12-21,2025-12,2025-12-23,Free,B
2443,USA,New York,Mobile,Organic Search,2025-09-24,2025-09,2025-10-06,Free,A
2444,Canada,Toronto,Desktop,Organic Search,2025-02-02,2025-02,,Free,A
2445,USA,Austin,Mobile,Email Campaign,2025-10-27,2025-10,2025-10-30,Basic,A
2446,USA,San Francisco,Desktop,Organic Search,2025-01-31,2025-01,2025-02-07,Pro,A
2447,USA,San Francisco,Desktop,Organic Search,2025-06-26,2025-06,,Free,B
2448,Canada,Toronto,Desktop,Organic Search,2025-08-20,2025-08,2025-08-31,Basic,B
2449,India,Bengaluru,Mobile,Organic Search,2025-05-08,2025-05,,Free,B
2450,USA,Austin,Mobile,Referral,2025-07-12,2025-07,2025-07-22,Free,A
2451,India,Hyderabad,Desktop,Referral,2025-10-06,2025-10,2025-10-15,Free,A
2452,Germany,Berlin,Mobile,Email Campaign,2025-03-14,2025-03,2025-03-26,Basic,A
2453,India,Bengaluru,Desktop,Referral,2025-04-12,2025-04,,Free,A
2454,Germany,Munich,Desktop,Referral,2025-01-19,2025-01,,Basic,A
2455,UK,Manchester,Desktop,Email Campaign,2025-11-29,2025-11,2025-12-06,Free,A
2456,India,Hyderabad,Desktop,Organic Search,2025-01-07,2025-01,2025-01-11,Free,A
2457,USA,Austin,Desktop,Organic Search,2025-02-26,2025-02,2025-03-09,Basic,B
2458,India,Mumbai,Desktop,Organic Search,2025-08-27,2025-08,2025-09-10,Free,B
2459,India,Hyderabad,Mobile,Referral,2025-01-27,2025-01,2025-01-28,Free,A
2460,Canada,Vancouver,Desktop,Organic Search,2025-08-26,2025-08,2025-08-28,Free,B
2461,Germany,Berlin,Desktop,Google Ads,2025-05-13,2025-05,,Free,A
2462,USA,Austin,Desktop,Referral,2025-11-11,2025-11,2025-11-14,Pro,A
2463,India,Hyderabad,Desktop,Referral,2025-12-14,2025-12,2025-12-14,Basic,B
2464,Canada,Toronto,Desktop,Google Ads,2025-08-06,2025-08,2025-08-10,Basic,B
2465,UK,Manchester,Desktop,Organic Search,2025-07-18,2025-07,2025-07-20,Basic,A
2466,Germany,Berlin,Mobile,Organic Search,2025-10-21,2025-10,2025-10-31,Free,B
2467,Canada,Vancouver,Desktop,Email Campaign,2025-06-07,2025-06,2025-06-08,Basic,B
2468,India,Mumbai,Desktop,Organic Search,2025-10-30,2025-10,2025-11-10,Free,A
2469,UK,London,Mobile,Organic Search,2025-11-24,2025-11,2025-12-05,Basic,B
2470,UK,Manchester,Mobile,Organic Search,2025-04-15,2025-04,2025-04-20,Basic,B
2471,India,Bengaluru,Desktop,Organic Search,2025-04-01,2025-04,2025-04-02,Free,A
2472,India,Mumbai,Mobile,Organic Search,2025-10-28,2025-10,2025-10-29,Free,A
2473,USA,Austin,Mobile,Organic Search,2025-06-07,2025-06,,Pro,B
2474,Germany,Munich,Mobile,Organic Search,2025-12-22,2025-12,2025-12-25,Free,A
2475,India,Mumbai,Tablet,Referral,2025-08-31,2025-08,,Pro,A
2476,Germany,Berlin,Mobile,Referral,2025-01-28,2025-01,2025-02-10,Free,A
2477,USA,New York,Desktop,Referral,2025-04-03,2025-04,2025-04-13,Basic,A
2478,USA,San Francisco,Mobile,Referral,2025-02-22,2025-02,2025-02-23,Free,A
2479,India,Bengaluru,Desktop,Referral,2025-10-12,2025-10,2025-10-17,Free,B
2480,UK,Manchester,Desktop,Organic Search,2025-09-29,2025-09,2025-10-10,Free,A
2481,USA,San Francisco,Mobile,Organic Search,2025-03-19,2025-03,2025-04-01,Free,A
2482,USA,San Francisco,Desktop,Referral,2025-10-16,2025-10,2025-10-27,Free,A
2483,India,Mumbai,Mobile,Referral,2025-02-16,2025-02,2025-02-27,Free,A
2484,UK,Manchester,Desktop,Google Ads,2025-07-17,2025-07,,Free,B
2485,India,Mumbai,Mobile,Google Ads,2025-01-06,2025-01,2025-01-16,Free,B
2486,UK,Manchester,Desktop,Organic Search,2025-05-23,2025-05,2025-06-01,Pro,A
2487,India,Hyderabad,Mobile,Google Ads,2025-01-17,2025-01,2025-01-26,Free,B
2488,UK,Manchester,Desktop,Organic Search,2025-08-24,2025-08,2025-08-27,Free,A
2489,Canada,Vancouver,Tablet,Organic Search,2025-08-16,2025-08,2025-08-27,Basic,B
2490,USA,New York,Desktop,Google Ads,2025-04-18,2025-04,2025-05-02,Free,B
2491,India,Hyderabad,Mobile,Organic Search,2025-10-22,2025-10,2025-10-29,Free,A
2492,USA,Austin,Mobile,Google Ads,2025-11-15,2025-11,2025-11-16,Basic,B
2493,UK,London,Desktop,Organic Search,2025-12-13,2025-12,2025-12-27,Free,B
2494,USA,San Francisco,Mobile,Organic Search,2025-07-27,2025-07,2025-07-27,Free,A
2495,India,Mumbai,Mobile,Organic Search,2025-05-27,2025-05,2025-06-01,Free,A
2496,Canada,Toronto,Desktop,Referral,2025-01-27,2025-01,2025-02-04,Free,A
2497,USA,Austin,Mobile,Referral,2025-03-19,2025-03,2025-03-20,Free,B
2498,Canada,Vancouver,Mobile,Organic Search,2025-02-11,2025-02,,Free,A
2499,USA,San Francisco,Mobile,Organic Search,2025-02-03,2025-02,2025-02-15,Free,A
2500,India,Bengaluru,Mobile,Google Ads,2025-05-15,2025-05,2025-05-28,Free,B
2501,India,Bengaluru,Mobile,Referral,2025-11-09,2025-11,2025-11-12,Free,A
2502,UK,Manchester,Desktop,Referral,2025-08-23,2025-08,2025-08-25,Free,B
2503,USA,Austin,Mobile,Referral,2025-09-09,2025-09,2025-09-19,Free,B
2504,USA,Austin,Mobile,Organic Search,2025-01-09,2025-01,2025-01-12,Free,B
2505,Canada,Toronto,Desktop,Google Ads,2025-03-20,2025-03,2025-03-28,Free,B
2506,Canada,Toronto,Desktop,Organic Search,2025-08-19,2025-08,2025-09-01,Free,A
2507,Germany,Munich,Desktop,Referral,2025-03-31,2025-03,2025-04-07,Free,B
2508,UK,London,Mobile,Organic Search,2025-01-27,2025-01,2025-02-08,Basic,A
2509,USA,Austin,Mobile,Google Ads,2025-01-29,2025-01,2025-02-09,Free,A
2510,UK,London,Mobile,Organic Search,2025-03-05,2025-03,2025-03-17,Free,B
2511,India,Bengaluru,Mobile,Google Ads,2025-09-05,2025-09,2025-09-09,Pro,B
2512,Germany,Berlin,Desktop,Organic Search,2025-01-29,2025-01,2025-01-31,Free,B
2513,Canada,Vancouver,Desktop,Google Ads,2025-06-10,2025-06,2025-06-17,Basic,A
2514,Germany,Berlin,Desktop,Organic Search,2025-01-10,2025-01,2025-01-22,Basic,A
2515,USA,Austin,Mobile,Google Ads,2025-11-09,2025-11,2025-11-20,Free,A
2516,India,Hyderabad,Desktop,Referral,2025-08-05,2025-08,2025-08-16,Free,B
2517,USA,Austin,Desktop,Google Ads,2025-03-16,2025-03,2025-03-17,Free,A
2518,India,Hyderabad,Desktop,Organic Search,2025-12-20,2025-12,2025-12-20,Free,B
2519,USA,Austin,Desktop,Google Ads,2025-09-28,2025-09,,Basic,B
2520,Germany,Berlin,Mobile,Email Campaign,2025-11-26,2025-11,2025-11-27,Free,B
2521,Canada,Toronto,Mobile,Referral,2025-03-20,2025-03,2025-03-24,Free,A
2522,UK,London,Desktop,Organic Search,2025-02-07,2025-02,2025-02-08,Free,A
2523,USA,Austin,Desktop,Email Campaign,2025-08-02,2025-08,2025-08-15,Basic,A
2524,India,Bengaluru,Desktop,Organic Search,2025-12-29,2025-12,2025-12-31,Free,A
2525,India,Hyderabad,Desktop,Referral,2025-09-16,2025-09,2025-09-25,Basic,A
2526,India,Hyderabad,Desktop,Organic Search,2025-06-24,2025-06,2025-07-07,Free,B
2527,USA,San Francisco,Desktop,Organic Search,2025-08-09,2025-08,2025-08-10,Basic,A
2528,USA,San Francisco,Desktop,Referral,2025-07-31,2025-07,2025-07-31,Free,A
2529,India,Mumbai,Mobile,Google Ads,2025-09-09,2025-09,2025-09-18,Free,B
2530,India,Mumbai,Desktop,Referral,2025-11-17,2025-11,2025-11-18,Free,B
2531,India,Bengaluru,Desktop,Organic Search,2025-09-21,2025-09,2025-09-28,Free,A
2532,India,Bengaluru,Desktop,Referral,2025-09-19,2025-09,2025-09-23,Free,B
2533,UK,Manchester,Desktop,Organic Search,2025-11-11,2025-11,2025-11-18,Free,B
2534,Germany,Munich,Mobile,Referral,2025-09-02,2025-09,2025-09-11,Free,B
2535,USA,San Francisco,Desktop,Organic Search,2025-04-27,2025-04,2025-05-04,Basic,B
2536,USA,New York,Mobile,Organic Search,2025-09-21,2025-09,2025-09-25,Free,B
2537,India,Bengaluru,Desktop,Google Ads,2025-05-21,2025-05,2025-05-26,Free,A
2538,Canada,Toronto,Mobile,Organic Search,2025-03-29,2025-03,2025-04-07,Free,A
2539,Germany,Munich,Mobile,Organic Search,2025-05-28,2025-05,2025-06-09,Free,B
2540,USA,Austin,Desktop,Email Campaign,2025-09-22,2025-09,2025-09-25,Pro,A
2541,UK,London,Desktop,Google Ads,2025-10-05,2025-10,2025-10-07,Free,A
2542,USA,Austin,Mobile,Organic Search,2025-05-11,2025-05,2025-05-12,Free,A
2543,USA,New York,Desktop,Referral,2025-04-09,2025-04,2025-04-10,Basic,A
2544,Germany,Munich,Desktop,Organic Search,2025-10-10,2025-10,2025-10-23,Free,A
2545,India,Bengaluru,Mobile,Referral,2025-12-07,2025-12,2025-12-15,Free,A
2546,India,Hyderabad,Desktop,Organic Search,2025-01-11,2025-01,,Free,B
2547,India,Mumbai,Mobile,Google Ads,2025-03-08,2025-03,,Pro,B
2548,UK,London,Mobile,Organic Search,2025-12-09,2025-12,2025-12-12,Free,B
2549,India,Hyderabad,Desktop,Google Ads,2025-06-23,2025-06,2025-06-24,Free,B
2550,USA,San Francisco,Desktop,Referral,2025-10-28,2025-10,,Free,A
2551,India,Bengaluru,Mobile,Referral,2025-11-28,2025-11,2025-12-05,Free,B
2552,USA,San Francisco,Mobile,Google Ads,2025-01-20,2025-01,2025-01-22,Basic,A
2553,USA,New York,Mobile,Organic Search,2025-03-19,2025-03,2025-04-02,Basic,A
2554,USA,New York,Desktop,Email Campaign,2025-03-01,2025-03,2025-03-01,Basic,A
2555,USA,New York,Desktop,Google Ads,2025-12-10,2025-12,2025-12-13,Pro,B
2556,UK,Manchester,Desktop,Referral,2025-10-17,2025-10,2025-10-21,Basic,A
2557,India,Bengaluru,Desktop,Organic Search,2025-08-13,2025-08,,Free,B
2558,UK,Manchester,Mobile,Google Ads,2025-08-12,2025-08,,Free,A
2559,USA,San Francisco,Mobile,Google Ads,2025-06-03,2025-06,2025-06-12,Free,B
2560,USA,San Francisco,Desktop,Referral,2025-04-11,2025-04,2025-04-17,Free,B
2561,USA,New York,Desktop,Organic Search,2025-02-07,2025-02,2025-02-08,Free,A
2562,USA,New York,Desktop,Google Ads,2025-02-18,2025-02,,Free,B
2563,Germany,Munich,Mobile,Organic Search,2025-01-22,2025-01,,Basic,B
2564,USA,New York,Mobile,Organic Search,2025-03-09,2025-03,2025-03-13,Free,B
2565,India,Mumbai,Desktop,Organic Search,2025-06-06,2025-06,2025-06-17,Free,B
2566,Canada,Vancouver,Mobile,Google Ads,2025-09-24,2025-09,2025-10-02,Free,A
2567,USA,New York,Desktop,Email Campaign,2025-12-12,2025-12,2025-12-18,Pro,B
2568,USA,San Francisco,Desktop,Organic Search,2025-07-15,2025-07,2025-07-28,Free,A
2569,Canada,Toronto,Mobile,Referral,2025-08-06,2025-08,2025-08-19,Free,A
2570,Germany,Berlin,Desktop,Organic Search,2025-05-21,2025-05,2025-06-02,Pro,B
2571,India,Bengaluru,Mobile,Google Ads,2025-03-06,2025-03,2025-03-19,Basic,A
2572,Canada,Vancouver,Mobile,Organic Search,2025-12-20,2025-12,2025-12-21,Basic,B
2573,USA,Austin,Desktop,Email Campaign,2025-01-15,2025-01,2025-01-27,Free,B
2574,India,Mumbai,Mobile,Organic Search,2025-07-05,2025-07,2025-07-09,Free,B
2575,USA,Austin,Desktop,Referral,2025-05-24,2025-05,2025-05-29,Free,B
2576,India,Bengaluru,Desktop,Referral,2025-02-04,2025-02,2025-02-11,Pro,B
2577,Canada,Toronto,Desktop,Email Campaign,2025-10-29,2025-10,2025-11-05,Free,B
2578,UK,Manchester,Mobile,Google Ads,2025-11-10,2025-11,2025-11-20,Free,A
2579,India,Bengaluru,Desktop,Email Campaign,2025-07-01,2025-07,2025-07-09,Basic,B
2580,Canada,Toronto,Desktop,Referral,2025-10-19,2025-10,2025-10-27,Free,A
2581,USA,New York,Desktop,Organic Search,2025-04-06,2025-04,2025-04-18,Free,A
2582,USA,Austin,Desktop,Referral,2025-01-05,2025-01,,Pro,A
2583,Germany,Berlin,Desktop,Organic Search,2025-11-14,2025-11,2025-11-19,Free,B
2584,Canada,Toronto,Desktop,Google Ads,2025-11-28,2025-11,2025-12-01,Free,B
2585,India,Mumbai,Desktop,Email Campaign,2025-07-23,2025-07,2025-08-04,Free,A
2586,USA,Austin,Tablet,Email Campaign,2025-01-10,2025-01,2025-01-16,Basic,B
2587,India,Hyderabad,Mobile,Google Ads,2025-01-25,2025-01,2025-02-07,Free,A
2588,India,Hyderabad,Desktop,Google Ads,2025-11-05,2025-11,2025-11-19,Free,B
2589,UK,London,Desktop,Organic Search,2025-10-25,2025-10,2025-11-02,Free,A
2590,USA,San Francisco,Desktop,Google Ads,2025-10-03,2025-10,2025-10-17,Free,B
2591,USA,Austin,Desktop,Google Ads,2025-09-18,2025-09,,Free,B
2592,India,Hyderabad,Desktop,Organic Search,2025-06-26,2025-06,2025-07-03,Free,B
2593,India,Mumbai,Mobile,Organic Search,2025-09-25,2025-09,2025-09-27,Free,A
2594,India,Hyderabad,Desktop,Email Campaign,2025-11-10,2025-11,2025-11-13,Free,B
2595,India,Hyderabad,Desktop,Google Ads,2025-10-31,2025-10,2025-11-11,Free,A
2596,USA,New York,Mobile,Organic Search,2025-07-31,2025-07,2025-08-09,Pro,B
2597,India,Bengaluru,Desktop,Google Ads,2025-11-22,2025-11,2025-11-28,Free,B
2598,India,Bengaluru,Desktop,Organic Search,2025-03-24,2025-03,2025-04-04,Pro,A
2599,USA,Austin,Desktop,Organic Search,2025-11-11,2025-11,2025-11-15,Pro,B
2600,India,Mumbai,Desktop,Google Ads,2025-01-29,2025-01,2025-02-05,Free,B
2601,India,Bengaluru,Mobile,Referral,2025-12-14,2025-12,,Free,A
2602,Canada,Toronto,Desktop,Google Ads,2025-10-16,2025-10,2025-10-18,Free,B
2603,USA,Austin,Mobile,Google Ads,2025-03-13,2025-03,2025-03-27,Free,B
2604,India,Bengaluru,Desktop,Referral,2025-06-21,2025-06,2025-07-05,Free,B
2605,UK,Manchester,Desktop,Organic Search,2025-04-22,2025-04,2025-05-03,Free,A
2606,USA,New York,Desktop,Email Campaign,2025-11-21,2025-11,2025-12-01,Free,A
2607,USA,New York,Desktop,Google Ads,2025-08-23,2025-08,2025-08-28,Free,A
2608,USA,San Francisco,Desktop,Google Ads,2025-11-24,2025-11,2025-12-08,Free,A
2609,India,Mumbai,Desktop,Organic Search,2025-01-28,2025-01,2025-01-29,Free,A
2610,UK,London,Desktop,Organic Search,2025-01-30,2025-01,2025-02-12,Free,B
2611,USA,Austin,Tablet,Google Ads,2025-11-06,2025-11,2025-11-12,Free,A
2612,India,Mumbai,Mobile,Referral,2025-02-17,2025-02,,Basic,B
2613,USA,New York,Mobile,Google Ads,2025-10-20,2025-10,2025-10-28,Basic,A
2614,India,Hyderabad,Desktop,Organic Search,2025-05-07,2025-05,2025-05-20,Free,A
2615,India,Bengaluru,Desktop,Organic Search,2025-10-12,2025-10,,Free,B
2616,India,Hyderabad,Desktop,Referral,2025-07-03,2025-07,2025-07-04,Basic,B
2617,India,Mumbai,Desktop,Organic Search,2025-07-23,2025-07,,Basic,B
2618,India,Hyderabad,Desktop,Organic Search,2025-04-02,2025-04,2025-04-16,Free,B
2619,USA,Austin,Desktop,Referral,2025-04-11,2025-04,2025-04-11,Free,A
2620,India,Bengaluru,Desktop,Referral,2025-09-13,2025-09,2025-09-21,Pro,A
2621,India,Hyderabad,Mobile,Google Ads,2025-08-06,2025-08,2025-08-13,Free,A
2622,Canada,Toronto,Desktop,Google Ads,2025-08-26,2025-08,2025-08-30,Basic,A
2623,India,Bengaluru,Mobile,Google Ads,2025-09-28,2025-09,2025-10-02,Free,A
2624,USA,Austin,Mobile,Referral,2025-01-24,2025-01,2025-01-26,Free,A
2625,USA,Austin,Desktop,Google Ads,2025-08-05,2025-08,2025-08-18,Free,B
2626,USA,Austin,Mobile,Google Ads,2025-05-10,2025-05,2025-05-17,Free,B
2627,UK,London,Tablet,Referral,2025-02-10,2025-02,2025-02-20,Basic,A
2628,India,Bengaluru,Desktop,Organic Search,2025-02-04,2025-02,2025-02-11,Free,B
2629,USA,New York,Tablet,Organic Search,2025-06-23,2025-06,2025-07-01,Free,B
2630,UK,London,Desktop,Email Campaign,2025-03-26,2025-03,2025-03-27,Free,B
2631,USA,San Francisco,Desktop,Referral,2025-11-02,2025-11,2025-11-09,Basic,A
2632,India,Hyderabad,Desktop,Referral,2025-07-30,2025-07,,Basic,B
2633,India,Mumbai,Mobile,Organic Search,2025-12-16,2025-12,2025-12-21,Free,B
2634,India,Hyderabad,Desktop,Referral,2025-03-10,2025-03,2025-03-23,Free,B
2635,India,Bengaluru,Desktop,Google Ads,2025-05-18,2025-05,2025-05-25,Free,B
2636,India,Bengaluru,Desktop,Google Ads,2025-09-06,2025-09,2025-09-06,Free,B
2637,UK,London,Desktop,Organic Search,2025-05-17,2025-05,,Free,A
2638,Germany,Munich,Mobile,Organic Search,2025-10-16,2025-10,2025-10-27,Basic,B
2639,USA,San Francisco,Desktop,Organic Search,2025-05-23,2025-05,2025-05-24,Free,B
2640,UK,Manchester,Mobile,Referral,2025-01-30,2025-01,2025-01-31,Free,B
2641,Germany,Berlin,Mobile,Organic Search,2025-12-09,2025-12,2025-12-14,Basic,A
2642,Canada,Toronto,Mobile,Google Ads,2025-12-07,2025-12,2025-12-12,Free,A
2643,USA,San Francisco,Desktop,Referral,2025-12-05,2025-12,2025-12-08,Free,B
2644,USA,Austin,Tablet,Email Campaign,2025-04-06,2025-04,2025-04-11,Pro,A
2645,India,Bengaluru,Desktop,Google Ads,2025-08-01,2025-08,2025-08-03,Free,B
2646,UK,Manchester,Desktop,Organic Search,2025-08-26,2025-08,,Basic,A
2647,Germany,Munich,Desktop,Email Campaign,2025-04-15,2025-04,,Pro,B
2648,India,Mumbai,Desktop,Organic Search,2025-05-31,2025-05,2025-06-08,Free,A
2649,Germany,Munich,Mobile,Organic Search,2025-08-30,2025-08,2025-09-11,Basic,A
2650,USA,San Francisco,Desktop,Google Ads,2025-05-04,2025-05,2025-05-09,Free,B
2651,USA,San Francisco,Desktop,Organic Search,2025-07-03,2025-07,2025-07-14,Basic,A
2652,India,Hyderabad,Mobile,Organic Search,2025-07-20,2025-07,,Free,B
2653,USA,San Francisco,Mobile,Referral,2025-11-24,2025-11,2025-12-07,Free,B
2654,UK,London,Desktop,Google Ads,2025-10-20,2025-10,2025-10-28,Free,A
2655,India,Bengaluru,Mobile,Organic Search,2025-09-20,2025-09,2025-09-30,Free,B
2656,USA,Austin,Desktop,Organic Search,2025-08-30,2025-08,,Free,A
2657,USA,Austin,Desktop,Organic Search,2025-03-19,2025-03,2025-03-24,Free,A
2658,India,Hyderabad,Tablet,Email Campaign,2025-10-30,2025-10,2025-11-02,Basic,A
2659,UK,Manchester,Desktop,Google Ads,2025-07-22,2025-07,2025-08-02,Free,B
2660,India,Hyderabad,Desktop,Google Ads,2025-08-15,2025-08,2025-08-17,Free,B
2661,Canada,Toronto,Mobile,Google Ads,2025-07-15,2025-07,2025-07-24,Free,B
2662,USA,Austin,Desktop,Google Ads,2025-02-20,2025-02,2025-02-27,Free,B
2663,India,Hyderabad,Mobile,Organic Search,2025-01-11,2025-01,,Free,B
2664,India,Bengaluru,Desktop,Organic Search,2025-04-13,2025-04,2025-04-15,Free,A
2665,India,Hyderabad,Desktop,Referral,2025-07-31,2025-07,,Free,B
2666,India,Hyderabad,Mobile,Organic Search,2025-04-22,2025-04,2025-04-28,Free,A
2667,Germany,Berlin,Desktop,Organic Search,2025-06-18,2025-06,,Free,A
2668,Canada,Toronto,Desktop,Organic Search,2025-04-03,2025-04,2025-04-17,Free,A
2669,USA,San Francisco,Desktop,Organic Search,2025-03-25,2025-03,2025-04-01,Free,A
2670,Germany,Berlin,Tablet,Organic Search,2025-02-03,2025-02,2025-02-16,Pro,A
2671,India,Bengaluru,Desktop,Referral,2025-12-11,2025-12,2025-12-15,Free,B
2672,India,Mumbai,Desktop,Referral,2025-01-04,2025-01,,Free,A
2673,USA,Austin,Mobile,Referral,2025-01-15,2025-01,,Free,B
2674,USA,Austin,Desktop,Organic Search,2025-06-07,2025-06,,Free,B
2675,India,Bengaluru,Mobile,Organic Search,2025-11-13,2025-11,2025-11-21,Basic,B
2676,USA,Austin,Desktop,Organic Search,2025-12-31,2025-12,2026-01-05,Pro,B
2677,India,Hyderabad,Desktop,Referral,2025-06-10,2025-06,2025-06-22,Basic,A
2678,USA,New York,Desktop,Referral,2025-10-25,2025-10,2025-10-25,Free,B
2679,USA,San Francisco,Mobile,Email Campaign,2025-10-05,2025-10,2025-10-12,Free,B
2680,India,Hyderabad,Desktop,Organic Search,2025-01-23,2025-01,2025-02-05,Free,B
2681,USA,New York,Desktop,Organic Search,2025-03-17,2025-03,,Free,A
2682,UK,Manchester,Mobile,Organic Search,2025-09-18,2025-09,2025-10-01,Free,A
2683,Germany,Munich,Desktop,Referral,2025-01-12,2025-01,2025-01-24,Free,B
2684,Germany,Berlin,Desktop,Google Ads,2025-04-01,2025-04,2025-04-07,Free,B
2685,USA,Austin,Mobile,Organic Search,2025-05-30,2025-05,,Free,A
2686,USA,New York,Mobile,Google Ads,2025-04-19,2025-04,2025-04-21,Free,B
2687,UK,London,Desktop,Organic Search,2025-10-25,2025-10,,Free,B
2688,Canada,Toronto,Mobile,Organic Search,2025-10-03,2025-10,2025-10-13,Basic,B
2689,India,Bengaluru,Mobile,Organic Search,2025-06-30,2025-06,2025-07-10,Free,A
2690,Germany,Munich,Desktop,Referral,2025-05-09,2025-05,,Basic,B
2691,India,Hyderabad,Mobile,Organic Search,2025-06-04,2025-06,,Free,B
2692,India,Mumbai,Mobile,Organic Search,2025-04-05,2025-04,2025-04-15,Pro,B
2693,Canada,Toronto,Desktop,Google Ads,2025-08-08,2025-08,2025-08-22,Free,B
2694,Germany,Munich,Mobile,Referral,2025-07-08,2025-07,2025-07-11,Free,B
2695,USA,San Francisco,Desktop,Organic Search,2025-08-30,2025-08,,Free,B
2696,Canada,Vancouver,Desktop,Organic Search,2025-04-06,2025-04,,Free,A
2697,UK,Manchester,Desktop,Organic Search,2025-08-12,2025-08,,Free,A
2698,Canada,Vancouver,Mobile,Referral,2025-07-17,2025-07,2025-07-21,Free,A
2699,Canada,Vancouver,Desktop,Organic Search,2025-07-18,2025-07,2025-07-23,Free,A
2700,UK,Manchester,Desktop,Google Ads,2025-03-18,2025-03,,Pro,A
2701,UK,London,Desktop,Google Ads,2025-03-28,2025-03,2025-03-29,Free,B
2702,USA,New York,Desktop,Referral,2025-03-04,2025-03,2025-03-10,Free,B
2703,India,Mumbai,Mobile,Email Campaign,2025-04-14,2025-04,,Pro,B
2704,Germany,Munich,Desktop,Organic Search,2025-10-28,2025-10,2025-11-03,Pro,A
2705,India,Bengaluru,Mobile,Organic Search,2025-04-06,2025-04,2025-04-06,Free,B
2706,UK,Manchester,Mobile,Organic Search,2025-06-27,2025-06,2025-07-03,Basic,A
2707,Canada,Toronto,Desktop,Organic Search,2025-05-05,2025-05,2025-05-05,Free,B
2708,USA,Austin,Mobile,Google Ads,2025-01-12,2025-01,2025-01-24,Free,A
2709,UK,London,Desktop,Organic Search,2025-06-15,2025-06,,Pro,A
2710,India,Hyderabad,Desktop,Organic Search,2025-07-05,2025-07,2025-07-08,Free,B
2711,Germany,Berlin,Desktop,Google Ads,2025-03-14,2025-03,2025-03-16,Free,A
2712,Germany,Berlin,Desktop,Organic Search,2025-09-07,2025-09,2025-09-19,Free,A
2713,India,Hyderabad,Desktop,Organic Search,2025-03-11,2025-03,2025-03-13,Free,B
2714,Germany,Berlin,Desktop,Organic Search,2025-11-22,2025-11,,Pro,B
2715,USA,New York,Mobile,Organic Search,2025-02-23,2025-02,2025-03-02,Free,A
2716,Canada,Vancouver,Mobile,Email Campaign,2025-11-15,2025-11,2025-11-21,Free,A
2717,UK,London,Desktop,Organic Search,2025-09-20,2025-09,2025-09-29,Free,B
2718,USA,Austin,Desktop,Google Ads,2025-08-19,2025-08,,Free,A
2719,India,Mumbai,Desktop,Organic Search,2025-08-27,2025-08,2025-08-30,Free,B
2720,India,Bengaluru,Desktop,Google Ads,2025-01-14,2025-01,2025-01-27,Free,B
2721,UK,London,Mobile,Organic Search,2025-06-02,2025-06,2025-06-07,Basic,B
2722,UK,Manchester,Desktop,Organic Search,2025-11-04,2025-11,2025-11-04,Free,B
2723,USA,New York,Mobile,Organic Search,2025-08-10,2025-08,2025-08-10,Free,A
2724,UK,London,Mobile,Organic Search,2025-05-18,2025-05,2025-06-01,Free,B
2725,USA,New York,Desktop,Google Ads,2025-06-20,2025-06,2025-06-29,Basic,B
2726,Germany,Berlin,Desktop,Organic Search,2025-09-29,2025-09,2025-10-08,Free,A
2727,USA,Austin,Mobile,Organic Search,2025-01-16,2025-01,2025-01-22,Free,A
2728,USA,New York,Desktop,Google Ads,2025-05-15,2025-05,,Free,B
2729,USA,Austin,Mobile,Google Ads,2025-12-01,2025-12,,Pro,B
2730,India,Bengaluru,Desktop,Organic Search,2025-08-14,2025-08,2025-08-26,Basic,A
2731,USA,New York,Desktop,Organic Search,2025-04-13,2025-04,2025-04-15,Free,B
2732,Germany,Munich,Tablet,Organic Search,2025-02-10,2025-02,2025-02-15,Pro,B
2733,India,Hyderabad,Desktop,Organic Search,2025-09-29,2025-09,2025-10-05,Pro,B
2734,USA,New York,Tablet,Email Campaign,2025-01-13,2025-01,2025-01-14,Free,B
2735,UK,London,Desktop,Organic Search,2025-04-06,2025-04,,Basic,B
2736,UK,Manchester,Desktop,Organic Search,2025-01-08,2025-01,2025-01-09,Free,B
2737,Germany,Berlin,Desktop,Organic Search,2025-02-01,2025-02,2025-02-10,Free,B
2738,USA,New York,Mobile,Organic Search,2025-07-07,2025-07,2025-07-21,Free,A
2739,UK,London,Mobile,Email Campaign,2025-04-12,2025-04,2025-04-24,Free,A
2740,India,Mumbai,Mobile,Organic Search,2025-04-08,2025-04,2025-04-16,Pro,A
2741,USA,Austin,Desktop,Organic Search,2025-09-03,2025-09,2025-09-17,Free,B
2742,Canada,Toronto,Mobile,Google Ads,2025-08-04,2025-08,,Free,A
2743,USA,San Francisco,Mobile,Organic Search,2025-01-22,2025-01,2025-01-26,Free,B
2744,India,Mumbai,Desktop,Google Ads,2025-06-24,2025-06,2025-06-27,Free,B
2745,India,Hyderabad,Mobile,Organic Search,2025-11-10,2025-11,2025-11-21,Free,A
2746,USA,Austin,Desktop,Google Ads,2025-04-21,2025-04,2025-05-03,Free,A
2747,USA,San Francisco,Desktop,Organic Search,2025-10-31,2025-10,2025-11-13,Pro,A
2748,USA,Austin,Desktop,Referral,2025-12-23,2025-12,2026-01-02,Basic,A
2749,Germany,Berlin,Desktop,Google Ads,2025-07-26,2025-07,2025-08-09,Free,B
2750,USA,New York,Mobile,Organic Search,2025-01-02,2025-01,,Free,B
2751,UK,London,Mobile,Google Ads,2025-12-14,2025-12,2025-12-18,Free,A
2752,Canada,Vancouver,Mobile,Referral,2025-03-04,2025-03,2025-03-11,Pro,A
2753,UK,London,Mobile,Google Ads,2025-03-29,2025-03,2025-03-31,Basic,B
2754,India,Hyderabad,Desktop,Email Campaign,2025-03-08,2025-03,2025-03-14,Free,B
2755,India,Hyderabad,Desktop,Organic Search,2025-05-18,2025-05,2025-06-01,Free,A
2756,India,Mumbai,Desktop,Organic Search,2025-02-01,2025-02,2025-02-15,Free,B
2757,UK,Manchester,Desktop,Google Ads,2025-12-10,2025-12,2025-12-10,Basic,A
2758,UK,London,Desktop,Organic Search,2025-03-10,2025-03,,Basic,B
2759,India,Mumbai,Mobile,Email Campaign,2025-07-25,2025-07,2025-07-25,Free,A
2760,India,Hyderabad,Desktop,Organic Search,2025-05-12,2025-05,2025-05-26,Basic,A
2761,India,Hyderabad,Mobile,Organic Search,2025-01-10,2025-01,2025-01-13,Free,A
2762,Canada,Toronto,Desktop,Organic Search,2025-07-10,2025-07,2025-07-21,Free,B
2763,India,Hyderabad,Mobile,Referral,2025-07-18,2025-07,2025-07-28,Pro,B
2764,India,Bengaluru,Desktop,Organic Search,2025-01-30,2025-01,2025-02-10,Basic,A
2765,USA,New York,Mobile,Google Ads,2025-06-11,2025-06,,Pro,B
2766,UK,Manchester,Desktop,Google Ads,2025-10-14,2025-10,2025-10-18,Pro,B
2767,Germany,Munich,Tablet,Organic Search,2025-01-01,2025-01,2025-01-15,Free,A
2768,India,Bengaluru,Desktop,Organic Search,2025-08-23,2025-08,,Free,B
2769,USA,San Francisco,Desktop,Referral,2025-06-09,2025-06,2025-06-19,Free,B
2770,USA,New York,Desktop,Referral,2025-02-04,2025-02,,Free,A
2771,India,Hyderabad,Desktop,Organic Search,2025-04-16,2025-04,2025-04-25,Free,A
2772,USA,San Francisco,Desktop,Referral,2025-06-07,2025-06,2025-06-13,Free,A
2773,India,Hyderabad,Desktop,Email Campaign,2025-05-24,2025-05,2025-06-01,Pro,A
2774,USA,San Francisco,Desktop,Google Ads,2025-06-23,2025-06,2025-06-23,Free,A
2775,USA,San Francisco,Mobile,Google Ads,2025-11-18,2025-11,2025-11-21,Free,B
2776,USA,San Francisco,Mobile,Organic Search,2025-11-03,2025-11,2025-11-10,Free,A
2777,UK,Manchester,Mobile,Google Ads,2025-01-04,2025-01,2025-01-05,Free,B
2778,India,Hyderabad,Desktop,Organic Search,2025-02-18,2025-02,2025-02-24,Basic,B
2779,India,Hyderabad,Desktop,Organic Search,2025-08-21,2025-08,2025-08-21,Pro,A
2780,USA,Austin,Desktop,Organic Search,2025-03-14,2025-03,2025-03-23,Free,B
2781,USA,New York,Mobile,Referral,2025-10-08,2025-10,2025-10-17,Free,B
2782,USA,San Francisco,Mobile,Google Ads,2025-05-13,2025-05,2025-05-23,Free,A
2783,USA,New York,Desktop,Google Ads,2025-11-15,2025-11,,Free,B
2784,Germany,Berlin,Mobile,Google Ads,2025-03-22,2025-03,,Free,B
2785,USA,New York,Mobile,Organic Search,2025-08-04,2025-08,2025-08-13,Free,A
2786,Canada,Toronto,Desktop,Referral,2025-04-16,2025-04,2025-04-20,Free,A
2787,USA,New York,Desktop,Referral,2025-08-22,2025-08,2025-08-27,Free,B
2788,Germany,Munich,Desktop,Google Ads,2025-07-22,2025-07,2025-07-23,Pro,A
2789,India,Hyderabad,Mobile,Google Ads,2025-11-07,2025-11,2025-11-10,Free,A
2790,India,Hyderabad,Desktop,Organic Search,2025-08-31,2025-08,2025-09-09,Basic,A
2791,India,Mumbai,Mobile,Google Ads,2025-09-02,2025-09,2025-09-03,Pro,B
2792,UK,Manchester,Mobile,Google Ads,2025-01-22,2025-01,2025-01-27,Basic,A
2793,USA,New York,Desktop,Email Campaign,2025-09-04,2025-09,2025-09-11,Free,A
2794,India,Bengaluru,Desktop,Google Ads,2025-10-01,2025-10,,Free,B
2795,Germany,Munich,Mobile,Organic Search,2025-02-05,2025-02,,Free,A
2796,UK,London,Desktop,Organic Search,2025-07-08,2025-07,,Free,A
2797,Germany,Munich,Desktop,Organic Search,2025-07-16,2025-07,2025-07-17,Basic,B
2798,USA,Austin,Desktop,Organic Search,2025-06-30,2025-06,2025-07-01,Free,B
2799,India,Hyderabad,Tablet,Organic Search,2025-07-28,2025-07,,Free,A
2800,Germany,Munich,Desktop,Referral,2025-10-22,2025-10,2025-11-01,Pro,A
2801,USA,New York,Desktop,Organic Search,2025-12-22,2025-12,2025-12-22,Free,A
2802,India,Bengaluru,Desktop,Organic Search,2025-01-08,2025-01,,Free,B
2803,India,Mumbai,Desktop,Email Campaign,2025-10-20,2025-10,2025-10-26,Basic,B
2804,Canada,Vancouver,Desktop,Referral,2025-03-26,2025-03,2025-04-02,Pro,B
2805,India,Mumbai,Desktop,Google Ads,2025-09-07,2025-09,2025-09-07,Free,B
2806,Germany,Munich,Desktop,Referral,2025-04-08,2025-04,2025-04-19,Free,A
2807,India,Mumbai,Mobile,Referral,2025-12-28,2025-12,,Pro,B
2808,India,Hyderabad,Desktop,Referral,2025-07-26,2025-07,,Free,A
2809,India,Hyderabad,Desktop,Organic Search,2025-02-04,2025-02,2025-02-14,Pro,A
2810,Germany,Berlin,Desktop,Google Ads,2025-07-08,2025-07,2025-07-17,Basic,A
2811,UK,Manchester,Mobile,Organic Search,2025-02-18,2025-02,2025-03-02,Free,B
2812,Canada,Vancouver,Desktop,Referral,2025-01-05,2025-01,2025-01-06,Free,A
2813,Canada,Vancouver,Desktop,Email Campaign,2025-09-02,2025-09,,Free,A
2814,USA,Austin,Mobile,Organic Search,2025-12-14,2025-12,2025-12-16,Free,B
2815,Canada,Toronto,Mobile,Referral,2025-06-13,2025-06,2025-06-21,Basic,B
2816,USA,Austin,Desktop,Organic Search,2025-02-28,2025-02,,Free,A
2817,USA,San Francisco,Desktop,Organic Search,2025-01-16,2025-01,,Free,A
2818,USA,Austin,Mobile,Google Ads,2025-11-02,2025-11,2025-11-09,Basic,A
2819,UK,Manchester,Desktop,Referral,2025-07-08,2025-07,2025-07-09,Free,A
2820,UK,Manchester,Desktop,Organic Search,2025-04-16,2025-04,2025-04-20,Free,A
2821,India,Bengaluru,Desktop,Organic Search,2025-09-28,2025-09,2025-09-30,Free,B
2822,UK,Manchester,Desktop,Referral,2025-05-05,2025-05,2025-05-05,Free,A
2823,Canada,Vancouver,Mobile,Google Ads,2025-04-19,2025-04,,Free,B
2824,USA,Austin,Desktop,Organic Search,2025-12-06,2025-12,2025-12-19,Pro,B
2825,USA,San Francisco,Desktop,Organic Search,2025-04-16,2025-04,2025-04-21,Free,B
2826,India,Mumbai,Desktop,Referral,2025-11-09,2025-11,2025-11-09,Basic,B
2827,India,Mumbai,Desktop,Organic Search,2025-12-06,2025-12,2025-12-13,Free,A
2828,India,Hyderabad,Desktop,Email Campaign,2025-12-17,2025-12,2025-12-25,Free,B
2829,USA,New York,Desktop,Organic Search,2025-04-18,2025-04,2025-04-26,Pro,A
2830,India,Bengaluru,Desktop,Organic Search,2025-08-22,2025-08,2025-08-29,Basic,A
2831,India,Mumbai,Desktop,Organic Search,2025-07-25,2025-07,2025-08-07,Basic,B
2832,USA,Austin,Desktop,Google Ads,2025-12-30,2025-12,,Basic,B
2833,USA,Austin,Desktop,Google Ads,2025-01-05,2025-01,2025-01-06,Pro,A
2834,India,Mumbai,Desktop,Organic Search,2025-09-20,2025-09,2025-09-20,Free,A
2835,USA,San Francisco,Desktop,Organic Search,2025-04-21,2025-04,2025-04-21,Free,A
2836,India,Hyderabad,Mobile,Organic Search,2025-07-09,2025-07,2025-07-20,Basic,A
2837,Canada,Toronto,Tablet,Referral,2025-04-05,2025-04,,Free,B
2838,India,Hyderabad,Desktop,Google Ads,2025-03-17,2025-03,,Free,A
2839,UK,Manchester,Desktop,Organic Search,2025-03-08,2025-03,,Basic,A
2840,India,Mumbai,Desktop,Referral,2025-05-20,2025-05,2025-06-02,Free,B
2841,Germany,Munich,Desktop,Google Ads,2025-02-26,2025-02,2025-03-01,Basic,B
2842,Germany,Berlin,Mobile,Referral,2025-09-26,2025-09,,Free,A
2843,India,Hyderabad,Desktop,Google Ads,2025-01-13,2025-01,2025-01-19,Basic,A
2844,India,Mumbai,Mobile,Google Ads,2025-12-11,2025-12,2025-12-18,Basic,B
2845,USA,San Francisco,Mobile,Organic Search,2025-09-06,2025-09,2025-09-07,Free,A
2846,UK,Manchester,Desktop,Email Campaign,2025-11-12,2025-11,2025-11-13,Free,B
2847,UK,London,Mobile,Google Ads,2025-11-04,2025-11,,Basic,A
2848,India,Hyderabad,Desktop,Google Ads,2025-01-19,2025-01,2025-01-22,Free,B
2849,India,Mumbai,Desktop,Organic Search,2025-09-28,2025-09,2025-10-03,Free,A
2850,India,Mumbai,Tablet,Organic Search,2025-06-03,2025-06,2025-06-15,Free,B
2851,Germany,Munich,Desktop,Organic Search,2025-06-25,2025-06,2025-07-06,Free,A
2852,Canada,Toronto,Desktop,Organic Search,2025-10-15,2025-10,2025-10-23,Free,A
2853,USA,San Francisco,Desktop,Referral,2025-04-04,2025-04,2025-04-04,Free,B
2854,USA,San Francisco,Mobile,Google Ads,2025-11-29,2025-11,,Free,B
2855,Germany,Munich,Mobile,Organic Search,2025-07-17,2025-07,2025-07-23,Free,B
2856,UK,Manchester,Desktop,Organic Search,2025-04-07,2025-04,2025-04-15,Free,A
2857,Canada,Vancouver,Desktop,Organic Search,2025-09-16,2025-09,2025-09-16,Free,A
2858,Germany,Berlin,Tablet,Organic Search,2025-04-08,2025-04,2025-04-19,Free,B
2859,India,Bengaluru,Desktop,Google Ads,2025-01-26,2025-01,,Basic,B
2860,Canada,Toronto,Mobile,Google Ads,2025-08-17,2025-08,2025-08-19,Basic,A
2861,UK,London,Mobile,Organic Search,2025-03-18,2025-03,,Free,A
2862,Canada,Vancouver,Mobile,Referral,2025-02-03,2025-02,2025-02-13,Free,B
2863,India,Hyderabad,Desktop,Google Ads,2025-07-05,2025-07,2025-07-08,Free,A
2864,Germany,Munich,Mobile,Organic Search,2025-05-05,2025-05,2025-05-06,Free,B
2865,India,Bengaluru,Desktop,Organic Search,2025-04-17,2025-04,2025-04-28,Free,B
2866,USA,New York,Desktop,Organic Search,2025-05-08,2025-05,2025-05-16,Free,A
2867,India,Mumbai,Mobile,Organic Search,2025-02-08,2025-02,2025-02-12,Free,A
2868,UK,London,Tablet,Referral,2025-03-26,2025-03,2025-03-31,Free,B
2869,Germany,Munich,Mobile,Organic Search,2025-05-31,2025-05,,Free,B
2870,India,Bengaluru,Desktop,Email Campaign,2025-05-04,2025-05,,Free,A
2871,India,Mumbai,Mobile,Organic Search,2025-12-31,2025-12,2026-01-03,Pro,A
2872,UK,Manchester,Mobile,Organic Search,2025-01-07,2025-01,2025-01-11,Free,B
2873,USA,San Francisco,Desktop,Google Ads,2025-08-16,2025-08,2025-08-25,Pro,A
2874,India,Mumbai,Desktop,Email Campaign,2025-04-09,2025-04,2025-04-17,Pro,A
2875,India,Bengaluru,Desktop,Organic Search,2025-09-11,2025-09,2025-09-21,Free,A
2876,India,Bengaluru,Desktop,Google Ads,2025-07-07,2025-07,2025-07-19,Free,A
2877,India,Bengaluru,Mobile,Google Ads,2025-01-13,2025-01,2025-01-22,Free,A
2878,India,Hyderabad,Desktop,Organic Search,2025-10-05,2025-10,2025-10-19,Free,B
2879,USA,Austin,Mobile,Organic Search,2025-03-07,2025-03,,Free,A
2880,Canada,Vancouver,Desktop,Organic Search,2025-01-31,2025-01,2025-02-12,Free,B
2881,Germany,Berlin,Desktop,Email Campaign,2025-06-04,2025-06,2025-06-15,Free,B
2882,USA,New York,Desktop,Google Ads,2025-08-13,2025-08,2025-08-15,Basic,A
2883,USA,Austin,Mobile,Organic Search,2025-02-27,2025-02,2025-03-01,Free,A
2884,Germany,Munich,Mobile,Organic Search,2025-08-01,2025-08,2025-08-02,Pro,A
2885,India,Bengaluru,Mobile,Organic Search,2025-05-21,2025-05,,Free,A
2886,India,Bengaluru,Desktop,Organic Search,2025-08-25,2025-08,,Pro,A
2887,Canada,Toronto,Mobile,Organic Search,2025-01-31,2025-01,,Free,B
2888,India,Hyderabad,Desktop,Organic Search,2025-03-25,2025-03,2025-03-25,Free,B
2889,Germany,Berlin,Desktop,Referral,2025-03-28,2025-03,2025-04-11,Free,A
2890,India,Mumbai,Desktop,Referral,2025-03-23,2025-03,2025-03-29,Basic,A
2891,India,Hyderabad,Desktop,Referral,2025-08-31,2025-08,,Free,B
2892,Canada,Vancouver,Desktop,Google Ads,2025-10-23,2025-10,,Free,B
2893,Germany,Munich,Desktop,Organic Search,2025-04-12,2025-04,,Free,B
2894,India,Bengaluru,Desktop,Organic Search,2025-11-28,2025-11,2025-12-07,Free,A
2895,India,Bengaluru,Desktop,Referral,2025-12-31,2025-12,2026-01-04,Basic,B
2896,USA,Austin,Mobile,Organic Search,2025-12-10,2025-12,2025-12-16,Free,A
2897,USA,New York,Tablet,Google Ads,2025-10-18,2025-10,2025-10-31,Free,B
2898,USA,New York,Mobile,Organic Search,2025-12-11,2025-12,,Basic,A
2899,USA,San Francisco,Desktop,Referral,2025-01-13,2025-01,2025-01-19,Basic,A
2900,UK,London,Desktop,Email Campaign,2025-06-14,2025-06,2025-06-26,Pro,A
2901,Germany,Munich,Mobile,Organic Search,2025-07-05,2025-07,2025-07-18,Free,B
2902,India,Hyderabad,Desktop,Referral,2025-05-06,2025-05,,Free,A
2903,India,Hyderabad,Desktop,Organic Search,2025-08-25,2025-08,,Free,B
2904,India,Bengaluru,Desktop,Organic Search,2025-05-05,2025-05,2025-05-14,Free,A
2905,USA,San Francisco,Desktop,Organic Search,2025-08-13,2025-08,2025-08-19,Free,A
2906,USA,San Francisco,Desktop,Email Campaign,2025-03-08,2025-03,2025-03-09,Free,A
2907,India,Hyderabad,Desktop,Referral,2025-08-10,2025-08,2025-08-15,Free,A
2908,Canada,Toronto,Desktop,Organic Search,2025-01-08,2025-01,2025-01-09,Free,A
2909,USA,Austin,Mobile,Organic Search,2025-03-17,2025-03,2025-03-18,Free,A
2910,USA,Austin,Desktop,Organic Search,2025-12-26,2025-12,2025-12-31,Free,B
2911,India,Hyderabad,Mobile,Organic Search,2025-11-03,2025-11,,Free,B
2912,USA,New York,Tablet,Organic Search,2025-08-16,2025-08,2025-08-22,Free,B
2913,India,Bengaluru,Mobile,Organic Search,2025-02-22,2025-02,2025-02-27,Free,A
2914,Germany,Berlin,Desktop,Email Campaign,2025-02-01,2025-02,2025-02-15,Free,B
2915,India,Hyderabad,Desktop,Organic Search,2025-10-05,2025-10,,Free,A
2916,UK,London,Mobile,Google Ads,2025-08-26,2025-08,2025-09-08,Pro,B
2917,India,Bengaluru,Desktop,Google Ads,2025-09-18,2025-09,2025-09-20,Free,A
2918,USA,Austin,Desktop,Organic Search,2025-10-13,2025-10,2025-10-21,Free,A
2919,India,Hyderabad,Mobile,Organic Search,2025-04-17,2025-04,2025-04-18,Basic,B
2920,Germany,Munich,Desktop,Email Campaign,2025-08-18,2025-08,,Free,A
2921,India,Bengaluru,Mobile,Organic Search,2025-12-21,2025-12,2025-12-26,Free,A
2922,UK,Manchester,Desktop,Organic Search,2025-06-03,2025-06,,Basic,B
2923,USA,New York,Desktop,Referral,2025-06-03,2025-06,2025-06-03,Basic,B
2924,India,Mumbai,Mobile,Organic Search,2025-05-01,2025-05,2025-05-03,Free,A
2925,India,Bengaluru,Mobile,Organic Search,2025-09-04,2025-09,2025-09-09,Free,B
2926,UK,Manchester,Mobile,Google Ads,2025-01-20,2025-01,2025-01-29,Free,B
2927,India,Hyderabad,Desktop,Referral,2025-01-21,2025-01,2025-02-02,Free,B
2928,India,Hyderabad,Desktop,Organic Search,2025-01-31,2025-01,2025-02-05,Free,A
2929,USA,San Francisco,Mobile,Google Ads,2025-04-22,2025-04,2025-04-28,Free,B
2930,India,Bengaluru,Mobile,Referral,2025-01-03,2025-01,2025-01-05,Pro,A
2931,India,Bengaluru,Mobile,Referral,2025-02-21,2025-02,2025-03-02,Free,B
2932,India,Mumbai,Desktop,Organic Search,2025-09-29,2025-09,2025-10-07,Basic,B
2933,UK,London,Desktop,Email Campaign,2025-11-29,2025-11,2025-12-10,Pro,B
2934,India,Mumbai,Desktop,Organic Search,2025-04-15,2025-04,,Free,A
2935,USA,Austin,Desktop,Organic Search,2025-11-09,2025-11,2025-11-09,Free,B
2936,USA,San Francisco,Mobile,Organic Search,2025-10-03,2025-10,2025-10-08,Free,A
2937,USA,Austin,Desktop,Organic Search,2025-09-08,2025-09,2025-09-13,Basic,A
2938,Canada,Vancouver,Desktop,Google Ads,2025-01-08,2025-01,2025-01-11,Free,B
2939,Canada,Vancouver,Mobile,Referral,2025-11-13,2025-11,2025-11-14,Free,B
2940,USA,San Francisco,Desktop,Organic Search,2025-06-03,2025-06,2025-06-11,Free,A
2941,India,Mumbai,Mobile,Google Ads,2025-07-20,2025-07,2025-07-27,Free,A
2942,India,Mumbai,Desktop,Organic Search,2025-10-20,2025-10,2025-11-02,Free,B
2943,USA,Austin,Tablet,Organic Search,2025-06-14,2025-06,2025-06-24,Free,B
2944,UK,London,Desktop,Organic Search,2025-06-14,2025-06,2025-06-15,Free,A
2945,UK,London,Desktop,Organic Search,2025-04-15,2025-04,2025-04-23,Free,B
2946,India,Bengaluru,Desktop,Organic Search,2025-07-11,2025-07,2025-07-16,Pro,A
2947,India,Bengaluru,Tablet,Google Ads,2025-02-12,2025-02,,Free,B
2948,India,Hyderabad,Desktop,Referral,2025-07-07,2025-07,2025-07-12,Pro,A
2949,USA,New York,Mobile,Organic Search,2025-10-17,2025-10,,Free,A
2950,USA,San Francisco,Mobile,Google Ads,2025-04-03,2025-04,,Free,A
2951,USA,New York,Desktop,Organic Search,2025-02-21,2025-02,2025-02-24,Basic,A
2952,India,Hyderabad,Desktop,Email Campaign,2025-08-06,2025-08,2025-08-12,Free,A
2953,USA,Austin,Desktop,Google Ads,2025-09-27,2025-09,,Free,A
2954,India,Mumbai,Desktop,Organic Search,2025-11-04,2025-11,2025-11-05,Free,A
2955,India,Bengaluru,Desktop,Google Ads,2025-04-13,2025-04,2025-04-22,Free,B
2956,Germany,Munich,Desktop,Email Campaign,2025-04-04,2025-04,,Free,B
2957,UK,Manchester,Mobile,Organic Search,2025-04-02,2025-04,2025-04-15,Free,A
2958,UK,Manchester,Desktop,Referral,2025-12-10,2025-12,2025-12-23,Free,B
2959,Canada,Toronto,Desktop,Organic Search,2025-11-01,2025-11,2025-11-07,Free,B
2960,Germany,Berlin,Desktop,Organic Search,2025-11-18,2025-11,2025-11-25,Free,B
2961,UK,Manchester,Mobile,Email Campaign,2025-10-19,2025-10,2025-10-21,Free,A
2962,Germany,Munich,Desktop,Referral,2025-03-23,2025-03,2025-04-06,Basic,B
2963,Canada,Vancouver,Desktop,Referral,2025-03-27,2025-03,2025-04-09,Free,A
2964,UK,London,Desktop,Organic Search,2025-09-17,2025-09,,Free,A
2965,USA,San Francisco,Desktop,Organic Search,2025-08-16,2025-08,2025-08-25,Basic,B
2966,USA,San Francisco,Mobile,Organic Search,2025-07-12,2025-07,,Free,B
2967,USA,New York,Desktop,Organic Search,2025-11-26,2025-11,,Basic,A
2968,USA,San Francisco,Mobile,Organic Search,2025-12-24,2025-12,2025-12-29,Basic,B
2969,USA,New York,Mobile,Referral,2025-01-09,2025-01,2025-01-11,Basic,A
2970,USA,New York,Desktop,Organic Search,2025-07-05,2025-07,2025-07-08,Free,A
2971,UK,Manchester,Desktop,Organic Search,2025-06-25,2025-06,,Basic,A
2972,UK,Manchester,Mobile,Organic Search,2025-10-30,2025-10,2025-11-10,Free,B
2973,Canada,Toronto,Desktop,Google Ads,2025-03-14,2025-03,2025-03-22,Free,A
2974,USA,San Francisco,Desktop,Organic Search,2025-10-07,2025-10,,Free,A
2975,USA,New York,Desktop,Email Campaign,2025-08-02,2025-08,,Basic,B
2976,India,Mumbai,Desktop,Organic Search,2025-02-18,2025-02,2025-02-26,Free,B
2977,UK,London,Mobile,Email Campaign,2025-03-18,2025-03,2025-03-31,Free,B
2978,India,Mumbai,Desktop,Organic Search,2025-03-02,2025-03,2025-03-08,Free,A
2979,Germany,Munich,Desktop,Organic Search,2025-08-23,2025-08,,Free,A
2980,India,Mumbai,Desktop,Google Ads,2025-02-18,2025-02,2025-02-21,Free,A
2981,India,Hyderabad,Mobile,Google Ads,2025-02-06,2025-02,,Free,A
2982,India,Hyderabad,Desktop,Organic Search,2025-12-07,2025-12,2025-12-09,Basic,A
2983,USA,Austin,Desktop,Organic Search,2025-09-15,2025-09,2025-09-18,Free,A
2984,USA,Austin,Desktop,Organic Search,2025-10-02,2025-10,2025-10-10,Free,A
2985,Germany,Munich,Mobile,Referral,2025-12-05,2025-12,2025-12-05,Basic,B
2986,India,Hyderabad,Desktop,Referral,2025-08-13,2025-08,2025-08-19,Free,B
2987,India,Bengaluru,Mobile,Organic Search,2025-10-14,2025-10,2025-10-14,Free,B
2988,India,Mumbai,Mobile,Organic Search,2025-11-13,2025-11,2025-11-22,Free,B
2989,USA,Austin,Mobile,Organic Search,2025-10-28,2025-10,2025-11-02,Free,B
2990,India,Bengaluru,Mobile,Referral,2025-07-19,2025-07,2025-08-01,Basic,B
2991,Canada,Vancouver,Desktop,Referral,2025-09-18,2025-09,2025-09-26,Free,B
2992,India,Hyderabad,Mobile,Google Ads,2025-02-05,2025-02,,Free,B
2993,India,Hyderabad,Desktop,Organic Search,2025-08-21,2025-08,,Free,A
2994,UK,London,Desktop,Organic Search,2025-04-29,2025-04,2025-05-07,Free,B
2995,Germany,Berlin,Desktop,Email Campaign,2025-12-03,2025-12,2025-12-14,Basic,A
2996,USA,Austin,Mobile,Referral,2025-09-07,2025-09,2025-09-07,Pro,B
2997,USA,Austin,Mobile,Google Ads,2025-02-16,2025-02,2025-02-17,Basic,B
2998,India,Bengaluru,Desktop,Email Campaign,2025-10-10,2025-10,2025-10-18,Free,A
2999,USA,San Francisco,Desktop,Google Ads,2025-04-22,2025-04,2025-04-26,Free,B
3000,India,Mumbai,Mobile,Organic Search,2025-11-03,2025-11,2025-11-16,Free,B
